_id,School Name,School Number,OSSD Credits Offered,Principal Name,Suite,PO Box,Street Address,City,Province,Postal Code,Telephone Number,Fax,Region,School Email Address,School Website,School Level,School Special Conditions Type,Program Type,Association Membership
1,3sixty Education,882408,Offers credits toward the Ontario Secondary School Diploma (OSSD),Sangeeta Kumar,101,,141 Brunel Road,Mississauaga,Ontario,L4Z1X3,647-494-4340,647-494-4341,Central Region,sangeetakumar@3sixtyeducation.ca,www.3sixtyeducation.ca,Secondary,All Year Round,Online/Site Based,No Association Membership
2,A R S Armenian Private School,880655,Offers credits toward the Ontario Secondary School Diploma (OSSD),Raffi Sarkissian,,,50 Hallcrown Place,Toronto,Ontario,M2J1P7,416-491-2675,416-491-8559,Central Region,office@arsdayschool.ca,www.arsarmenianschool.ca,Elem/Sec,Not applicable,Site based only,No Association Membership
3,A+ Academy of Advancement,885186,Offers credits toward the Ontario Secondary School Diploma (OSSD),Bushra Shahrin,205,,69 Lebovic Ave,Scarborough,Ontario,M1L0H2,416-857-1654,416-907-3300,East Region,info@aplusacademy.ca,www.aplusacademy.ca,Elem/Sec,All Year Round,Online/Site Based,No Association Membership
4,ABC Montessori Private School,877417,,Raj Vekaria,,,305 Matheson Boulevard East,Mississauga,Ontario,L4Z1X8,905-568-8989,905-568-0958,Central Region,contactus@abcmontessori.com,http://www.abcmontessori.com,Elementary,Not applicable,Site based only,No Association Membership
5,ADRABA,885298,Offers credits toward the Ontario Secondary School Diploma (OSSD),Dan Aviv,,,750 Spadina Ave,Toronto,Ontario,M5S2J2,437-777-2372,,Toronto Region,info@adraba.ca,www.adraba.ca,Secondary,Not applicable,Online/Site Based,No Association Membership
6,AIM KW School,886708,,Chantelle Aguilar,,,145 Lincoln Road,Waterloo,Ontario,N2J2N8,519-208-7300,519-208-7301,West Region,office@aimkwschool.com,www.aimkwschool.com,Elementary,Not applicable,Site based only,No Association Membership
7,AIM Montessori Academy,668974,,Keturah White,,,3515 King st.,Inglewood,Ontario,L7C0T6,905-716-7627,,Central Region,misswhiteataim@gmail.com,,Elementary,Not applicable,Site based only,Canadian Council of Montessori Administrators (CCMA)
8,AIM Montessori Academy Inc.,886226,,Keturah White,,,3515 King St.,Inglewood,Ontario,L7C0T6,905-716-7627,,Central Region,misswhiteataim@gmail.com,,Elementary,Not applicable,Site based only,Canadian Council of Montessori Administrators (CCMA)
9,AIM Without Limits (AWL),669075,,Suki Choi,13,,121 Granton Dr.,Richmond Hill,Ontario,L4B3N4,905-604-8226,,Central Region,info@autisminmind.org,www.autisminmind.org,Elementary,Not applicable,Site based only,No Association Membership
10,AIMS PLUS High School,886199,Offers credits toward the Ontario Secondary School Diploma (OSSD),Renubala Sharma,114,,284 Queen Street East,Brampton,Ontario,L6V1C2,905-497-2114,,Central Region,Info@aimsplus.ca,www.aimsplus.ca,Elem/Sec,All Year Round,Online/Site Based,No Association Membership
11,AIS Elementary School (Aurora Internatio,668692,,Dianna Jiang,D,,250 Ferrier Street,Markham,Ontario,L3R2Z5,416-878-1396,,Central Region,diannaj@CanadaAIS.ca,,Elementary,Not applicable,Site based only,No Association Membership
12,AIS School,669799,,Dianna Jiang,101,,3190 Steeles Avenue,Markham,Ontario,L3R1G9,905-868-9559,905-868-9559,Central Region,info@canadaais.ca,www.canadaais.ca,Elem/Sec,Not applicable,Online/Site Based,No Association Membership
13,AL-Manarat Islamic School,666320,Offers credits toward the Ontario Secondary School Diploma (OSSD),Junaid Ali,121,,2550 Argentia Road,Mississauga,Ontario,L5N5R1,905-997-0260,,Central Region,info@almanaratheights.com,www.almanaratheights.com,Elem/Sec,Not applicable,Online/Site Based,No Association Membership
14,ALDERWOOD ACADEMY,889552,,Izabela Podgajna,,,999 LAKESHORE RD EAST,MISSISSAUGA,Ontario,L5E1E5,647-855-5999,,West Region,izabelapodgajna@gmail.com,,Elementary,Not applicable,Site based only,No Association Membership
15,ALIF Canada,882622,Offers credits toward the Ontario Secondary School Diploma (OSSD),Aejaz Patel,4,,505 Ellesmere Road,Toronto,Ontario,M1R4E5,416-438-4141,416-439-6181,East Region,info@alifedu.ca,www.alifedu.ca,Elem/Sec,Not applicable,Online/Site Based,No Association Membership
16,AM International Private Schools and Childcare,883234,Applied to offer credits toward the Ontario secondary School Diploma (OSSD),Sehrish Memon,,,450 Huntington Ridge Dr,Mississauga,Ontario,L5R0A9,647-786-8809,,Central Region,sehrishm@amschoolcanada.org,www.amschoolcanada.org,Elem/Sec,Not applicable,Online Only,No Association Membership
17,ARC Studio School,888147,,Megan Lelli,,,24 Sandridge Rd,Ottawa,Ontario,K1K0A8,,,East Region,info@arcstudioschool.ca,www.arcstudioschool.ca,Elem/Sec,Not applicable,Site based only,No Association Membership
18,ASIM'SCHOOL,881644,Applied to offer credits toward the Ontario secondary School Diploma (OSSD),Sima Shahid,4A,,421 Nugget Avenue,Toronto,Ontario,M1S4L8,647-693-9313,,Central Region,info@asimschool.ca,www.asimschool.ca,Secondary,All Year Round,Online Only,No Association Membership
19,ASK Online Canada,668910,Offers credits toward the Ontario Secondary School Diploma (OSSD),Sheileen Krone,,,42 Birchard Boulevard,Mt. Albert,Ontario,L0G1M0,416-735-5547,,Central Region,sheileen2007@hotmail.com,www.askonlinecanada.ca,Secondary,All Year Round,Online Only,No Association Membership
20,AVRO Academy,667321,Offers credits toward the Ontario Secondary School Diploma (OSSD),Efrat Shapir,,,1640A Avenue Road,Toronto,Ontario,M5M3X9,647-352-6060,,Toronto Region,learn@avroacademy.com,www.avroacademy.com,Secondary,All Year Round,Site based only,No Association Membership
21,Abacus Montessori & Private School,669111,,Jayanthi Rajagopalan,,,2723 ST. CLAIR EAST AVE.,EAST YORK,Ontario,M4B1M8,416-285-0110,416-494-4650,Toronto Region,info@abacusmontessori.ca,www.abacusmontessori.ca,Elementary,Not applicable,Site based only,No Association Membership
22,"Abelard Centre for Education, The",877808,Offers credits toward the Ontario Secondary School Diploma (OSSD),Mark Young,4th floor,,557 Church Street,Toronto,Ontario,M4Y2E2,416-944-0661,416-944-8902,Toronto Region,info@abelardschool.org,http://www.abelardschool.org/,Elem/Sec,Not applicable,Site based only,No Association Membership
23,Above and Beyond Learning Experience Inc,665161,Offers credits toward the Ontario Secondary School Diploma (OSSD),Michelle White,Lower level,,7810 ON 89,Alliston,Ontario,L9R1V5,905-796-2253,844-320-4838,Central Region,able_info@ablearning.org,www.ablearning.org,Elem/Sec,Not applicable,Site based only,No Association Membership
24,Abraar,878987,Offers credits toward the Ontario Secondary School Diploma (OSSD),Ahmed Alroz,,,1085 Grenon Ave,Ottawa,Ontario,K2B8L7,613-820-0044,613-820-1495,East Region,aalroz@abraarschool.com,http://www.abraarschool.com,Elem/Sec,All Year Round,Site based only,No Association Membership
25,Abraar School - Elementary,889470,,Mohammed Saleem,,,70 Fieldrow Street,Ottawa,Ontario,K2G2Y7,613-226-1396,613-226-2745,East Region,eprincipal@abraarschool.com,www.abraarschool.com,Elementary,Not applicable,Site based only,Muslim Association of Canada
26,Abu Huraira Center Academy,886295,,Deqa Farah,,,270 Yorkland Boulevard,Toronto,Ontario,M2J5C9,647-509-2422,,Central Region,principal@abuhuraira.org,http://ahcacademy.com/,Elementary,Not applicable,Site based only,No Association Membership
27,Acacia International High School,668358,Offers credits toward the Ontario Secondary School Diploma (OSSD),Ana Mohamed,103,,235 Dixon Road,Etobicoke,Ontario,M9P2M5,416-712-8864,,Central Region,anodsmohamed@gmail.com,www.acischool.ca,Secondary,All Year Round,Site based only,No Association Membership
28,Academia Stella Maris,884149,Offers credits toward the Ontario Secondary School Diploma (OSSD),Stephanie Montojo,,,45 des Benevoles Street,Limoges,Ontario,K0A2M0,343-883-6600,,East Region,info@academiastellamaris.ca,www.academiastellamaris.ca,Elem/Sec,Not applicable,Site based only,No Association Membership
29,Academy Of Rainbows,667046,,Malaika Adams,,,32 Hasanville Lane,Barrys Bay,Ontario,K0J1B0,416-559-5044,,East Region,ambermiller1324@gmail.com,,Elementary,Not applicable,Site based only,No Association Membership
30,"Academy for Gifted Children, The (PACE)",876330,,Janice Gruchy,,,12 Bond Cres,Richmond Hill,Ontario,L4E3K2,905-773-0997,905-773-4722,Central Region,jgruchy@pace.ca,http://www.pace.ca,Elementary,Not applicable,Site based only,No Association Membership
31,Academy of CISAF,883572,,Steven Hua,,,2 Duncan Mill Rd,North York,Ontario,M3B1Z4,416-828-9078,,Toronto Region,steven@eaglemountainhighschool.com,,Secondary,Not applicable,nan,
32,Academy of Enlightened Minds,883776,,Adrian Kremblewski,3rd Floor,,345 Sorauren Ave,Toronto,Ontario,M6R2G5,416-531-6463,,Toronto Region,info@academyofenlightenedminds.com,,Elementary,Not applicable,Site based only,No Association Membership
33,Academy of Excellence,883027,Offers credits toward the Ontario Secondary School Diploma (OSSD),Giti Fatemi,,,128 Willowdale Ave,Toronto,Ontario,M2N4Y2,416-733-9813,416-733-9813,Central Region,academyofexcellence1@yahoo.ca,academyofexcellence.ca,Secondary,All Year Round,Site based only,No Association Membership
34,Academy of Math and English,668977,Offers credits toward the Ontario Secondary School Diploma (OSSD),Jeff McNair,103,,5101 Dundas Street West St,ETOBICOKE,Ontario,M9A5G8,416-242-9410,647-342-4034,Central Region,info@mathandenglish.com,www.mathandenglish.com,Secondary,Not applicable,Site based only,No Association Membership
35,Academy of New Echo Education,668797,,Di Chang,,,2716 Victoria Park Avenue,North York,Ontario,M2J4A7,647-346-3091,,East Region,info@aedcedu.com,www.newechoedu.com,Elementary,Not applicable,Online/Site Based,No Association Membership
36,Academy of Scholars Inc.,668083,,Zannatul Hasib Moiet,488,,1 Greystone Walk Dr.,Scarborough,Ontario,M1K5J3,647-997-6108,,East Region,masum3.mustafa@gmail.com,https://academyofsinc.ca/,Secondary,Not applicable,Online Only,No Association Membership
37,Académie Providence Soeurs Antonines,666548,,Félicité Daou,,,998 Frances rue,Ottawa,Ontario,K1K3L5,613-744-8489,613-744-6762,East Region,admin@academieprovidence.ca,www.academieprovidence.ca,Elementary,Not applicable,Site based only,Other
38,Académie Ste Cécile International,876275,Offers credits toward the Ontario Secondary School Diploma (OSSD),Samantha Morin,,,925 Cousineau Rd,Windsor,Ontario,N9G1V8,519-969-1291,519-969-7953,West Region,info@stececile.ca,http://www.academiestececile.ca,Elem/Sec,Not applicable,Online/Site Based,Ontario Federation of Independent Schools
39,Académie de la Capitale,878731,Offers credits toward the Ontario Secondary School Diploma (OSSD),Lucie Lalonde,,,3448 Richmond Road,Ottawa,Ontario,K2H8H7,613-721-3872,613-721-8189,East Region,info@acadecap.org,http://www.acadecap.org,Elem/Sec,Not applicable,Site based only,Other
40,Ace Acumen Heights,884091,Offers credits toward the Ontario Secondary School Diploma (OSSD),Yifan Li,101,,1440 Don Mills Road,Toronto,Ontario,M3B3M1,416-756-7227,,Central Region,francisco.guevara@canadaacumen.ca,www.aahs.ca,Secondary,All Year Round,Online/Site Based,Independent and Private School Forum
41,Ace Acumen Heights - Peel Campus,668878,Offers credits toward the Ontario Secondary School Diploma (OSSD),John Jun Wu,,,21 Coventry Road,Brampton,Ontario,L6T4V7,416-756-7227,,Central Region,francisco.guevara@canadaacumen.ca,www.aahs.ca,Elem/Sec,All Year Round,Online/Site Based,Independent and Private School Forum
42,Acheron College (Beaver Creek/Fenbrook),884408,Offers credits toward the Ontario Secondary School Diploma (OSSD),Michael Gallagher,,1240,2000 Beaver Creek Drive,Gravenhurst,Ontario,P1P1W9,705-687-1736,705-687-1841,Central Region,richard.johnson@csc-scc.gc.ca,,Secondary,Not applicable,Site based only,No Association Membership
43,Acheron College (Collins Bay),880977,Offers credits toward the Ontario Secondary School Diploma (OSSD),Rod LeBlanc,,190,1455 Bath Road,Kingston,Ontario,K7L4V9,613-536-6295,613-536-4023,East Region,Rod.leblanc@csc-scc.gc.ca,,Secondary,All Year Round,Site based only,No Association Membership
44,Acheron College (Grand Valley),669520,Offers credits toward the Ontario Secondary School Diploma (OSSD),Peter Stuart,,,1575 Homer Watson Blvd.,Kitchener,Ontario,N2P2C5,519-895-8277,519-895-8230,West Region,peter.stuart@csc-scc.gc.ca,,Secondary,All Year Round,Site based only,No Association Membership
45,Acheron College (Joyceville/Pittsburgh),881692,Offers credits toward the Ontario Secondary School Diploma (OSSD),Kevin MacInnis,,,3766 HWY 15 Joyceville,Kingston,Ontario,K0H1Y0,613-536-6598,613-536-6694,East Region,,,Secondary,All Year Round,Site based only,No Association Membership
46,Acheron College (Millhaven/Bath),667407,Offers credits toward the Ontario Secondary School Diploma (OSSD),Kevin MacInnis,,,5775 Bath Road,Bath,Ontario,K0H1G0,613-351-8175,613-351-8374,East Region,,,Secondary,All Year Round,Site based only,No Association Membership
47,Acheron College (Warkworth),881407,Offers credits toward the Ontario Secondary School Diploma (OSSD),Paul Bramley,,,15847 County Road 29,Warkworth,Ontario,K0K3K0,705-924-8069,705-924-8292,East Region,gen-ont-wi-school@csc-scc.gc.ca,,Secondary,All Year Round,Site based only,No Association Membership
48,Across and Vertical Academy,665799,Offers credits toward the Ontario Secondary School Diploma (OSSD),Gordon Ng,1216,,10 Rouge Valley Dr W,Markham,Ontario,L6G0G9,647-551-3654,,Central Region,gordon@acrossandvertical.com,,Secondary,All Year Round,Online Only,No Association Membership
49,Acton Academy Lanark,884888,,Ipshita Rafique,,,152 Church Street,Smiths Falls,Ontario,K7A4S7,613-255-3557,,East Region,ipshi@actonacademylanark.ca,www.actonacademylanark.ca,Elementary,Not applicable,Site based only,Other
50,Acton Academy Mississauga,665734,,Sabrina Anzini,,,295 Queen Street South,Streetsville,Ontario,L5M1L9,647-522-1064,,Central Region,Hello@actonacademymississauga.org,https://www.actonacademymississauga.org/,Elementary,Not applicable,Site based only,No Association Membership
51,Acton Academy Sault Ste Marie,886411,,Nigel Roedde,,,753 McNabb St,Sault Ste Marie,Ontario,P6B0A3,289-400-6496,,North Region,info@actonsaultstemarie.com,www.actonsaultstemarie.com,Elementary,Not applicable,Site based only,No Association Membership
52,Actua Academy,669779,Offers credits toward the Ontario Secondary School Diploma (OSSD),Janelle Fournier,,,111 Murray Street,Ottawa,Ontario,K1N5M5,613-234-4137,,East Region,principal@actua.ca,actua.ca,Secondary,Summer,Online/Site Based,No Association Membership
53,Addae Cares Private Academy,884602,,Shantel Gray,,,7 Queen Street West,Elmvale,Ontario,L0L1P0,647-533-5143,,Central Region,corporate@addaecares.com,www.addaecares.com,Elementary,Not applicable,Online/Site Based,No Association Membership
54,Adelfiha's Christian Academy,877514,,Joanna Baxter,,,4340 Dufferin St,Toronto,Ontario,M3H5R9,416-633-5440,416-630-2547,Central Region,jannalyn.baxter@gmail.com,www.adelfiha.ca,Elementary,Not applicable,Online/Site Based,Other
55,Adults in Motion Private School,663832,Offers credits toward the Ontario Secondary School Diploma (OSSD),Kim Jeffries,,,48 Syrette Lake Rd,Garden River,Ontario,P6A5K9,705-946-3933,705-946-0410,North Region,adultsinmotion@gardenriver.ca,,Secondary,First Nation,Online/Site Based,Independent and Private School Forum
56,Advanced Christian Academy,877395,,David Loganathan,,,1100 Bellamy Rd N,Toronto,Ontario,M1H1H2,416-439-7008,,East Region,threefishes7@gmail.com,www.threefishes.org,Elementary,Not applicable,Site based only,No Association Membership
57,Adventist Christian Elementary School,665717,,Kimberley Chute,,,805 SHELBORNE ST,London,Ontario,N5Z5C6,519-601-2277,519-453-9419,West Region,PRINCIPAL@ACESLONDON.CA,www.aceslondon.ca,Elementary,Not applicable,Online/Site Based,Ontario Conference of the Seventh Day Adventist Church
58,Afzal Islamic Montessori & Academy,667455,,Mohammed Ansari,,,188 Shorting Road,Scarborough,Ontario,M1S3S7,416-286-0110,,East Region,afzalacademy@gmail.com,www.afzalacademy.ca,Elementary,Not applicable,Site based only,No Association Membership
59,Agate Private School,875546,,Gayle Hanlon,,,43 Chaplin Ave,St. Catharines,Ontario,L2R2E4,289-968-9781,,West Region,info@learnfree.ca,www.learnfree.ca,Elem/Sec,Not applicable,Online/Site Based,No Association Membership
60,Agile Preparatory Academy,883112,Offers credits toward the Ontario Secondary School Diploma (OSSD),Yue Dong,107,,52 Church Street,Toronto,Ontario,M5C2B5,416-936-8787,,Central Region,info@agileprep.ca,www.agileprep.ca,Secondary,All Year Round,Online Only,No Association Membership
61,Agincourt International Academy,883230,Offers credits toward the Ontario Secondary School Diploma (OSSD),Samy Appadurai,229,,"80 Nashdene Ave, Building F",Scarborough,Ontario,M1V5E4,416-701-1763,416-701-9542,East Region,guidance@aia.school,aia.school,Elem/Sec,All Year Round,Online/Site Based,No Association Membership
62,Agincourt Montessori School Inc,878456,,Kiera Thompson,,,2575 Midland Ave,Toronto,Ontario,M1S1R3,416-291-0726,,East Region,agincourtmontessori@gmail.com,www.agincourtmontessori.com,Elementary,Not applicable,Site based only,Canadian Council of Montessori Administrators (CCMA)
63,Aglace Chapman Education Centre,663689,Offers credits toward the Ontario Secondary School Diploma (OSSD),"Helen Garvin, Jason Robinson",,168,,Big Trout Lake,Ontario,P0V1G0,807-537-2264,807-537-1067,North Region,,,Elem/Sec,First Nation,Site based only,No Association Membership
64,Agora Prep Academy,665293,,Sylvia Martignani,103,,126 Wellington St. W,Aurora,Ontario,L4G2N9,888-524-6725,,Central Region,info@agoraprep.com,www.agoraprep.com,Elementary,Not applicable,Site based only,No Association Membership
65,Ahlul Bayt Islamic School,665991,Offers credits toward the Ontario Secondary School Diploma (OSSD),Zeinab Hachem,,,3025 Albion Rd North RD,Ottawa,Ontario,K1V9V9,613-526-0774,613-526-1941,East Region,info@abischool.com,www.abischool.com,Elem/Sec,Not applicable,Site based only,No Association Membership
66,Ahmadiyya Elementary School,883477,,Reema Malik,,,1194 Matheson Blvd East,Mississauga,Ontario,L4W1R2,416-477-2226,905-832-3220,Central Region,admin@ahmadiyyaschool.ca,,Elementary,Not applicable,Site based only,No Association Membership
67,Ahmadiyya Muslim Elementary School (AMES) Barrie,669605,,Muhammad Sethi,4073,,4th Line,Cookstown,Ontario,L0L1L0,647-784-4960,,Central Region,admin_amesb@ahmadiyyaschool.ca,https://barrie.ahmadiyyaschool.ca/,Elementary,Not applicable,Site based only,No Association Membership
68,Aishah Siddiqah Academy,665328,,Jeenat Ara,,,1480 Janette Ave,Windsor,Ontario,N8X1Z4,437-781-5771,,West Region,asacademy@iaw-ca.com,http://iaw-ca.com/education/for-sisters/asa-academic-school/,Elementary,Not applicable,Site based only,No Association Membership
69,Al Azhar Islamic School,877760,,Yussria Rahman,5,,100 McLevin Ave,Scarborough,Ontario,M1B5K1,416-321-9636,416-321-2426,East Region,alazharins@gmail.com,,Elementary,Not applicable,Site based only,No Association Membership
70,Al Furqan School,881297,,Heba Rushdan,,,2825 DuMaurier Avenue,Ottawa,Ontario,K2B7W3,613-680-7261,613-820-1495,East Region,admin.ft@alfurqan.ca,www.alfurqan.ca,Elementary,Not applicable,Site based only,Muslim Association of Canada
71,Al Haadi (9828770 Canada Institute),883124,,Sayyid Ali Imran,16,,690 Progress Avenue,Scarborough,Ontario,M1H3A6,416-628-6252,,East Region,info@alhaadi.ca,www.alhaadi.ca,Elementary,Not applicable,Site based only,No Association Membership
72,Al Haadi Academy,666537,,Majida Saab,,,120 Bermondsey Rd,Toronto,Ontario,M4A1X5,416-562-4950,,Toronto Region,majidashouaib@gmail.com,alhaadiacademy.ca,Elementary,Not applicable,Site based only,No Association Membership
73,Al Huda Elementary School,669831,Offers credits toward the Ontario Secondary School Diploma (OSSD),Imran Haq,,,"1135 Central Parkway, West",Mississauga,Ontario,L5C3J2,905-270-2437,,Central Region,info@alhudaelementary.ca,alhudaelementary.ca,Elem/Sec,Not applicable,Site based only,No Association Membership
74,Al Khayr Academy,667635,,Fayaz Ahmed,,,270 Windsor St,Thunder Bay,Ontario,P7B1V6,866-298-2672,,Toronto Region,alkhayracademy@tbmsb.ca,www.tbmsb.ca,Elementary,Not applicable,Site based only,No Association Membership
75,Al Salam Islamic School,885404,,Soheila Sharifi,,,160 Salvation Rd,Brampton,Ontario,L7A0W7,416-894-3037,,Central Region,masjidalsalamschool@gmail.com,,Elementary,Not applicable,Site based only,No Association Membership
76,Al-Ameen Elementary School,884792,,Mohammed Ilyas,201,,389 Main Street North,Brampton,Ontario,L6X3P1,905-866-6555,905-866-6550,Central Region,ilyas@al-ameenschool.com,www.al-ameenschool.com,Elementary,Not applicable,Site based only,No Association Membership
77,Al-Azhar Academy of Canada,887920,,Al-Saeed Mohammad,,,2074 Kipling Ave,Etobicoke,Ontario,M9W4J4,416-741-3420,416-741-5143,Central Region,academy.azhar@gmail.com,www.alazhar.ca,Elementary,Not applicable,Site based only,No Association Membership
78,Al-Falah Islamic,878472,,Wajiha Jamali,,,391 Burnhamthorpe Rd E,Oakville,Ontario,L6H7B4,905-257-5782,,Central Region,office@al-falah.org,www.alfalahschool.ca,Elementary,Not applicable,Site based only,Islamic Circle of North America – Canada
79,Al-Hidayah Academy,667583,,Shua Amari,,,65 Rexdale Blvd,Toronto,Ontario,M9W1P1,416-745-3871,416-745-6722,Central Region,amaari55@hotmail.com,www.alhidayah.ca,Elem/Sec,Not applicable,Site based only,No Association Membership
80,Al-Hijra,878090,,Waheeda Khan,,,5100 Howard Ave,Old Castle,Ontario,N9H0M3,519-966-8276,519-966-0846,West Region,principal@alhijraacademy.com,www.alhijraacademy.com,Elementary,Not applicable,Site based only,No Association Membership
81,Al-Ikhlaas Foundation School,886011,Offers credits toward the Ontario Secondary School Diploma (OSSD),Asha Mohamed,,,2050 KIPLING AVE,Etobicoke,Ontario,M9W4J9,647-829-9631,,Central Region,alikhlaasfoundationschool@hotmail.com,,Elem/Sec,All Year Round,Online/Site Based,No Association Membership
82,Al-Iman School,876585,,Syyed Ali,,,12 Beech Street,Brampton,Ontario,L6V1V1,905-799-9231,,Central Region,islamicprivate1@gmail.com,www.alimanschool.ca,Elementary,Not applicable,Site based only,Ontario Association of Islamic Schools (OAIS)
83,Al-Madrasah Al-Inamiyyah Private School,876003,Offers credits toward the Ontario Secondary School Diploma (OSSD),Abdul Khan,,,3665 Lawrence Avenue East,Scarborough,Ontario,M1G1P7,416-298-4008,905-686-4428,East Region,mariyahschool@yahoo.com,,Secondary,Not applicable,Site based only,No Association Membership
84,Al-Mahdi Learning Institute,669809,,Zeinab Saleh,,,8333 Willoughby Drive,Niagara Falls,Ontario,L2G6X4,905-325-1400,,West Region,info@almahdilearninginstitute.ca,info@almahdilearninginstitute.ca,Elementary,Not applicable,Site based only,No Association Membership
85,Al-Qasim Academy,667350,,Abrar Ahmed Koya,208,,3482 Lawrence Ave East,Scarborough,Ontario,M1H3E5,416-431-2589,416-431-0904,East Region,jquloomcomp@gmail.com,jquloom.ca,Elementary,Not applicable,Online/Site Based,No Association Membership
86,Al-Risala Academy,665670,Offers credits toward the Ontario Secondary School Diploma (OSSD),NADIM ALWAN,15,,1224 Dundas Street E,MISSISSAUGA,Ontario,L4Y4A2,905-232-8436,905-248-1155,Central Region,info@alrisalaacademy.com,http://www.alrisalaacademy.com,Elem/Sec,Not applicable,Online/Site Based,No Association Membership
87,Al-Sadeq Academy,669858,,Nadia Jomaa-Khachab,,,1485 Janette Avenue,Windsor,Ontario,N8X1Z2,519-256-7171,,West Region,alsadeqacademy@gmail.com,www.alsadeqacademy.com,Elementary,Not applicable,Site based only,No Association Membership
88,Al-Taqwa Academy,665037,Offers credits toward the Ontario Secondary School Diploma (OSSD),Sally Kaloti,,,1837 Churchill Ave.,London,Ontario,N5W2L3,519-951-1414,519-601-5566,West Region,ischool@altaqwa.org,www.altaqwa.org,Elem/Sec,Not applicable,Site based only,No Association Membership
89,Alathena International Academy,669761,Offers credits toward the Ontario Secondary School Diploma (OSSD),Simon Huynh,118,,1446 Don Mills Road,Toronto,Ontario,M3B3N3,416-756-3338,416-756-3328,East Region,smnhuynh@gmail.com,www.alathena.com,Secondary,All Year Round,Online/Site Based,No Association Membership
90,Alathena International Academy - North Y,881704,Offers credits toward the Ontario Secondary School Diploma (OSSD),Simon Huynh,110,,1446 Don Mills Road,Toronto,Ontario,M3B3N3,416-390-9666,416-390-9666,East Region,info@alathenaschool.com,www.alathenaschool.com,Secondary,All Year Round,Online/Site Based,No Association Membership
91,Alathena International Elementary School,883648,Offers credits toward the Ontario Secondary School Diploma (OSSD),Simon Huynh,112,,1446 Don Mills Road,Toronto,Ontario,M3B3N3,416-385-8886,,East Region,info@alathenaschool.com,www.alathenaschool.com,Elem/Sec,All Year Round,Online/Site Based,No Association Membership
92,Albert College,885126,Offers credits toward the Ontario Secondary School Diploma (OSSD),Mark Musca,,,160 Dundas St W,Belleville,Ontario,K8P1A6,613-968-5726,613-968-9651,East Region,info@albertcollege.ca,www.albertcollege.ca,Elem/Sec,Not applicable,Site based only,Conference of Independent Schools of Ontario
93,Alborz Education Centre,666998,Offers credits toward the Ontario Secondary School Diploma (OSSD),Zahra Hemmati,2,,20 Tangreen Crt.,Toronto,Ontario,M2M3Y9,416-221-1443,647-342-0375,Central Region,info@alborzschool.com,www.alborzschool.com,Elem/Sec,Not applicable,Online/Site Based,No Association Membership
94,Alfajrul Bassem Academy,669480,Offers credits toward the Ontario Secondary School Diploma (OSSD),Dania Wattar,100,,700 Kerr St,Oakville,Ontario,L6K3W5,905-514-9995,905-296-5685,Central Region,info@alfajrulbassem.com,alfajrulbassem.com,Elem/Sec,Not applicable,Online/Site Based,No Association Membership
95,Algonquin Academy,886341,Offers credits toward the Ontario Secondary School Diploma (OSSD),Yasir Nasir,2110,,115 Hillcrest ave,Mississauga,Ontario,L5B3Y9,647-409-8972,,Central Region,yasirnasir5@hotmail.com,algonquinonline.ca,Secondary,All Year Round,Online Only,No Association Membership
96,Alhidayah School,665793,,Lina Alshelh,2nd flr,,2250 Sheppard Ave W,North York,Ontario,M9M1L7,647-554-3215,,Toronto Region,info@alhidayah.ca,,Elementary,Not applicable,Site based only,No Association Membership
97,Alive Montessori & Private School,883467,,Julia Simon,,,2 Wembley Road,Toronto,Ontario,M6C2E9,647-990-7323,,Toronto Region,aliveprivateschool@gmail.com,aliveprivateschool.ca,Elementary,Not applicable,Site based only,Ontario Federation of Independent Schools
98,Alliston Community Christian School,881724,,David Geertsema,,,4428 Adjala-Tecumseth Townline,Alliston,Ontario,L9R1V4,705-434-2227,705-435-0126,Central Region,info@allistonccs.com,www.allistonccs.com,Elementary,Not applicable,Site based only,EDVance
99,Alpha Quality Education Inc,882302,Offers credits toward the Ontario Secondary School Diploma (OSSD),Marta kouchaki,200/210,,6120 A Yonge St,North York,Ontario,M2M3W7,416-661-4446,866-724-9709,Central Region,info@alphahighschools.com,www.alphahighschools.com,Secondary,All Year Round,Online/Site Based,No Association Membership
100,Alpha Star High School,668857,Offers credits toward the Ontario Secondary School Diploma (OSSD),Azin Seyedghandi,203,,10670 Yonge Street,Richmond Hill,Ontario,L4C3C9,905-237-8177,905-237-0518,Central Region,azin.ghandi@alphahighschools.com,www.alphahighschools.com,Secondary,All Year Round,Online/Site Based,No Association Membership
101,Amairah Private School (APS),882017,Offers credits toward the Ontario Secondary School Diploma (OSSD),AMAN SINGLA,"B6, 7, 8",,1625 Albion Road,Etobicoke,Ontario,M9V5H8,866-262-4724,416-907-1699,Central Region,info@apseducation.com,www.apseducation.com,Secondary,All Year Round,Online/Site Based,No Association Membership
102,Amanah Academy North America Foundation,882652,Offers credits toward the Ontario Secondary School Diploma (OSSD),Wali Kazi,,,4140 Finch Ave E,Scarborough,Ontario,M1S3T9,416-750-3939,,East Region,admin@amanahacademy.com,www.amanahacademy.ca,Elem/Sec,Not applicable,Site based only,No Association Membership
103,Amani Private School,884996,,Fareen Khimji,,,36 Broadlands Blvd.,North York,Ontario,M3A1J3,,,Toronto Region,admin@amanischool.ca,www.amanischool.ca,Elementary,Not applicable,Site based only,No Association Membership
104,Ambassadors Christian School,669258,,Caroline Vangrootheest,,,2031 Stittsville Main St,Stittsville,Ontario,K2S1B8,343-887-9449,,East Region,admin@ambassadorschristianschool.ca,www.ambassadorschristianschool.ca,Elementary,Not applicable,Site based only,League of Canadian Reformed School Societies
105,Amberson College High School,667063,Offers credits toward the Ontario Secondary School Diploma (OSSD),Dirk Xu,202,,7100 Birchmount Road,Markham,Ontario,L3R4H2,416-495-0888,416-495-0809,East Region,dirk@ambersoncollege.ca,www.ambersoncollege.ca,Secondary,All Year Round,Online/Site Based,No Association Membership
106,Amberson High School,884298,Offers credits toward the Ontario Secondary School Diploma (OSSD),Desiree Dong,,,7100 Birchmount Road,Markham,Ontario,L3R4H2,905-889-0688,,Central Region,info@ambersoncollege.ca,www.ambersoncollege.ca,Secondary,All Year Round,Online/Site Based,No Association Membership
107,Amberwood Academy,882140,Offers credits toward the Ontario Secondary School Diploma (OSSD),Sophia Li,201,,201 Consumers Rd,North York,Ontario,M2J4G8,416-306-2066,,Toronto Region,info@amberwoodcollege.com,amberwoodcollege.com,Elem/Sec,Not applicable,Online/Site Based,No Association Membership
108,American Islamic High School,885709,Offers credits toward the Ontario Secondary School Diploma (OSSD),Ahmed Geddy,200,,2020 Winston Park Drive,Oakville,Ontario,L6H6X7,289-207-5733,,Central Region,admin@canadianislamicschool.com,,Secondary,Not applicable,Online Only,No Association Membership
109,American Islamic School,667049,,Ahmed Geddy,200,,2010 Winston Park Drive,Oakville,Ontario,L6H5R7,647-724-8064,,Central Region,admin@americanislamic.school,www.americanislamic.school,Elem/Sec,Not applicable,Online Only,No Association Membership
110,Amish Parochial School #1,887447,,Wendy Kuepfer,,,2740 Chalmers-Forrest Road 1,Millbank,Ontario,N0K1L0,,,West Region,,,Elementary,Not applicable,Site based only,No Association Membership
111,Amish Parochial School #2,887846,,Leona Kuepfer,,,4036 Line 76 1,Newton,Ontario,N0K1R0,,,West Region,,,Elementary,Not applicable,Site based only,No Association Membership
112,Amish Parochial School #3,887854,,Katrina Albrecht,,,4286 Line 67 1,Milverton,Ontario,N0K1M0,,,West Region,,,Elementary,Not applicable,Site based only,No Association Membership
113,Amish Parochial School #4,887706,,Janessa Wagler,,,4852 Line 72 2,Milverton,Ontario,N0K1M0,519-597-2789,,West Region,,,Elementary,Not applicable,Site based only,No Association Membership
114,Amish Parochial School #5,889687,,Rosanna Kuepfer,,,6327 Road 116 1,Milverton,Ontario,N0K1M0,,,West Region,,,Elementary,Not applicable,Site based only,No Association Membership
115,Amish Parochial School #6,882631,,Christina Ebersol,,,5124 B Line 62 2,Milverton,Ontario,N0K1M0,,,West Region,,,Elementary,Not applicable,Site based only,No Association Membership
116,Amish Parochial School #7,876364,,Sarah Davidson,6943,,129 Perth Road,Newton,Ontario,N0K1R0,,,West Region,,,Elementary,Not applicable,Site based only,No Association Membership
117,Amish Parochial school #8,665285,,Carlene Albrecht,,,7023 Road 136 1,Newton,Ontario,N0K1R0,,,West Region,,,Elementary,Not applicable,Site based only,No Association Membership
118,An-Noor Private School,877115,,Amney Behiry,,,5791 N Townline Ave,Amherstburg,Ontario,N9V2Y9,519-966-4422,519-966-5233,West Region,office@annoorschool.com,,Elementary,Not applicable,Site based only,Other
119,Ancaster Forest and Nature School,669786,,Dustin Hubert,,,437 Wilson Street,Ancaster,Ontario,L9G3E1,905-906-1351,,West Region,dustin@afns.ca,,Elementary,Not applicable,Online/Site Based,No Association Membership
120,Anchor Christian Academy,882968,,Sharmane Horst,,,74 Parkview Drive,Stratford,Ontario,N5A4R6,519-508-5051,,West Region,acastratford@gmail.com,,Elementary,Not applicable,Site based only,No Association Membership
121,Apex Academy,885063,Offers credits toward the Ontario Secondary School Diploma (OSSD),Ian Hughes,220,,410 Adelaide Street West,Toronto,Ontario,M5V1S8,866-428-0666,,Toronto Region,principal@apexacademyonline.com,www.apexacademyonline.com,Secondary,All Year Round,Online Only,No Association Membership
122,Apollo High School,668639,Offers credits toward the Ontario Secondary School Diploma (OSSD),Timothy Kim,200,,80 Sheppard Avenue West,Toronto,Ontario,M2N1M2,416-229-1999,,Central Region,info@apollohighschool.ca,www.apollohighschool.ca,Secondary,Not applicable,Site based only,No Association Membership
123,Appleby College,885924,Offers credits toward the Ontario Secondary School Diploma (OSSD),Innes van Nostrand,,,540 Lakeshore Rd W,Oakville,Ontario,L6K3P1,905-845-4681,905-845-9335,Central Region,tbreukelman@appleby.on.ca,http://www.appleby.on.ca,Elem/Sec,Not applicable,Site based only,Conference of Independent Schools of Ontario
124,Ar Rashaad Academy,888701,,Sazia Atcha,1&2,,18 Automatic road,Brampton,Ontario,L6S5N5,905-595-1137,,Central Region,school@arrashaad.com,www.arrashaad.com,Elementary,Not applicable,Site based only,No Association Membership
125,Ariss Valley Parochial School,884122,,Lucille Brubacher,,,5986 Eighth Line,Ariss,Ontario,N0B1B0,,,West Region,,,Elementary,Not applicable,Site based only,No Association Membership
126,Arkana Education,665719,,Shahin Esmaeiliazad,,,900 York Mills Road,North York,Ontario,M3B3H2,416-222-4461,,Central Region,info@arkanaeducation.ca,www.arkanaeducation.org,Elem/Sec,Not applicable,Online/Site Based,No Association Membership
127,Arkana Education Sudbury,889722,,Shahin Esmaeiliazad,,,"Level 2, 124 Cedar Street",Sudbury,Ontario,P3E3L6,416-897-4461,,North Region,info@arkanaeducation.ca,,Elem/Sec,Not applicable,Online Only,No Association Membership
128,Arrowsmith School,880779,,Shelley Woon,,,245 St Clair Ave W,Toronto,Ontario,M4V1R3,416-963-4962,416-963-5017,Toronto Region,reception@arrowsmithschool.org,http://www.arrowsmithschool.org,Elem/Sec,Not applicable,Online/Site Based,Independent and Private School Forum
129,Arthur Christian School,665378,,Keith Brubacher,,340,161 Eliza Street,Arthur,Ontario,N0G1A0,519-848-2218,519-848-9830,West Region,arthurchristianschool@gmail.com,,Elem/Sec,Not applicable,Site based only,Mennonite school community
130,As-Sadiq Islamic,876798,Offers credits toward the Ontario Secondary School Diploma (OSSD),Mario Boccia,,,9000 Bathurst St,Thornhill,Ontario,L4J8A7,905-695-1588,905-695-1590,Central Region,Tlakha@as-sadiqschool.com,http://www.as-sadiqschool.com,Elem/Sec,Not applicable,Site based only,No Association Membership
131,Ashbury College,886297,Offers credits toward the Ontario Secondary School Diploma (OSSD),Norman Southward,,,362 Mariposa Ave,Ottawa,Ontario,K1M0T3,613-749-5954,613-749-9724,East Region,norman.southward@ashbury.ca,http://www.ashbury.ca,Elem/Sec,All Year Round,Site based only,Conference of Independent Schools of Ontario
132,Ashwood Glen,884822,,Mai Mossad,,,3430 Fairview Street,Burlington,Ontario,L7N2R5,905-320-1272,,West Region,office@ashwoodglen.com,www.ashwoodglen.com,Elementary,Not applicable,Site based only,No Association Membership
133,Ashwood International Collegiate,667900,Offers credits toward the Ontario Secondary School Diploma (OSSD),Rashida Suleman,,,1893 baseline road,ottawa,Ontario,K2C0C7,905-691-7608,,East Region,info@ashwoodinternationalcollegiate.ca,,Secondary,Not applicable,Online/Site Based,No Association Membership
134,Aspiration Academy,881729,,Rachel Lam,201/202 - 301/302,,327 Renfrew Drive,Markham,Ontario,L3R9S8,905-752-0988,,Central Region,rlam@aspirationanddiscoveries.com,www.aspirationanddiscoveries.com,Elementary,Not applicable,Site based only,No Association Membership
135,Aspire Academy,885039,,Jamie GALLANT,,,"2013 Old Carp Road, Carp",Carp,Ontario,K0A1L0,613-858-9129,,East Region,academy@insideaspire.com,www.insideaspireacademy.com,Elementary,Not applicable,Site based only,No Association Membership
136,Associated Hebrew Schools of Toronto,887315,,Lee-Ron Kaye,,,18 Neptune Drive,Toronto,Ontario,M6A1X1,416-787-1872,416-787-6155,Central Region,oshulman@ahschools.com,https://associatedhebrewschools.com/,Elementary,Not applicable,Site based only,Centre for Jewish Education
137,Associated Hebrew Schools of Toronto,889156,Offers credits toward the Ontario Secondary School Diploma (OSSD),Peter Rewega,,,252 Finch Ave W,Toronto,Ontario,M2R1M9,416-494-7666,416-494-3477,Central Region,lkaye@ahschools.com,www.associatedhebrewschools.com,Elem/Sec,Not applicable,Site based only,Centre for Jewish Education
138,Astolot Education Centre,666610,Offers credits toward the Ontario Secondary School Diploma (OSSD),Andrew Stewart,,,2211 Thurston Drive,Ottawa,Ontario,K1G6C9,613-260-5996,,East Region,jennifercowan@astolot.com,http://www.astolot.com/,Elem/Sec,Not applicable,Site based only,No Association Membership
139,Astrum Academy,668383,Offers credits toward the Ontario Secondary School Diploma (OSSD),Vahe Drnoyan,,,10201 Yonge Street,Richmond Hill,Ontario,L4C3B2,416-301-4635,,Central Region,schooladmin@astrum-academy.com,astrum-academy.com,Elem/Sec,All Year Round,Online/Site Based,No Association Membership
140,Asynchronous Academy,665288,Offers credits toward the Ontario Secondary School Diploma (OSSD),Gregory Senyshyn,,,404 St. Albert St.,Kincardine,Ontario,N2Z2V2,613-212-5989,,West Region,contact@asyncacademy.ca,https://asyncacademy.ca,Secondary,All Year Round,Online Only,No Association Membership
141,At Last Forest School - Lindsay,665699,,Laurie Hannon,,,277 Kenrie Rd,Lindsay,Ontario,K9V4R2,519-379-6383,,East Region,alfslindsay@gmail.com,www.atlastforestschools.com,Elementary,Not applicable,Site based only,No Association Membership
142,At Last Forest School - Owen Sound,669486,,Katie Miller,,,72 2nd Avenue East,Owen Sound,Ontario,N4K5T2,519-373-6951,,West Region,osforestschool@gmai.com,www.atlastforestschools.com,Elementary,Not applicable,Site based only,No Association Membership
143,At Last Forest School - Port Elgin,665230,,Christine Brown,,,1593 Bruce Road 33,Saugeen Shores,Ontario,N0H2C0,519-379-6383,,West Region,osforestschool@gmail.com,www.atlastforestschools.com,Elementary,Not applicable,Site based only,No Association Membership
144,At Last Forest School - Stevensville,668915,,Christine Brown,,,2555 Ott Rd,Stevensville,Ontario,L0S1S0,519-379-6383,,West Region,atlastforestschools@gmail.com,www.atlastforestschools.com,Elementary,Not applicable,nan,
145,At Last Forest School Kincardine,667562,,Christine Brown,,,512-550 Bruce Avenue,Ripley,Ontario,N0G2R0,519-379-6383,,West Region,kforestschool@gmail.com,www.atlastforestschools.com,Elementary,Not applicable,Site based only,No Association Membership
146,At Last Forest School- Farm School,667474,,Tracy Fidler,,,241063 Concession 3 Kemble 3,kemble,Ontario,N0H1A0,519-379-6383,,West Region,ffforestschool@gmail.com,www.atlastforestschools.com,Elementary,Not applicable,Site based only,No Association Membership
147,At Last Forest Schools - Galbriath,669748,,Mary-Frances Lambert-Hill,,,7407 Road 140,Newton,Ontario,N4W3G9,519-379-6383,,West Region,galbraithforestschool@gmail.com,www.atlastforestschools.com,Elementary,Not applicable,Site based only,No Association Membership
148,At Last Forest Schools - Huntsville,883525,,Kelly Kay,,,451 Arrowhead Park Rd,Huntsville,Ontario,P1H2J4,519-379-6383,,Central Region,alfshuntsville@gmail.com,www.atlastforestschools.com,Elementary,Not applicable,Site based only,No Association Membership
149,Athens Christian Academy Ltd,668386,,Jennifer Feenstra,,,15 Church Street,Athens,Ontario,K0E1B0,613-924-0002,,East Region,AthensChristianAcademy@hotmail.com,,Elementary,Not applicable,Site based only,No Association Membership
150,Atlas Academy,882166,Offers credits toward the Ontario Secondary School Diploma (OSSD),Ganka Sivapathasundaram,,1594,5710 Stouffville Main Street,Stouffville,Ontario,L4A8A4,416-554-2853,,Central Region,ganka_s@yahoo.com,www.atlasacademy.ca,Secondary,Not applicable,Online/Site Based,No Association Membership
151,Attercliffe Canadian Reformed Elementary,877212,,Clarence Blokhuis,,,85785 Canborough Rd RR 1,Dunnville,Ontario,N1A2W1,905-774-9009,905-774-3318,West Region,office@acreschool.ca,,Elementary,Not applicable,Site based only,League of Canadian Reformed School Societies
152,Aubrey Academy,665140,Offers credits toward the Ontario Secondary School Diploma (OSSD),Jasmine Nazarali,,,82 Serano cres,Richmond Hill,Ontario,L4E0R7,647-963-6030,,Central Region,jasmine_n@live.ca,www.aubreyacademy.ca,Secondary,All Year Round,Online Only,No Association Membership
153,Aurora Montessori School,884995,Applied to offer credits toward the Ontario secondary School Diploma (OSSD),Rosanna Gaudio,,,330 Industrial Parkway N,Aurora,Ontario,L4G4C3,905-841-0065,905-841-2022,Central Region,info@auroramontessori.com,http://www.auroramontessori.com,Elem/Sec,Not applicable,Site based only,Canadian Council of Montessori Administrators (CCMA)
154,Aurora Preparatory Academy,885099,,Rhonda Mills-Vissers,,,81 Industrial Parkway North,Aurora,Ontario,L4G4C4,905-713-1141,,Central Region,cosentino@aurora-prep.com,www.aurora-prep.com,Elementary,Not applicable,Site based only,No Association Membership
155,Autumn Hill Academy,669532,,Jessica Vincelli,,,9050 Dufferin Street,Concord,Ontario,L4K5M4,905-417-9779,,Central Region,office@autumnhillacademy.ca,autumnhillacademy.ca,Elementary,Not applicable,Site based only,No Association Membership
156,Avalon Children's Montessori School,666815,,Sherry VanDerKooi,,,65 Glen Manor Drive,Toronto,Ontario,M4E3V3,416-686-6621,,Toronto Region,office@avalonmontessori.ca,www.avalonmontessori.ca,Elementary,Not applicable,Site based only,Ontario Federation of Independent Schools
157,Averroes Academy,665019,Offers credits toward the Ontario Secondary School Diploma (OSSD),Udai Hassein,,,5751 Volpe Ave.,Mississauga,Ontario,L5V2X5,416-723-8974,,Central Region,uhassein@gmail.com,,Elem/Sec,All Year Round,Online/Site Based,No Association Membership
158,Ayabeh Skills Academy,664047,,Kassandra Churcher,,,312 Laurier East Avenue,Ottawa,Ontario,K1N1H9,613-744-7667,,East Region,info@ayabeh.com,,Elementary,First Nation,nan,
159,Azad Education,668486,,Ashraf Jamali,201,,726 Dundas St.,Woodstock,Ontario,N4S1E7,647-709-4242,,West Region,a.jamali.school@gmail.com,,Elem/Sec,Not applicable,Online/Site Based,No Association Membership
160,Baibombeh Anishinabe School,663581,Offers credits toward the Ontario Secondary School Diploma (OSSD),Tracy Des Roches,,,1001 Baibombeh Road,Pawitik,Ontario,P0X1L0,807-226-5698,807-226-5102,North Region,Jocelyn.phung@baibombeh.ca,,Elem/Sec,First Nation,Site based only,No Association Membership
161,Baig Academy,885730,Offers credits toward the Ontario Secondary School Diploma (OSSD),Javed Faruqui,27,,3460 Platinum Drive,Mississauga,Ontario,L5M2S4,905-581-1933,905-997-8387,Central Region,baigacademy@gmail.com,baigacademy.org,Secondary,All Year Round,Online/Site Based,No Association Membership
162,Bais Chaya Mushka,877662,,Yaakov Vidal,,,4375 Chesswood Drive,Toronto,Ontario,M3J2C2,416-398-9532,416-631-1110,Central Region,,,Elementary,Not applicable,Site based only,No Association Membership
163,Bais Chomesh High School for Girls,878774,Offers credits toward the Ontario Secondary School Diploma (OSSD),Rivka Yarmush,,,3600 Bathurst St,Toronto,Ontario,M6A2C9,416-631-0585,416-631-0244,Toronto Region,Baischomesh@gmail.com,,Secondary,Not applicable,Site based only,No Association Membership
164,Bais Yaakov Elementary School,888486,,Esther Scheiner,,,15 Saranac Boulevard,Toronto,Ontario,M6A2G4,416-785-0750,416-785-9769,Toronto Region,bwilhelm@baisyaakov.ca,,Elementary,Not applicable,Site based only,No Association Membership
165,Bais Yaakov of Thornhill,668022,,Rivka Steier,,,613 Clark Ave. W.,Thornhill,Ontario,L4J5V3,905-764-1800,,Toronto Region,lirons@byth.ca,,Elementary,Not applicable,Site based only,No Association Membership
166,Balanced Education Network B.E.N. School,887316,,Ilaria Sheikh,,,394 Ha HARVIE AVE,Toronto,Ontario,M6E4L8,647-237-2648,416-653-8680,Toronto Region,ilaria.benget@gmail.com,www.benschoolhouse.com,Elementary,Not applicable,Site based only,No Association Membership
167,Balsam Grove Parochial,887463,,Martha Martin,,,2542 Northfield Drive East 2,Elmira,Ontario,N3B2Z2,519-669-8522,,West Region,,,Elementary,Not applicable,Site based only,No Association Membership
168,Bannockburn School,876135,,Jacqueline Richman,,,3080 Bayview Ave,North York,Ontario,M2N5L3,416-789-7855,,Toronto Region,bannockburn@bannockburn.ca,www.bannockburn.ca,Elementary,Not applicable,Site based only,Canadian Council of Montessori Administrators (CCMA)
169,Barrie Montessori & Elementary Private S,883576,,Dawn Allen,,,580 Bayfield ST,Barrie,Ontario,L4M5A2,705-728-0303,,Central Region,barriemontessori@yahoo.ca,www.barriemontessori.ca,Elementary,Not applicable,Site based only,Canadian Council of Montessori Administrators (CCMA)
170,Base Academy,883635,Offers credits toward the Ontario Secondary School Diploma (OSSD),Tony Chan,7b,,60 Granton Drive,Richmond Hill,Ontario,L4B2N6,437-666-9999,,Toronto Region,info@baseedu.ca,https://www.baseacademy.ca/,Secondary,All Year Round,Online/Site Based,No Association Membership
171,Base Christian School,876763,,Young Choi,,,850 Sawmill Rd,Bloomingdale,Ontario,N0B1K0,519-744-4522,519-744-6745,West Region,sarah.surnoskie@koinonia.academy,www.koinoniachristianacademy.ca,Elementary,Not applicable,Site based only,EDVance
172,Batchewana Learning Centre,663670,Offers credits toward the Ontario Secondary School Diploma (OSSD),Wayne Greco,,,15 Jean Avenue,Sault Ste Marie,Ontario,P6B4B1,705-759-7285,705-759-9982,North Region,,,Secondary,First Nation,Site based only,Independent and Private School Forum
173,Baxter Forest School,883821,,Andrea Wood,,,7498 Carter Road,Kars,Ontario,K0A2E0,613-489-3592,,East Region,baxter.supervisor@rvca.ca,https://www.rvca.ca/outdoor-education/baxter/baxter-forest-school,Elementary,Not applicable,Site based only,No Association Membership
174,Bay School of Canada,668088,,Winston Tom,208,,1110 Sheppard Avenue East,Toronto,Ontario,M2K2W2,416-800-4472,,Central Region,info@bayschoolofcanada.com,www.bayschoolofcanada.com,Secondary,Not applicable,Online Only,No Association Membership
175,Bayfield School,881988,Offers credits toward the Ontario Secondary School Diploma (OSSD),Richard Duvall,,,41 County Rd  39,Consecon,Ontario,K0K1T0,613-392-3551,613-392-4054,East Region,duvallr@bayfield.net,http://www.bayfield.net/,Elem/Sec,Not applicable,Site based only,No Association Membership
176,Bayview Glen,887188,Offers credits toward the Ontario Secondary School Diploma (OSSD),James Lee,,,85 Moatfield Dr,Toronto,Ontario,M3B3L6,416-443-1030,416-443-0984,Central Region,jlee@bayviewglen.ca,www.bayviewglen.ca,Elem/Sec,Not applicable,Site based only,Conference of Independent Schools of Ontario
177,Bayview Glen (Elementary),884645,,James Lee,,,275 Duncan Mill Road,Toronto,Ontario,M3B3H9,416-443-1030,416-443-1032,Central Region,jlee@bayviewglen.ca,www.bayviewglen.ca,Elementary,Not applicable,Site based only,Conference of Independent Schools of Ontario
178,Beaches Montessori School Inc,665810,,Leigh Jacques,,,995 Kingston Road,Toronto,Ontario,M4E1T3,416-901-2992,,Toronto Region,leighanne@rogers.com,www.beachesmontessori.com,Elementary,Not applicable,Site based only,No Association Membership
179,Beacon Christian Elementary School,886319,,Ralph Pot,,,300 Scott St,St Catharines,Ontario,L2N1J3,905-937-7411,905-937-1130,West Region,office@beaconchristian.org,www.beaconchristian.org,Elementary,Not applicable,Site based only,EDVance
180,Beacon Hill Christian Academy,667539,,Edward Slaa,,,9 Hunters Road,Stouffville,Ontario,L4A2L3,905-392-6590,,Central Region,office@beaconhillca.org,beaconhillca.org,Elementary,Not applicable,Site based only,League of Canadian Reformed School Societies
181,Beacon House International College,666670,Offers credits toward the Ontario Secondary School Diploma (OSSD),Bilal Rashid,502,,3050 Confederation Parkway,Mississauga,Ontario,L5B3Z6,905-290-1321,905-290-7994,Central Region,beaconhouseint@rogers.com,www.beaconhouse.ca,Elem/Sec,All Year Round,Online/Site Based,No Association Membership
182,Beaver Valley Parochial School,884634,,Anna Martin,,,491769 Southgate Sideroad 49 1,Holstein,Ontario,N0G2A0,,,West Region,,,Elementary,Not applicable,Site based only,No Association Membership
183,Beaverbrook Math Academy,668367,Offers credits toward the Ontario Secondary School Diploma (OSSD),Holly MacDonald,200,,2 Beaverbrook Road,Kanata,Ontario,K2K1L1,613-435-6284,,East Region,beaverbrookmath@gmail.com,www.beaverbrookmathacademy.com,Secondary,Not applicable,Site based only,No Association Membership
184,Bee Montessori Niagara,884654,,Amanda Marshall,B,,3428 Portage Road,NIAGARA FALLS,Ontario,L2J2K4,905-371-2050,,West Region,info@beemontessori.ca,beemontessori.ca,Elementary,Not applicable,Site based only,Canadian Council of Montessori Administrators (CCMA)
185,Beechwood Brainery,669958,,Janet Greener,204,,745 Coronation Boulevard #204,Cambridge,Ontario,N1R7R1,519-221-0304,,West Region,info@bbrainery.ca,,Elementary,Not applicable,Site based only,No Association Membership
186,"Behaviour Innovations, Children's Colleg",666432,,Nicole WALTON-ALLEN,,,618 The Queensway,Toronto,Ontario,M8Y1K3,416-251-9277,416-251-4688,Toronto Region,binnovations@bellnet.ca,www.behaviourinnovations.com,Elementary,Not applicable,Site based only,No Association Membership
187,Bell Mill Christian School,886998,,Lena Dueck,,,337 Bell Mill Side Road,Courtland,Ontario,N0J1E0,,,West Region,,,Elementary,Not applicable,Site based only,No Association Membership
188,Belleville District Christian School,886521,,Ingrid Roeper,B,,138 Wallbridge-Loyalist Road,Belleville,Ontario,K8N4Z2,613-962-7849,613-962-6440,East Region,office@bellevillechristianschool.ca,http://www.bellevillechristianschool.ca,Elementary,Not applicable,Site based only,EDVance
189,Belleville Montessori School,886209,,Marcia McQuaid,,,28 ORIOLE PARK AVE,BELLEVILLE,Ontario,K8N4C7,613-966-7672,613-966-7019,East Region,info@bellevillemontessori.com,www.bellevillemontessori.com,Elementary,Not applicable,Site based only,No Association Membership
190,Bellstone Christian School,665087,,Martin Jongsma,,,6025 White Church Road,Mount Hope,Ontario,L0R1W0,289-425-1007,,West Region,office@bellstoneschool.ca,www.bellstoneschool.ca,Elementary,Not applicable,Site based only,The League of Canadian Reformed School Societies
191,Beth Jacob Private School,887196,Offers credits toward the Ontario Secondary School Diploma (OSSD),Sarah Bell,,,410 Lawrence Ave W,Toronto,Ontario,M5M1C2,416-787-4949,416-787-0453,Toronto Region,chana@byhs-toronto.com,,Secondary,Not applicable,Site based only,No Association Membership
192,Bethel Baptist Academy,889024,,Alan Feere,,,4059 Highway 3 East,Simcoe,Ontario,N3Y4K4,519-426-8421,,West Region,school@bethelbaptistsimcoe.ca,http://www.bethelbaptistsimcoe.ca/,Elem/Sec,Not applicable,Online/Site Based,No Association Membership
193,Beyond Montessori School Inc,666433,,Karen Kenesky,,,2 O'Malley Drive,St. Catharines,Ontario,L2N6N7,905-937-0700,,West Region,info@beyondmontessori.com,www.beyondmontessori.com,Elementary,Not applicable,Site based only,No Association Membership
194,Bhakta Prahlad Montessori School,668439,,Kacper Waclawski,,,1097 Concession Street,Russell,Ontario,K4R1C8,613-668-6320,,East Region,info@bpmontessori.ca,https://bpmontessori.ca/,Elementary,Not applicable,Site based only,No Association Membership
195,Bialik Hebrew Day School,887200,,Jake Gallinger,,,2760 Bathurst St,Toronto,Ontario,M6B3A1,416-783-3346,416-785-8287,Toronto Region,mbrickman@bialik.ca,www.bialik.ca,Elementary,Not applicable,Site based only,No Association Membership
196,Bibleway Ministries Christian Learning C,884706,,Christine Grant,,,500 Bride Private,Nepean,Ontario,K2J0J1,613-838-4238,,East Region,christianlearningcenterottawa@gmail.com,https://www.clcottawa.ca/,Elementary,Not applicable,Site based only,No Association Membership
197,Biigtigong Nishnaabeg,663816,Offers credits toward the Ontario Secondary School Diploma (OSSD),Amy Michano,,Box 216,12 Lynx Drive,Heron Bay,Ontario,P0T1R0,807-229-0630,807-229-3727,North Region,lisamichano@picriver.com,,Secondary,First Nation,Site based only,No Association Membership
198,Bimose Community High School,663582,Offers credits toward the Ontario Secondary School Diploma (OSSD),Melissa Plomp,,,1450 Valley Drive,Kenora,Ontario,P9N3Y4,807-548-4912,807-548-5917,North Region,eskead@bimose.ca,www.kiizhik.ca,Secondary,First Nation,Site based only,Other
199,BioSteel Sports Academy Inc.,669367,Offers credits toward the Ontario Secondary School Diploma (OSSD),Rachel Barrette,,,3400 Grand Marais Rd E,Windsor,Ontario,N8W1W7,519-900-6021,,West Region,info@biosteelsportsacademy.com,https://biosteelsportsacademy.com/,Elem/Sec,Not applicable,Online/Site Based,Ontario Federation of Independent Schools
200,Birmingham International Collegiate of Canada,668260,Offers credits toward the Ontario Secondary School Diploma (OSSD),Zahra Zaidi,Suite 1400,,5255 Yonge Street,North York,Ontario,M2N6P4,416-481-8866,416-481-3511,Toronto Region,info@bicc-edu.com,www.bicc-edu.com,Secondary,All Year Round,Site based only,No Association Membership
201,Bishop Hamilton Montessori School,883808,,Renette Sasouni,,,2199 Regency Terrace,Ottawa,Ontario,K2C1H2,613-596-4013,613-596-4971,East Region,info@bhms.ca,http://www.bhms.ca,Elementary,Not applicable,Site based only,Canadian Council of Montessori Administrators (CCMA)
202,"Bishop Strachan School, The",886840,Offers credits toward the Ontario Secondary School Diploma (OSSD),Angela Terpstra,,,298 Lonsdale Rd,Toronto,Ontario,M4V1X2,416-483-4325,416-481-5632,Toronto Region,info@bss.on.ca,http://www.bss.on.ca,Elem/Sec,All Year Round,Site based only,Conference of Independent Schools of Ontario
203,Bkejwanong Kinomaagewgamig,881912,,Simeon Russell Blackbird,,,521 Tecumseh Road,Wallaceburg,Ontario,N8A4K9,519-627-0712,519-627-8536,West Region,russ.blackbird@walpoleislandschool.org,,Elementary,First Nation,nan,
204,Black Creek Parochial,668131,,Ivan Brubacher,,,68 Statters Lake Ave 1,Holyrood,Ontario,N0G2B0,,,West Region,,,Elementary,Not applicable,Site based only,No Association Membership
205,Blaisdale Montessori,888893,,Heather Wilson,,,415 Toynevale Rd,Pickering,Ontario,L1W2G9,905-509-5005,905-509-1959,East Region,info@blaisdale.com,www.blaisdale.com,Elementary,Not applicable,Site based only,Canadian Council of Montessori Administrators (CCMA)
206,Blake Academy,882495,,Cheryl Blake,211A,,115 Matheson Blvd West,Mississauga,Ontario,L5R1C6,416-580-9959,,Central Region,info@blakeacademy.ca,www.blakeacademy.ca,Elementary,Not applicable,Site based only,No Association Membership
207,Blossom Montessori School,884589,,Djamila Sahouli,200,,2465 ST. Laurent BLVD,Ottawa,Ontario,K1G6G8,,,East Region,info@bmsmontessori.ca,www.blossommontessorischool.ca,Elementary,Not applicable,Site based only,No Association Membership
208,Blue Gene Education,884414,Offers credits toward the Ontario Secondary School Diploma (OSSD),Shan Shan Chen,311,,3601 Victoria Park Ave,Scarborough,Ontario,M1W3Y3,647-722-9968,,East Region,bluegeneinfo@gmail.com,www.bluegene.ca,Secondary,All Year Round,Online/Site Based,No Association Membership
209,Blue Mountain Wild School,882337,,Jeff Barrett,,,"316362 3 Line, Kimbercote Farms Line",Kimberly,Ontario,N0C1G0,416-700-3737,,Central Region,info@wildschool.ca,,Elementary,Not applicable,Site based only,No Association Membership
210,Blueberry Creek Forest School & Nature C,885564,,Robyn Mulcahy,,,17638 Hwy 7,Tay Valley,Ontario,K7H3C6,613-915-3263,,East Region,blueberrycreekforestschool@gmail.com,www.blueberrycreekforestschool.com,Elementary,Not applicable,Site based only,No Association Membership
211,Bluevale Meadows,668860,,Edna Brubacher,,,42300 Orange Hill Road 1,Bluevale,Ontario,N0G1G0,,,West Region,,,Elementary,Not applicable,Site based only,No Association Membership
212,Bluewater GO! Homeschool Academy,883195,,Valerie Cressman,,,360 Devine St.,Sarnia,Ontario,N7T1V1,519-339-9703,,West Region,bgha@bluewaterbaptist.ca,https://bluewatergoacademy.com/info,Elem/Sec,Not applicable,Online/Site Based,No Association Membership
213,Blyth Academy @ CIHA,665364,Offers credits toward the Ontario Secondary School Diploma (OSSD),Susan Kelly,,,8710 County Road 17,Rockland,Ontario,K4K1T2,613-446-2212,,East Region,susan.kelly@blytheducation.com,www.blythacademy.ca,Elem/Sec,All Year Round,Site based only,No Association Membership
214,Blyth Academy Burlington,880898,Offers credits toward the Ontario Secondary School Diploma (OSSD),Taylor Kitchen,14-21,,422 Pearl Street,Burlington,Ontario,L7R2N1,905-637-0346,,West Region,burlington@blytheducation.com,blythacademy.ca,Elem/Sec,All Year Round,Site based only,No Association Membership
215,Blyth Academy Downsview Park,665466,Offers credits toward the Ontario Secondary School Diploma (OSSD),Kylie Richardson,7,,75 Carl Hall Road,Toronto,Ontario,M3K2B9,416-631-0123,,Central Region,downsview@blytheducation.com,blytheducation.com,Elem/Sec,All Year Round,Site based only,No Association Membership
216,Blyth Academy Lawrence Park,669998,Offers credits toward the Ontario Secondary School Diploma (OSSD),Michael Booth,,,2660 Yonge Street,Toronto,Ontario,M4P2J5,416-488-9301,,Toronto Region,lawrencepark@blytheducation.com,blythacademy.ca,Secondary,All Year Round,Site based only,No Association Membership
217,Blyth Academy Mississauga,882162,Offers credits toward the Ontario Secondary School Diploma (OSSD),Nicholas Catania,203 and 205,,507 Lakeshore Road East,Mississauga,Ontario,L5G1H9,905-990-2855,,Central Region,Mississauga@blytheducation.com,www.blytheducation.com,Secondary,All Year Round,Site based only,No Association Membership
218,Blyth Academy Online,669675,Offers credits toward the Ontario Secondary School Diploma (OSSD),Kathy Young,,,983 Bank St,Ottawa,Ontario,M6S1R6,519-204-6037,,West Region,,,Secondary,All Year Round,Online Only,No Association Membership
219,Blyth Academy Orbit,665205,Offers credits toward the Ontario Secondary School Diploma (OSSD),Michael Booth,,,35 Lytton Blvd,Toronto,Ontario,M4R1L2,416-488-9301,,Toronto Region,orbit@blytheducation.com,blytheducation.com,Secondary,All Year Round,Online/Site Based,No Association Membership
220,Blyth Academy The Glebe,889791,Offers credits toward the Ontario Secondary School Diploma (OSSD),Kristy Larose,,,983 Bank Street,Ottawa,Ontario,K1S3W7,613-680-3388,,East Region,kristy.larose@blytheducation.com,blytheducation.com,Secondary,All Year Round,Site based only,No Association Membership
221,Blytheswood Community Christian School,881671,,Frank Klassen,,,735 Mersea Road 8,Leamington,Ontario,N8H3V8,519-326-0275,,West Region,bccs.principal@outlook.com,,Elem/Sec,Not applicable,Site based only,No Association Membership
222,Bnei Akiva School - Ulpanat Orot,888885,Offers credits toward the Ontario Secondary School Diploma (OSSD),Jonathan Parker,,,45 Canyon Ave,Downsview,Ontario,M3H3S4,416-638-5434,416-638-7905,Central Region,hrapp@bastoronto.org,www.bastoronto.org,Secondary,Not applicable,Site based only,No Association Membership
223,Bnei Akiva School - Yeshivat Or Chaim,883749,Offers credits toward the Ontario Secondary School Diploma (OSSD),Jonathan Parker,,,159 Almore Avenue,Toronto,Ontario,M3H2H9,416-630-6772,416-398-5711,Central Region,jparker@bastoronto.org,www.bastoronto.org,Secondary,Not applicable,Site based only,No Association Membership
224,Bnos Bais Yaakov High School,878766,Offers credits toward the Ontario Secondary School Diploma (OSSD),Suri Nulman,,,2949 Bathurst St,Toronto,Ontario,M6B3B2,416-256-7707,416-256-7714,Toronto Region,office@bnosbaisyaakov.com,,Secondary,Not applicable,Site based only,No Association Membership
225,Bnos Chaya,668326,,Rochel Gross,,,3995 Bathurst Street,Toronto,Ontario,M3H5V3,647-722-9331,647-498-1527,Central Region,admin@bnoschaya.ca,,Elementary,Not applicable,Site based only,No Association Membership
226,Bond Academy,665690,Offers credits toward the Ontario Secondary School Diploma (OSSD),John Healey,,,1500 Birchmount Road,Toronto,Ontario,M1P2G5,416-266-8878,416-266-3898,East Region,info@bondacademy.ca,www.bondacademy.ca,Elem/Sec,Not applicable,Site based only,No Association Membership
227,Bond International College,883417,Offers credits toward the Ontario Secondary School Diploma (OSSD),John Healey,,,1500 Birchmount Road,Toronto,Ontario,M1P2G5,416-266-8878,416-266-3898,East Region,info@bondcollege.com,www.bondcollege.com,Secondary,Not applicable,Site based only,No Association Membership
228,Bonnechere Valley,881534,,Emma Bauman,,,5773 Highway 60 1,Douglas,Ontario,K0J1S0,,,East Region,,,Elementary,Not applicable,Site based only,No Association Membership
229,Brackendale Montessori,882190,,Mona Bhalla,,,1485 HARWOOD AVE N,AJAX,Ontario,L1T4T9,905-686-9997,,East Region,info@brackendalemontessori.com,www.brackendalemontessori.com,Elementary,Not applicable,Site based only,Canadian Council of Montessori Administrators (CCMA)
230,Braemar College,876909,Offers credits toward the Ontario Secondary School Diploma (OSSD),Virgenia Lemieux,3rd floor,,229 College St,Toronto,Ontario,M5T1R4,416-487-8138,416-487-6165,Toronto Region,virgenia@braemarcollege.com,http://www.braemarcollege.com,Secondary,All Year Round,Online/Site Based,No Association Membership
231,Braemar House School,877450,,Pamela Krason,,,36 Baxter St,Brantford,Ontario,N3R2V8,519-753-2929,,West Region,director@braemarhouseschool.ca,www.braemarhouseschool.ca,Elementary,Not applicable,Site based only,Ontario Federation of Independent Schools
232,Brainstorm Academy,669078,Offers credits toward the Ontario Secondary School Diploma (OSSD),JORDAN RAKOWSKI,300A,,175 Longwood Road South,Hamilton,Ontario,L8P0A1,905-333-5444,,West Region,jordan@brainstormacademy.ca,www.brainstormacademy.ca,Secondary,All Year Round,Online/Site Based,Independent and Private School Forum
233,Brampton Christian School,889814,Offers credits toward the Ontario Secondary School Diploma (OSSD),Andrew Cabral,,,12480 Hutchinson Farm Lane,CALEDON,Ontario,L7C2B6,905-843-3771,905-843-2929,Central Region,admin@bramptoncs.org,http://www.bramptoncs.org,Elem/Sec,Not applicable,Site based only,EDVance
234,Brampton Stars Learning Academy,881343,,Madiha Hussain,28,,1 Sky Harbour Drive,Brampton,Ontario,L5C3Z5,647-996-0389,,Central Region,madihahussain@bramptonstars.ca,www.bramptonstars.ca,Elementary,Not applicable,Site based only,No Association Membership
235,Branksome Hall,886912,Offers credits toward the Ontario Secondary School Diploma (OSSD),Amanda McCallum,,,10 Elm Ave,Toronto,Ontario,M4W1N4,416-920-9741,416-920-5390,Toronto Region,hfriesen@branksome.on.ca,http://www.branksome.on.ca/,Elem/Sec,Not applicable,Site based only,Conference of Independent Schools of Ontario
236,Brant Quran Academy,882544,,MAHER AL HAMID,,,143 King Edward Street,Paris,Ontario,N3L3E3,,,West Region,bqa@brantfordmosque.ca,,Elementary,Not applicable,Site based only,No Association Membership
237,Brantford Christian School,885193,,Laura Geerts,,,30 Clara Cres,Brantford,Ontario,N3S7C9,519-752-0433,,West Region,mjarvis@bcsbrantford.ca,www.bcsbrantford.ca,Elementary,Not applicable,Site based only,EDVance
238,Brason Academy Montessori School,669577,,Manju Porwal,,,3328 King Street,Kitchener,Ontario,N2A1B3,519-998-5421,,West Region,info@brasonmontessori.ca,www.brasonmontessori.ca,Elementary,Not applicable,Site based only,No Association Membership
239,Bravo Education Centre,665026,,Dan Li,1 and 6,,101 Cathedral High Street,Markham,Ontario,L6C3L8,416-358-6955,,Central Region,enyin87@hotmail.com,www.bravoedu.ca,Elementary,Not applicable,Site based only,No Association Membership
240,Bridge International School,882314,Offers credits toward the Ontario Secondary School Diploma (OSSD),Ali Mohamed,201WG,,75 International Blvd,Etobicoke,Ontario,M9W6L9,437-999-8061,,West Region,jingyao.zhang@mail.utoronto.ca,https://bridgeinternational.ca,Secondary,All Year Round,Online/Site Based,No Association Membership
241,Bright Start Academy,669755,,Allie Offman,318,,4630 Dufferin Street,North York,Ontario,M3H5S4,416-514-1415,,Central Region,info@brightstartacademy.info,www.brightstartacademy.info,Elem/Sec,Not applicable,Site based only,No Association Membership
242,BrightMinds Academy International,883674,Offers credits toward the Ontario Secondary School Diploma (OSSD),Janice Chan,13,,95 Royal Crest Crt,Markham,Ontario,L3R9X5,647-931-9070,,Central Region,info@brightmindsonlineschool.ca,www.BrightMindsOnlineSchool.ca,Elem/Sec,Not applicable,Online/Site Based,Other
243,Brighter Dewey Online School,885664,Offers credits toward the Ontario Secondary School Diploma (OSSD),Ronald Shelswell,,,40 Victoria Street,Bracebridge,Ontario,P1L1E2,416-568-4359,,Central Region,craigshelswell@hotmail.com,www.brighterdeweyedcuation.com,Elem/Sec,All Year Round,Online Only,No Association Membership
244,Brighton,667145,Offers credits toward the Ontario Secondary School Diploma (OSSD),Kathy Lear,,,150 Wynford Drive,Toronto,Ontario,M3C1K6,416-932-8273,416-850-5493,Central Region,contactus@brightonschool.ca,www.brightonschool.ca,Elem/Sec,Not applicable,Site based only,Ontario Federation of Independent Schools
245,Brock Academy,668654,Offers credits toward the Ontario Secondary School Diploma (OSSD),Bilal Rashid,504,,3050 Confederation Parkway,Mississauga,Ontario,L5B3Z6,905-646-9292,905-290-7994,West Region,info@brockacademy.ca,https://brockacademy.ca,Elem/Sec,All Year Round,Online/Site Based,No Association Membership
246,Brock Elementary School,881976,,Rabia Ismail,,,2065 Brock Road North,Pickering,Ontario,L1X0K2,905-426-7887,905-686-8789,East Region,info@bes.school,www.brockelementaryschool.ca,Elementary,Not applicable,Site based only,No Association Membership
247,Bronston Canadian Academy,669584,Offers credits toward the Ontario Secondary School Diploma (OSSD),Dorcas Haizel,,,411 East Main St.,Welland,Ontario,L3B3X3,289-776-6950,,West Region,info@bronston.ca,www.bronston.ca,Elem/Sec,All Year Round,Online/Site Based,No Association Membership
248,Bronte College,875112,Offers credits toward the Ontario Secondary School Diploma (OSSD),Anne-Louise Power,,,88 Bronte College Crt,Mississauga,Ontario,L5B1M9,905-270-7788,905-270-7828,Central Region,info@brontecollege.ca,http://www.brontecollege.ca/,Secondary,All Year Round,Online/Site Based,No Association Membership
249,Brooke Valley School,889784,,Mary McGuire,,,190 Seaborn Lane RR 4 RR#4,Perth,Ontario,K7H3C6,613-267-3651,,East Region,info@brookevalleyschool.com,brookevalleyschool.weebly.com,Elementary,Not applicable,Site based only,No Association Membership
250,Brooklin Mill Montessori School Inc,666831,,Ciara Gauthier,,,23-25 Cassels Rd E,Brooklin,Ontario,L1M1A4,905-655-0656,905-655-0657,East Region,info@brmms.ca,www.brooklinmillmontessori.ca,Elementary,Not applicable,Site based only,Canadian Council of Montessori Administrators (CCMA)
251,Brookside Bells Parochial School,667769,,Dorens Martin,,,7597 Sideroad 6,Kenilworth,Ontario,N0G 2E0,705-606-1901,,West Region,,,Elementary,Not applicable,Site based only,Other
252,Brooklyn College,667560,Offers credits toward the Ontario Secondary School Diploma (OSSD),Tanbir Haque,,,285 Yorkland Blvd,North York,Ontario,M2J1S5,416-773-1322,416-773-1328,Central Region,info@brooklyncollege.ca,www.brooklyncollege.ca,Secondary,All Year Round,Online/Site Based,No Association Membership
253,Brookside Christian School,883107,,Steven Gingrich,,,7800 County Road 131,Listowel,Ontario,N4W3G9,519-595-8459,,West Region,,,Elem/Sec,Not applicable,Site based only,No Association Membership
254,Brookside Parochial School,888168,,Aaron Graber,,,962726 Road 96,St Marys,Ontario,N4X1C7,519-349-2070,,West Region,,,Elementary,Not applicable,Site based only,No Association Membership
255,Brookstone Academy,883102,,Shelly Long-Bokma,,,299 Lakeshore Drive,Barrie,Ontario,L4N0B4,705-816-4580,,Central Region,youbelong@brookstoneacademy.ca,www.brookstoneacadmey.ca,Elem/Sec,Not applicable,Site based only,No Association Membership
256,Brussels Old Colony Christian School,665400,,Aaron Janzen,,641,650 Alexander Street,Brussels,Ontario,N0G1H0,226-889-5180,,West Region,,,Elementary,Not applicable,Site based only,No Association Membership
257,Burlington Christian Academy,889040,,Shannon Matter,,,521 North Service Rd,Burlington,Ontario,L7P5C3,905-639-7364,,West Region,office@bcaschool.ca,www.onlyatbca.com,Elementary,Not applicable,Site based only,EDVance
258,Burlington Royal Arts Academy,668610,Offers credits toward the Ontario Secondary School Diploma (OSSD),Zhuan Yang,,,2054 Mountainside Drive,Burlington,Ontario,L7P1A8,289-245-1534,,West Region,admin@burlingtonroyalartsacademy.ca,burlingtonroyalartsacademy.ca,Secondary,All Year Round,Site based only,No Association Membership
259,Burooj International Academy,885863,,Mohamed Ali,,,16B 235 Dixon Road,Etobicoke,Ontario,M9P2M5,416-826-9329,,Central Region,info@burooj.ca,,Elem/Sec,Not applicable,Online Only,No Association Membership
260,Busy Bee Education Solutions,668395,,Brianne Macpherson,,,1495 Ottawa Street,Windsor,Ontario,N8X2G1,519-563-8983,,West Region,admin@busybeeeducation.ca,www.busybeeeducation.ca,Elementary,Not applicable,Site based only,No Association Membership
261,By Design Learning Centre,885668,,Marc Mailhot,,,207321 Hwy 9,Mono,Ontario,L9W6J2,519-941-5475,,Central Region,office@bydesinglearning.ca,,Elementary,Not applicable,Site based only,No Association Membership
262,Bytown Brigantine Academy,668916,Offers credits toward the Ontario Secondary School Diploma (OSSD),Julia Morch,,,2700 QUEENSVIEW DR,Ottawa,Ontario,K2B8H6,613-596-6258,613-829-7296,East Region,executivedirector@tallshipsadventure.org,www.tallshipsadventure.org,Secondary,Summer,Site based only,Other
263,C. Lawrence Academy,668786,Offers credits toward the Ontario Secondary School Diploma (OSSD),KELVIN HOI TOU LO,,,4 Cherry Blossom Ln,Thornhill,Ontario,L3T3B9,647-985-5776,,Central Region,clawrenceonline@gmail.com,,Secondary,All Year Round,Online Only,No Association Membership
264,C.E. Academy,669071,,Sophie Loszmann,,,155 Queen Street East,Mississauga,Ontario,L5G1N2,647-987-9771,905-274-0775,Central Region,info@ceacademy.ca,ceacademy.ca,Elem/Sec,Not applicable,Site based only,No Association Membership
265,CABI School,880268,,Mohamed Elbereir,,,386 Pine Valley Dr,Kitchener,Ontario,N2P2V4,647-952-8447,,West Region,info@cabischools.com,cabischools.com,Elem/Sec,Not applicable,Online Only,No Association Membership
266,CANADA GLOBAL ACADEMY,883357,,Ammara Abbas,,,20 Patricia court,Brampton,Ontario,L6Y3M6,416-476-6461,,Toronto Region,info@canadaglobalacademy.com,https://canadaglobalacademy.com/,Elementary,Not applicable,Online Only,No Association Membership
267,CANADIAN GRAD ACADEMY,668458,Offers credits toward the Ontario Secondary School Diploma (OSSD),Mariam Siddiqi,6000,,"100 King St. West, 1 First Canadian Place",Toronto,Ontario,M5X1E2,873-658-5447,,Central Region,summersiddiqi@gmail.com,https://www.canadiangradacademy.com/,Secondary,Not applicable,Online Only,No Association Membership
268,CCGP Learning Academy,883729,Applied to offer credits toward the Ontario secondary School Diploma (OSSD),Md Monzur Ali,102,,3205 Danforth Ave AVE,Scarborough,Ontario,M1L1B8,647-571-3179,,East Region,m.ali@ccgp.ca,,Secondary,Not applicable,Online Only,No Association Membership
269,CIC Ontario Secondary School,884953,Offers credits toward the Ontario Secondary School Diploma (OSSD),Heather Bohez,,,290 King Street East,Kitchener,Ontario,N2G2L3,416-543-5306,,West Region,info@canadianecollege.ca,www.ciccanada.org,Secondary,Not applicable,Online Only,No Association Membership
270,CIF Online Islamic School,665348,,SYED HUSSAIN,C,,314 Ninth Street West,Cornwall,Ontario,K6J3A7,306-881-9546,,East Region,syedshussain8@gmail.com,www.cornwallislamicfoundation.ca,Elementary,Not applicable,Online Only,No Association Membership
271,CISK Canadian International School of Ku,882117,,"Ali Bostani, Sara Samani",,,421 Laura Ave,Kingston,Ontario,K7K7M4,514-661-1401,,East Region,info@cisk.online,https://www.cisk.online/,Elem/Sec,Not applicable,Online/Site Based,No Association Membership
272,CLA-Canadian Learning Academy,668471,Offers credits toward the Ontario Secondary School Diploma (OSSD),Ahmed Yehia,,,51 Rottenburg CRT,Milton,Ontario,L9T8S5,647-916-4734,,Central Region,info@cl-academy.ca,,Secondary,All Year Round,Online/Site Based,No Association Membership
273,CLSF CHRISTIAN ACADEMY,666535,,"ANGELO CAMUNGAO, REINA DONNA CERVANTES",,,589 HIGHWAY 77,LEAMINGTON,Ontario,N8H3V8,226-348-8670,,West Region,clsfwindsor.ca@gmail.com,,Elem/Sec,Not applicable,Online/Site Based,Canadian Council of Christian Charities (CCCC)
274,CRESCENT ACADEMY (CLCI),884023,,Aliya Khan,100,,141 BRUNEL ROAD,Mississauga,Ontario,L4Z1X3,416-702-5719,,Central Region,AFKHAN65@YAHOO.COM,WWW.CRESCENTACADEMY.CO,Elementary,Not applicable,Site based only,No Association Membership
275,CVS,882250,Offers credits toward the Ontario Secondary School Diploma (OSSD),Saroj Batra,,,,nan,,,,,Central Region,,,Secondary,All Year Round,Online Only,No Association Membership
276,CWS Canadian World Schools,884519,Offers credits toward the Ontario Secondary School Diploma (OSSD),Mehrdad Sabouhi,106,,10087 Yonge Street,Richmond Hill,Ontario,L4C1T7,416-221-2111,,Central Region,info@cwsschool.com,,Elem/Sec,All Year Round,Online Only,No Association Membership
277,Cairn Christian School – Smithville,884804,,Joyce Koornneef,,924,6470 Regional 14 Rd,Smithville,Ontario,L0R2A0,905-957-7796,905-957-7794,West Region,smithville@cairnchristianschool.ca,cairnchristianschool.ca,Elementary,Not applicable,Site based only,EDVance
278,Cairn Christian School – Stoney Creek,886378,,Carolyn Bentum,,,795 Highway 8,Stoney Creek,Ontario,L8E5J3,905-643-2460,905-643-5875,West Region,stoneycreek@cairnchristianschool.ca,http://www.cairnchristianschool.ca,Elementary,Not applicable,Site based only,Ontario Alliance of Christian Schools (OACS)
279,Caledon Elementary Academy,886500,,Sandra Macri,,,15964 Airport Road,Caledon,Ontario,L7C1K2,416-565-2850,,Central Region,caledonacademyschool@gmail.com,,Elementary,Not applicable,Site based only,No Association Membership
280,Calton Christian School,882720,,Brian Fehr,,,6732 Richmond Road,Aylmer,Ontario,N5H2R5,519-765-1721,519-765-1721,West Region,,,Elem/Sec,Not applicable,Site based only,No Association Membership
281,Calvary Christian Academy,878260,,Thomas BOURNE,,,9749 15 Hwy RR 6,Smiths Falls,Ontario,K7A4S7,613-283-5089,613-283-6949,East Region,tom.bourne@calvaryca.com,http://www.CALVARYCA.com,Elem/Sec,Not applicable,Site based only,No Association Membership
282,Calvary Christian School,881783,,Graeme Appleyard,,,310 Scott St,St Catharines,Ontario,L2N1J5,905-935-3854,905-935-0854,West Region,ccsniagara.principal@gmail.com,www.calvarychristianschoolniagara.com,Elementary,Not applicable,Site based only,Other
283,Calvin Christian School,885509,,Michael Noot,,,547 West 5th Street,Hamilton,Ontario,L9C3P7,905-388-2645,905-388-2769,West Region,info@ccshamilton.ca,www.ccshamilton.ca,Elementary,Not applicable,Site based only,EDVance
284,Cambridge Academy - Markham,666360,Offers credits toward the Ontario Secondary School Diploma (OSSD),Xinyao Ding,,,5873 Highway 7 E,Markham,Ontario,L3P1A3,905-472-0101,,Central Region,info@cambridgeacademy.ca,www.cambridgeacademy.ca,Secondary,Not applicable,Online/Site Based,No Association Membership
285,Cambridge Christian Elementary School,887862,,Scott Beda,,,229 Myers Road,Cambridge,Ontario,N1R7H3,519-623-2261,519-623-4042,West Region,office@cambridgechristianschool.com,http://www.cambridgechristianschool.com,Elementary,Not applicable,Site based only,EDVance
286,Cambridge Farm & Forest School,886571,,Heather Law,,,3238 Old Beverly Road,Cambridge,Ontario,N1R5S7,226-533-9591,,West Region,info@cambridgefarmandforest.ca,cambridgefarmandforest.ca,Elementary,Not applicable,Site based only,No Association Membership
287,Cambridge International Academy,889979,Offers credits toward the Ontario Secondary School Diploma (OSSD),Sandra Arff,,,1-300 Water Street,Whitby,Ontario,L1N9B6,905-426-4254,,East Region,principal@cciaedu.com,cciaedu.com,Elem/Sec,All Year Round,Online/Site Based,No Association Membership
288,Camp Arowhon,669498,Offers credits toward the Ontario Secondary School Diploma (OSSD),Mara Kates,,,1 Arowhon Road,Algonquin Park,Ontario,P0A1H0,416-975-9060,416-975-0130,Central Region,mara@camparowhon.com,www.camparowhon.com,Secondary,Summer,Site based only,No Association Membership
289,Camp Big Canoe,888027,Offers credits toward the Ontario Secondary School Diploma (OSSD),Ian McTavish,,,1012 Sherwood Forest Road,Bracebridge,Ontario,P1L1X3,705-645-4963,705-645-4963,Central Region,director@campbigcanoe.ca,www.campbigcanoe.ca,Secondary,Summer,Site based only,No Association Membership
290,Camp Kandalore,665442,Offers credits toward the Ontario Secondary School Diploma (OSSD),Jackie Pye,,,1143 Kandalore Road,Algonquin Highlands,Ontario,K0M1S0,416-322-9735,,East Region,jackie@kandalore.com,www.kandalore.com,Secondary,Summer,Site based only,No Association Membership
291,Camp Oconto,882554,Offers credits toward the Ontario Secondary School Diploma (OSSD),Vanessa Wade,,,1126 Camp Oconto Road,Tichborne,Ontario,K0H2V0,613-375-6678,,East Region,info@campoconto.com,www.campoconto.com,Secondary,Summer,Site based only,Other
292,Campfire Circle,669510,Offers credits toward the Ontario Secondary School Diploma (OSSD),Ken Aldridge,,,464 Bathurst Street,Toronto,Ontario,M5T2S6,705-732-6366,705-732-6366,Toronto Region,kaldridge@campfirecircle.org,www.campfirecircle.org,Secondary,Summer,Site based only,Other
293,Can-AIM High School,666590,Offers credits toward the Ontario Secondary School Diploma (OSSD),Muzaffar Baig,,,2 Elmhurst Drive,Etobicoke,Ontario,M9W2J3,416-856-6040,416-519-4011,Central Region,contact@can-aimhighschool.com,www.can-aimhighschool.com,Secondary,All Year Round,Site based only,No Association Membership
294,Canaan Global Academy,665306,Offers credits toward the Ontario Secondary School Diploma (OSSD),King Hong Tang,,,32 Kern Road,North York,Ontario,M3B1T1,647-358-6160,647-358-6161,Central Region,info@canaanacademy.ca,www.canaanacademy.ca,Secondary,All Year Round,Online Only,No Association Membership
295,Canada Benson Academy - Markham,884699,Offers credits toward the Ontario Secondary School Diploma (OSSD),Fu Jing Ma,6,,8515 McCowan Road,Markham,Ontario,L3P5E4,905-554-8710,905-554-8730,Central Region,canadabensonacademy@gmail.com,https://www.canadabenson.com/,Secondary,All Year Round,Online/Site Based,No Association Membership
296,Canada Benson Academy - Toronto,883349,Offers credits toward the Ontario Secondary School Diploma (OSSD),Fu Jing Ma,unit 7,,8515 McCowan Road,Markham,Ontario,L3P5E4,647-532-8090,,Central Region,mafujing@gmail.com,https://www.canadabenson.com/,Secondary,All Year Round,Online/Site Based,No Association Membership
297,Canada Cambridge Academy,669458,Offers credits toward the Ontario Secondary School Diploma (OSSD),Bahman Karimi,102,,1001 Dennison Street,Markham,Ontario,L3R2Z6,416-830-0120,,Central Region,info@canadacambridgeacademy.ca,www.canadacambridgeacademy.ca,Elem/Sec,All Year Round,Online/Site Based,No Association Membership
298,Canada Capital International Academy,887815,Offers credits toward the Ontario Secondary School Diploma (OSSD),Bryan Ho,,,2 Bloomfield Trail Trail,Richmond Hill,Ontario,L4E2H8,647-374-4335,,East Region,seemday@gmail.com,,Secondary,All Year Round,Online Only,No Association Membership
299,Canada Christian Academy,666467,,Deepa Patro,,,22 Abbey Road,Brampton,Ontario,L6W2T8,905-789-5841,289-901-0982,Central Region,info@canadachristianacademy.org,www.canadachristianacademy.org,Elem/Sec,Not applicable,Site based only,No Association Membership
300,Canada College,883454,,Ashraf Jamali,,,88 Queensway West.,Simcoe,Ontario,N3Y2M2,647-709-4242,,West Region,a.jamali.school@gmail.com,,Elem/Sec,Not applicable,Online/Site Based,No Association Membership
301,Canada International Academy,669500,,Shiva Esmaeili Azad,,,20 Victoria Blvd,York,Ontario,M6M2C1,647-507-4120,,Toronto Region,,,Elem/Sec,Not applicable,Online Only,No Association Membership
302,Canada International College,666769,Offers credits toward the Ontario Secondary School Diploma (OSSD),Darren Frake,300,,7050 Woodbine Ave,Markham,Ontario,M1T3T8,416-335-9839,416-335-7309,East Region,info@cicollege.com,http://www.cicollege.com,Secondary,All Year Round,Online/Site Based,No Association Membership
303,Canada International Education,882898,,Ana Morales,,,525 Colborne St,Brantford,Ontario,N3S3P3,647-229-9356,,Toronto Region,ana@canadaonlineeducation.com,www.canadaonlineeducation.com,Elem/Sec,Not applicable,Online Only,No Association Membership
304,Canada International School,665820,,Ana Morales,201,,70 Thames St. North,Ingersoll,Ontario,N5C3C7,647-229-9356,,Toronto Region,ana@canadaonlineeducation.com,www.canadaonlineeducation.com,Elem/Sec,Not applicable,Online Only,No Association Membership
305,Canada Knowledge Academy,667745,Offers credits toward the Ontario Secondary School Diploma (OSSD),Hassna Fattal,,,4400 Boundary Road,Ottawa,Ontario,K0A1K0,,,East Region,,www.ckacademy.ca,Elem/Sec,All Year Round,Online/Site Based,No Association Membership
306,Canada Millbrook Academy,882645,Offers credits toward the Ontario Secondary School Diploma (OSSD),Gus Lazopoulos,2200,,4590 Yonge St.,Toronto,Ontario,M2N6K1,647-377-3514,,Toronto Region,info@canadamillbrookacademy.ca,https://canadamillbrookacademy.ca,Secondary,All Year Round,Online/Site Based,No Association Membership
307,Canada Nord Academy,882882,Offers credits toward the Ontario Secondary School Diploma (OSSD),John Brennan,108,,200 Town Center Blvd,Markham,Ontario,L3R8G5,416-389-7477,,Toronto Region,admissions@nordeducation.com,www.nordeducation.com,Secondary,All Year Round,Online/Site Based,No Association Membership
308,Canada Oakridge Academy,666015,Offers credits toward the Ontario Secondary School Diploma (OSSD),Jessica Zeng,103,,3470 Pharmacy Avenue,Toronto,Ontario,M1W2S7,416-495-8868,,Central Region,info@coastudy.com,www.coastudy.com,Secondary,All Year Round,Online/Site Based,No Association Membership
309,Canada Online Education,667959,,Ana Morales,,,336 Hillcrest Ave.,"North York, Toronto",Ontario,M2N3P6,647-229-9356,,Toronto Region,info@canadaonlineeducation.com,www.canadaonlineeducation.com,Elem/Sec,Not applicable,Online Only,No Association Membership
310,Canada Online School,886512,,Yi Chen Zhou,,,190 Royal Orchard Boulevard,Thornhill,Ontario,L3T3E7,647-521-1567,,Central Region,general@canadaonlineschool.com,www.canadaonlineschool.com,Secondary,Not applicable,Online Only,No Association Membership
311,Canada Warden School,886087,Offers credits toward the Ontario Secondary School Diploma (OSSD),Darren Frake,300,,7050 Woodbine Ave,Markham,Ontario,L3R4G8,905-305-1118,,Central Region,kevinxu@cicollege.com,,Secondary,All Year Round,Site based only,No Association Membership
312,Canada eSchool,666211,Offers credits toward the Ontario Secondary School Diploma (OSSD),Joseph Knap,,,1033 Main Street West,Hamilton,Ontario,L8S1B7,905-296-2506,,West Region,info@myeschool.ca,www.canadaeschool.ca,Secondary,Not applicable,Online Only,No Association Membership
313,Canada's National Ballet,886980,Offers credits toward the Ontario Secondary School Diploma (OSSD),Betti ADAMS,,,400 Jarvis Street,Toronto,Ontario,M4Y2G6,416-964-3780,416-964-5125,Toronto Region,nchabrol@nbs-enb.ca,http://www.nbs-enb.ca,Elem/Sec,Not applicable,Site based only,No Association Membership
314,Canademica,889251,,Elsa Oliveira Caldeirinha,Suite 900,,895 Don Mills Road,Toronto,Ontario,M3C1W3,416-655-2113,,Toronto Region,info@canademica.com,canademica.com,Elem/Sec,Not applicable,Online Only,No Association Membership
315,Canadian Academy of Learning,884215,Offers credits toward the Ontario Secondary School Diploma (OSSD),Ted Brennan,4079,,2482 Yonge St,Toronto,Ontario,M4P2H5,604-302-9247,,Toronto Region,ted.brennan@canadianacademyoflearning.com,www.canadianacademyoflearning.com,Secondary,All Year Round,Online Only,No Association Membership
316,Canadian Academy of Secondary Studies,669784,,Laszlo Sztojkovics,,,51 Scarlett Road,York,Ontario,M6N4J8,416-450-0129,,Toronto Region,lsztojkovics@outlook.com,,Secondary,Not applicable,Online Only,Independent and Private School Forum
317,Canadian Christian Academy,668924,,Elizabeth Rock,Unit 4,,2720 St. Etienne Blvd.,Windsor,Ontario,N8W5E6,437-419-5965,,West Region,office@canadianchristianacademy.com,www.canadianchristianacademy.com,Elem/Sec,Not applicable,Site based only,No Association Membership
318,Canadian Cross International School,888433,Offers credits toward the Ontario Secondary School Diploma (OSSD),ceoric fernand,,,156 Murphy Rd.,Essa,Ontario,L0M1B1,705-713-1112,,Toronto Region,ccis@ccis-edu.ca,www.ccis-edu.ca,Elem/Sec,All Year Round,Online Only,No Association Membership
319,Canadian International Scholars School,881861,Offers credits toward the Ontario Secondary School Diploma (OSSD),Mohammad Hassan Mirzai,213 B,,7191 Yonge Street,Markham,Ontario,L3T0C4,416-939-9099,,Central Region,mh.mirzai@yahoo.com,,Elem/Sec,Not applicable,Online/Site Based,No Association Membership
320,Canadian International Secondary School,884087,Offers credits toward the Ontario Secondary School Diploma (OSSD),Anatole Emate,200,,5670 McAdam Rd.,Mississauga,Ontario,L4Z1T2,647-504-4200,,West Region,cern_rehan@yahoo.com,,Elem/Sec,All Year Round,Online/Site Based,No Association Membership
321,Canadian National Academy,665453,Offers credits toward the Ontario Secondary School Diploma (OSSD),Shanyue Wei,1509,,4750 Jane Street,Toronto,Ontario,M3N2W4,647-818-6479,,East Region,guojinjie2023@gmail.com,,Elem/Sec,All Year Round,Online/Site Based,No Association Membership
322,Canadian STEM School,666031,,Mahshid Kalani,,,472 Brownridge Drive Street,Vaughn,Ontario,L4J5Z9,437-995-7367,,Central Region,mahshid.kalani@gmail.com,canadianstemschool.com,Elem/Sec,Not applicable,Online/Site Based,No Association Membership
323,Canadian Southeastern Academy,882508,Offers credits toward the Ontario Secondary School Diploma (OSSD),Chun Pan Yeung,201,,977 Pantera Drive,Mississauga,Ontario,L4W2W6,647-847-1692,,Central Region,info@southeasternacademy.ca,www.southeasternacademy.ca,Secondary,All Year Round,Online/Site Based,No Association Membership
324,Canadian Tamil Academy,665046,Offers credits toward the Ontario Secondary School Diploma (OSSD),Sivananthan Sabaratnam,,,8 Milner Avenue,Scarborough,Ontario,M1S3P8,416-757-2006,,East Region,contact@tamilacademy.org,www.tamilacademy.org,Secondary,All Year Round,Online/Site Based,No Association Membership
325,Canadian Top Science Academy,669209,Offers credits toward the Ontario Secondary School Diploma (OSSD),Fariborz Khoshnoudian,201,,10149 Yonge Street,Richmond Hill,Ontario,L4C1T5,,,Central Region,mght2006@yahoo.com,http://www.canadiantopscienceacademy.com,Elem/Sec,Not applicable,Online/Site Based,Other
326,Canadian private school,883464,Offers credits toward the Ontario Secondary School Diploma (OSSD),Fariborz Khoshnoudian,201B,,10149 Yonge,Richmond hill,Ontario,L4C1T5,647-962-5997,,Central Region,Canadianprivateschool66@gmail.com,www.canadianprivateschool.ca,Elem/Sec,Not applicable,Online/Site Based,No Association Membership
327,Canadians Private School,669676,Offers credits toward the Ontario Secondary School Diploma (OSSD),Fariborz Khoshnoudian,,,22 22 crosby ave,Richmond hill,Ontario,L4C2R2,647-962-5997,647-962-5997,Central Region,f_khoshnoudian@yahoo.com,www.canadiansprivateschool.com,Elem/Sec,Not applicable,Online/Site Based,No Association Membership
328,Canaway High School,669611,Offers credits toward the Ontario Secondary School Diploma (OSSD),Raul Chong,,,15 Schuster Lane,Thornhill,Ontario,L4J8Y7,289-355-8136,,Central Region,info@canawayacademy.com,canaway.school,Secondary,Not applicable,Online Only,No Association Membership
329,Canglory International Academy,669561,Offers credits toward the Ontario Secondary School Diploma (OSSD),Christian Bayly,208,,7300 Warden Avenue,Markham,Ontario,L3R9Z6,647-280-6166,,East Region,info@cangloryeducation.com,CangloryInternationalAcademy.com,Elem/Sec,All Year Round,Online/Site Based,Independent and Private School Forum
330,Canstem Education Private School,665446,Offers credits toward the Ontario Secondary School Diploma (OSSD),Sajjala Sankhe,10,,350 Rutherford Road South Plaza 1,Brampton,Ontario,L6W4N6,647-568-0258,,Central Region,Canstem.education@gmail.com,www.canstemeducation.com,Elem/Sec,Not applicable,Online/Site Based,No Association Membership
331,CareerQuest - Brampton,668407,,Martha Goosney,,,44 Queen Street East,Brampton,Ontario,L6V1A2,905-455-9347,905-455-3652,Central Region,ratoscani@careerquestcanada.com,www.careerquestcanada.com,Secondary,Not applicable,Site based only,No Association Membership
332,CareerQuest - Toronto,666541,,Rosemary Toscani,401,,150 Eglinton Avenue East,Toronto,Ontario,M4P1E8,905-281-2106,,Toronto Region,rtoscani@careerquestcanada.com,www.careerquestcanada.com,Secondary,Not applicable,Site based only,No Association Membership
333,CareerQuest - Vaughan,668752,,Khalida Khan,500,,55 City Centre Drive,Mississauga,Ontario,L5B1M3,905-281-2106,,Central Region,ratoscani@careerquestcanada.com,www.careerquestcanada.com,Secondary,Not applicable,Site based only,No Association Membership
334,Carmel New Church School,886653,,Stephanie Kuhl,,,40 Chapel Hill Dr,Kitchener,Ontario,N2R1N2,519-748-5802,519-748-5875,West Region,secretary@carmelnewchurch.org,www.carmelnewchurchschool.org,Elementary,Not applicable,Site based only,Ontario Federation of Independent Schools
335,Cat Lake Christian School,664521,,Jonathan Larsh,,102,Lakeside Road,Cat Lake,Ontario,P0V1J0,807-212-1990,,North Region,jonathanl@catlake.ca,,Elem/Sec,First Nation,Site based only,No Association Membership
336,Cedar Echo Parochial School,668792,,Erla Martin,,,299 BRUCE ROAD 11 3,CHESLEY,Ontario,N0G1L0,,,West Region,,,Elementary,Not applicable,Site based only,No Association Membership
337,Cedar Grove Christian Day School,887439,,Wayne Gerber,,,4831 Deborah-Glaister Line,Wellesley,Ontario,N0B2T0,519-656-3058,519-656-8769,West Region,,,Elementary,Not applicable,Site based only,No Association Membership
338,Cedar Grove School,883839,,Brittany Shannon,,,2590 County Road 15,Picton,Ontario,K0K2T0,343-309-5890,,East Region,admin@cedargroveschool.ca,www.cedargroveschool.ca,Elementary,Not applicable,Site based only,No Association Membership
339,Cedar Heights Parochial School,882985,,Betty Martin,,,1323 Heights Rd 3,Lindsay,Ontario,K9V4R3,,,East Region,,,Elementary,Not applicable,Site based only,No Association Membership
340,Cedar Springs Parochial School,880639,,Naomi Sherk,,,90394 Gorrie Line 1,Wroxeter,Ontario,N0G2X0,,,West Region,,,Elementary,Not applicable,Site based only,No Association Membership
341,Cedar Valley School,880334,,Carson Wohlgemuth,,,19767 County Road 43,Alexandria,Ontario,K0C1B0,613-525-1695,613-525-1695,East Region,,,Elem/Sec,Not applicable,Site based only,No Association Membership
342,Cedarvale Christian School,669257,,Lawrence Martin,,,5405 11th Line,Harriston,Ontario,N0G1Z0,519-338-2290,,West Region,,,Elem/Sec,Not applicable,Site based only,No Association Membership
343,Cedarville Breezes Parochial School,882412,,Beatrice Martin,,,085165 Grey Road 14,Conn,Ontario,N0G1N0,,,West Region,,,Elementary,Not applicable,Site based only,No Association Membership
344,Central Baptist Academy,880094,,Carolyn Staats,,,300 Fairview Dr,Brantford,Ontario,N3R2X6,519-754-4806,519-754-4201,West Region,office@cbabrantford.ca,http://www.cbabrantford.ca,Elementary,Not applicable,Site based only,Other
345,Central Montessori School - Thornhill,881225,,ATIYA HUSAIN,,,72 Steeles Avenue West,Thornhill,Ontario,L4J1A1,905-889-0012,,Central Region,mmohajer@cmschool.net,,Elementary,Not applicable,Site based only,Canadian Council of Montessori Administrators (CCMA)
346,Central Montessori School - York Mills,668846,,Marjan Giahi,,,18 Coldwater Road,Toronto,Ontario,M3B1Y7,416-510-1200,,Central Region,mmohajer@cmschool.net,,Elementary,Not applicable,Site based only,Ontario Federation of Independent Schools
347,Central Montessori Schools - Maplehurst,877727,,ATIYA HUSAIN,,,181 Maplehurst Avenue,Toronto,Ontario,M2N3C1,416-222-9207,,Central Region,mmohajer@cmschool.net,www.cmschool.net,Elementary,Not applicable,Site based only,Canadian Council of Montessori Administrators (CCMA)
348,Centre Kinloss Parochial School,877883,,Ephriam Martin,,,548 Statters Lake Ave 1,Holyrood,Ontario,N0G2B0,,,West Region,,,Elementary,Not applicable,Site based only,No Association Membership
349,Century Private School,665166,,Charlene Cannito,,,11181 Yonge Street,Richmond Hill,Ontario,L4S1L2,905-737-1160,905-737-5867,Central Region,info@centurypscanada.com,www.centurypscanada.com,Elementary,Not applicable,Site based only,No Association Membership
350,Century Private School HS,669694,Offers credits toward the Ontario Secondary School Diploma (OSSD),Antonietta Savo,,,11181 Yonge Street,Richmond Hill,Ontario,L4S1L2,905-737-1160,905-737-5867,Central Region,info@centurypscanada.com,centurypscanada.com,Secondary,Not applicable,Online/Site Based,No Association Membership
351,Cestar High School,885635,Offers credits toward the Ontario Secondary School Diploma (OSSD),Henry Xu,200,,259 Yorkland Road,Toronto,Ontario,M2J0B5,416-485-8588,,Central Region,info@cestarhighschool.com,www.cestarhighschool.com,Secondary,All Year Round,Site based only,No Association Membership
352,Charing Cross Christian School,882672,,Johan Peters,,113,8684 Cundle Line,Charing Cross,Ontario,N0P1G0,226-626-5518,,West Region,charingcross.c.s@gamil.com,,Elem/Sec,Not applicable,Site based only,Other
353,Chatham Christian,885282,,Ken VanMinnen,,,475 Keil Dr S,Chatham,Ontario,N7M6L8,519-352-4980,519-352-4041,West Region,office@chathamchristian.ca,www.chathamchristian.ca,Elementary,Not applicable,Site based only,EDVance
354,Chatham Christian High School,888540,Offers credits toward the Ontario Secondary School Diploma (OSSD),Ken VanMinnen,,,475 Keil Dr S,Chatham,Ontario,N7M6L8,519-352-4980,519-352-4041,West Region,office@chathamchristian.ca,www.chathamchristian.ca,Secondary,Not applicable,Site based only,EDVance
355,Chesterton Academy of Ottawa,669918,,Terry Stevens,,,415 Piccadilly Ave,Ottawa,Ontario,K1Y0H3,613-518-8117,,East Region,admin@chestertonacademyofottawa.ca,chestertonacademyofottawa.ca,Secondary,Not applicable,Site based only,Other
356,Chief Simeon McKay Education Centre,663360,Offers credits toward the Ontario Secondary School Diploma (OSSD),Mila Morris,,Box 120,,Kasabonika,Ontario,P0V1Y0,807-214-2001,807-535-1108,North Region,robkas210@gmail.com,,Secondary,First Nation,Site based only,No Association Membership
357,Child of the Wild,667990,,Rebecca Seabrook,,,899 Penryn Road,Colborne,Ontario,K0K1S0,705-875-3234,,East Region,childofthewildnorthumberland@gmail.com,,Elementary,Not applicable,Site based only,No Association Membership
358,Children's Garden Junior School,877824,,Marie Bates,,,670 Eglinton Ave E,Toronto,Ontario,M4G2K4,416-423-5017,416-423-0727,Toronto Region,ztoovey@cgsschool.com,www.cgsschool.com,Elementary,Not applicable,Site based only,No Association Membership
359,"Children's House Montessori, The",878847,,Laurie Forbes,,,16150 Old Simcoe Rd,Port Perry,Ontario,L9L1P3,905-985-3431,905-985-6632,East Region,info@childrenshouse.ca,www.childrenshouse.ca,Elementary,Not applicable,Site based only,Montessori Quality Assurance in Canada (MQA)
360,Children's Learning Garden Inc,668843,,Shazia Afzal,,,370 Queen Street South,Mississauga,Ontario,L5M1M2,905-821-3424,,Central Region,info@childrenslg.com,http://childrenslg.com,Elementary,Not applicable,Site based only,No Association Membership
361,"Children's Montessori School, The",878138,,Jennifer Connelly,,,186 Romaine St,Peterborough,Ontario,K9J2C4,705-742-8442,705-742-4357,East Region,cms_admin@nexicom.net,www.childrensmontessorischool.com,Elementary,Not applicable,Site based only,No Association Membership
362,Children's Urban Enrichment Studio,666652,,Eleni Makrikostas,,,2986 Lakeshore Boulevard West,Toronto,Ontario,M8V1J9,647-781-6091,,Toronto Region,cueskids@outlook.com,www.cueskids.com,Elementary,Not applicable,Site based only,No Association Membership
363,Chisholm Academy,888699,Offers credits toward the Ontario Secondary School Diploma (OSSD),Sylvia Moyssakos,,,1484 Cornwall Rd,Oakville,Ontario,L6J7W5,905-844-3240,905-844-7321,Central Region,info@chisholmacademy.com,www.chisholmacademy.com,Elem/Sec,Not applicable,Site based only,No Association Membership
364,Chisholm Parochial School,886567,,Henry Hochstetler,,,213 Kells Road,Powassan,Ontario,P0H1Z0,,,North Region,,,Elementary,Not applicable,Site based only,No Association Membership
365,Christadelphian Heritage College,881375,,Joshua Hodge,,,522 Book Road East,Ancaster,Ontario,L9G3L1,905-304-8222,,West Region,josh.hodge@heritagecollege.ca,www.heritagecollege.ca,Elementary,Not applicable,Site based only,No Association Membership
366,Christadelphian Secondary School,665066,Offers credits toward the Ontario Secondary School Diploma (OSSD),Shawn Moynihan,,,442 Dunsdon Street,Brantford,Ontario,N3P2B1,519-831-9076,,West Region,shawnemoynihan@gmail.com,,Secondary,Not applicable,Site based only,No Association Membership
367,Christian Virtual School,669600,Offers credits toward the Ontario Secondary School Diploma (OSSD),Sarah McKercher,,,38 Mary Street,Clinton,Ontario,N0M1L0,226-458-4202,,West Region,information@christianvirtualschool.com,https://www.christianvirtualschool.com/,Elem/Sec,All Year Round,Online Only,EDVance
368,Clanmore Montessori School,877921,,Grace Kidney,,,2463 Lakeshore Rd E,Oakville,Ontario,L6J1M7,905-337-8283,905-842-2898,Central Region,info@clanmore.ca,http://www.clanmore.ca,Elementary,Not applicable,Site based only,Canadian Council of Montessori Administrators (CCMA)
369,"Claremont School, The",883818,,Evelyn Reiss,,,70 Silver Birch AVE,TORONTO,Ontario,M4E3K9,416-778-6336,,Toronto Region,info@claremontschool.com,www.claremontschool.com,Elementary,Not applicable,Site based only,Ontario Federation of Independent Schools
370,Clearview Parochial,886246,,Eva Shantz,,,2447 Three Bridges Road 4,Elmira,Ontario,N3B2Z3,,,West Region,,,Elementary,Not applicable,Site based only,No Association Membership
371,Clearview School of Arts and Culture,887461,,Dongzhen Pang,101/201 West,,1300 Don Mills Rd,North York,Ontario,M3B2W6,647-898-1883,,East Region,janepang@clearviewschool.ca,,Elementary,Not applicable,Site based only,No Association Membership
372,Clyfford Academy,884300,Offers credits toward the Ontario Secondary School Diploma (OSSD),Michael Miao,,,1875 Niagara Stone Road,Niagara-on-the-Lake,Ontario,L0S1J0,289-868-9200,,West Region,susie.li@clyfford.ca,www.clyfford.ca,Secondary,All Year Round,Online Only,No Association Membership
373,Cobden Corner's Parochial School,668898,,Sara Beth Horst,,,98 Snake River Line,Cobden,Ontario,K0J1K0,,,East Region,,,Elementary,Not applicable,Site based only,No Association Membership
374,Cold Creek Parochial School,885389,,Edna Hoover,,,1050 Cold Creek Road,Eganville,Ontario,N0G2X0,,,East Region,,,Elementary,Not applicable,Site based only,No Association Membership
375,Colin MacDonald Alternative School,876682,,Christine Borsellino,,,19 Pearl St N,Hamilton,Ontario,L8R2Y6,905-525-6336,,West Region,info@colinmacdonald.ca,www.colinmacdonald.ca,Elementary,Not applicable,Site based only,No Association Membership
376,College Park Elementary School,887552,,Michelle DeSilva,,,220 Townline Rd. N.,Oshawa,Ontario,L1K2J6,905-723-0163,905-723-2984,East Region,mdesilva@cpes.ca,www.cpes.ca,Elementary,Not applicable,Site based only,No Association Membership
377,Columbia International College of Canada,880183,Offers credits toward the Ontario Secondary School Diploma (OSSD),Joseph Knap,,,1003 Main St W,Hamilton,Ontario,L8S4P3,905-572-7883,,West Region,columbia@cic-totalcare.com,http://www.cic-totalcare.com,Secondary,All Year Round,Site based only,No Association Membership
378,Columbus Private School,669701,,Carolyn Donison,,,3285 Simcoe Street North,Oshawa,Ontario,L1H7K4,289-988-1555,,East Region,columbusps@gmail.com,www.columbusprivateschool.com,Elementary,Not applicable,Site based only,No Association Membership
379,Community Christian School,881198,,Rita Bergsma,,,2681 Glen Street,Metcalfe,Ontario,K0A2P0,613-821-3669,613-821-6135,East Region,LDouma@communitychristianschool.ca,www.communitychristianschool.ca,Elementary,Not applicable,Site based only,EDVance
380,Community Christian School,885380,,Raymond Verburg,,,35 High Street,Drayton,Ontario,N0G1P0,519-638-2935,,West Region,office@ccsdrayton.org,www.ccsdrayton.org,Elementary,Not applicable,Site based only,EDVance
381,Community Life Christian School,669150,,Fengyu Jia,,,140 Dawes Road,Toronto,Ontario,M4C5C2,416-893-1461,,Toronto Region,communitylcf@gmail.com,www.communitylifechristianschool.com,Elem/Sec,Not applicable,Site based only,No Association Membership
382,Concordia Ontario Academy,669705,Offers credits toward the Ontario Secondary School Diploma (OSSD),Lou Vescio,,,1165 Centre Street,Fenwick,Ontario,L0S1C0,905-351-0906,,West Region,info@concordia-academy.com,https://concordia-academy.com,Secondary,Not applicable,Online Only,No Association Membership
383,Connect International School,665782,Offers credits toward the Ontario Secondary School Diploma (OSSD),Samantha Schmidt,201,,460 Str Richmond,Toronto,Ontario,M5V1Y1,416-850-8602,,Toronto Region,info@studycis.com,www.studycis.com,Secondary,All Year Round,Online/Site Based,No Association Membership
384,Convoy Int'l Secondary Academy-ESSA,669325,Offers credits toward the Ontario Secondary School Diploma (OSSD),Chunxiu Du,,,8058 8th Line West,Utopia,Ontario,L0M1T0,905-597-0863,,Central Region,info@convoyinternational.ca,convoyinternational.ca,Secondary,Not applicable,Online/Site Based,Conference of Independent Schools of Ontario
385,Corinth Christian School,877832,,Weber Elverne,,,54519 Eden Line Line,Aylmer,Ontario,N5H2R3,519-866-3883,519-765-2662,West Region,,,Elem/Sec,Not applicable,Site based only,No Association Membership
386,Cornell International Academy,669233,Offers credits toward the Ontario Secondary School Diploma (OSSD),Tyler Simon,303,,250 Sheppard Avenue East,Toronto,Ontario,M2N6M9,647-350-8582,647-350-8583,Central Region,info@cornellacademy.ca,www.cornellacademy.ca,Secondary,Not applicable,Site based only,No Association Membership
387,Cornerstone Christian Academy,882752,,Chad Stulp,,,87917 Gorrie Line,Gorrie,Ontario,N0G1X0,519-588-0542,,West Region,info@cornerstoneca.ca,https://www.cornerstoneca.ca/,Elem/Sec,Not applicable,Site based only,No Association Membership
388,Cornerstone Christian High School,883846,Applied to offer credits toward the Ontario secondary School Diploma (OSSD),Anna Laman,,,4501 Hwy 6,Hagersville,Ontario,N0A1H0,226-583-4484,,West Region,info@cornerstonechristianhs.ca,cornerstonechristianhs.ca,Secondary,Not applicable,Site based only,EDVance
389,Cornerstone Christian School,886395,,James Kanis,,,108 FOREST ST,GUELPH,Ontario,N1G1H9,519-837-4092,,West Region,office@guelphcornerstone.com,www.guelphcornerstone.com,Elementary,Not applicable,Site based only,League of Canadian Reformed School Societies
390,Cornerstone Christian School Emo,886462,Offers credits toward the Ontario Secondary School Diploma (OSSD),Wilma Kooistra,,518,11 School Street,Emo,Ontario,P0W1E0,807-482-3838,,North Region,wilma.kooistra@cornerstonechristian.ca,,Elem/Sec,Not applicable,Site based only,EDVance
391,Cornerstone Community Christian School,665238,,Michelle Gerber,,,1298 Lisbon Rd.,Wellesley,Ontario,N0B2T0,,,West Region,cornerstone.ccs@outlook.com,,Elem/Sec,Not applicable,Site based only,No Association Membership
392,Cornerstone Preparatory - Main,875376,Offers credits toward the Ontario Secondary School Diploma (OSSD),Stephanie Ling,,,177 Beverley St,Toronto,Ontario,M5T1Y7,416-977-1204,416-977-0065,Toronto Region,info@cornerstoneprep.ca,www.cornerstoneprep.ca,Elem/Sec,Not applicable,Online/Site Based,Other
393,Cornerstone Reformed Protestant School,668953,,Craig Ferguson,,,13 S Elizabeth Street,Teeswater,Ontario,N0G2S0,,,West Region,Schoolboard@cornerstonerps.org,,Elem/Sec,Not applicable,Site based only,No Association Membership
394,Cornerstone Schoolhouse,665334,,Molly Groves,,369,169 Beech St,Clinton,Ontario,N0M1L0,519-525-8821,,West Region,molly.horbanuik@gmail.com,,Elementary,Not applicable,Site based only,No Association Membership
395,Cossara Summers Education Centre,665932,Applied to offer credits toward the Ontario secondary School Diploma (OSSD),Valeria Daskalov,,,5635 Yonge Street M2M 3S9,North York,Ontario,L4E3V4,647-825-2677,,Central Region,cossara@cossara.com,www.cossara.com,Secondary,Summer,Site based only,No Association Membership
396,Country Casa Academy,885988,,Rocco Priore,,,14994 Highway 48,Stouffville,Ontario,L4A3B6,905-640-5437,,Central Region,rocco@countrycasa.ca,countrycasa.ca,Elementary,Not applicable,Site based only,No Association Membership
397,Country Echoes Parochial School,884921,,Connie Bauman,,,8117 Line 12 1,Conn,Ontario,N0G1N0,519-400-5569,,West Region,,,Elementary,Not applicable,Site based only,No Association Membership
398,Country Garden Montessori Academy,877425,Offers credits toward the Ontario Secondary School Diploma (OSSD),Hilsenteger Donna,,,34 Berczy Street,Aurora,Ontario,L4G1W9,905-898-6257,905-898-3743,Central Region,donnahilsenteger@gmail.com,www.countrygarden.ca,Elem/Sec,Not applicable,Site based only,No Association Membership
399,Countryside Christian School,889741,,Tanner Brubacher,,Box 65,3745 Herrgott Rd,Hawkesville,Ontario,N0B1X0,519-699-5793,519-699-4576,West Region,joey.shantz@countrysideschool.ca,,Elem/Sec,Not applicable,Site based only,No Association Membership
400,Countryside Montessori Private School,876550,,Tonino Sampogna,,,1 Loring Drive,Bolton,Ontario,L7E1Y1,905-951-3359,905-951-3920,Central Region,cmpsupdates@gmail.com,countrysidemontessori.ca,Elementary,Not applicable,Site based only,No Association Membership
401,Covenant Canada Academy,882467,Offers credits toward the Ontario Secondary School Diploma (OSSD),Nunzio Romano,,,250 Lesmill Road,North York,Ontario,M3B2T5,647-802-0117,,Central Region,nrnunzioromano@gmail.com,https://woodbridgeacademy.online,Secondary,All Year Round,Online/Site Based,No Association Membership
402,Covenant Central Academy,668636,Offers credits toward the Ontario Secondary School Diploma (OSSD),Nunzio Romano,,,250 Lesmill Road,North York,Ontario,M3B2T5,647-802-0117,,Central Region,nrnunzioromano@gmail.com,www.covenantcentralacademy.com,Secondary,Not applicable,Site based only,No Association Membership
403,Covenant Christian School,889318,,Megan Hultink,,,7 Howard Ave.,London,Ontario,N6P1B8,519-203-0266,519-203-0266,West Region,office@ccslondon.org,,Elementary,Not applicable,Site based only,League of Canadian Reformed School Societies
404,Coyote Nature School,665114,,Kendra Martin,,,539 Victoria Street,Harrington,Ontario,N0J1J0,519-852-1842,,East Region,kendrakinnemartin@gmail.com,www.coyotenatureschool.ca,Elementary,Not applicable,Site based only,No Association Membership
405,Crane Lake Discovery Camp,669698,,Cynthia Weber,,713,200 South Crane Lake Road,MacTier,Ontario,P0C1H0,519-465-4738,,Central Region,office@cranelakediscoverycamp.org,cranelakediscoverycamp.org,Elementary,Not applicable,Site based only,Other
406,Crania Schools,883617,,Tasreen Charania,205,,370 University Ave E,Waterloo,Ontario,N2K3N2,519-781-8810,,West Region,waterlooeast@crania-schools.com,https://crania-schools.com,Elementary,Not applicable,Online/Site Based,No Association Membership
407,Crawford Adventist Academy (East Campus),882947,,Judy Burgin-Hall,,,1765 MEADOWVIEW  AVE AVE,PICKERING,Ontario,L1V3G7,905-839-0849,905-837-1967,East Region,jburgin-hall@caasda.com,www.caasda.com,Elementary,Not applicable,Site based only,No Association Membership
408,Crawford Adventist Academy - Elementary,668882,,Lauren Chichester,,,531 Finch Avenue West,Toronto,Ontario,M2R3X2,416-633-0090,416-633-0467,Central Region,admin@caasda.com,www.caasda.com,Elementary,Not applicable,Site based only,Ontario Conference of the Seventh Day Adventist Church
409,Crawford Adventist Academy - Peel Campus,877670,,Manuela Terencio,,,2250 Credit Valley Rd,Mississauga,Ontario,L5M4L9,905-459-0500,905-459-5464,Central Region,Peelsda@gmail.com,www.caasda.com,Elementary,Not applicable,Site based only,No Association Membership
410,Crawford Adventist Academy -Secondary,887293,Offers credits toward the Ontario Secondary School Diploma (OSSD),Andon Boyce,,,531 Finch Ave W,Toronto,Ontario,M2R3X2,416-633-0090,416-633-0467,Central Region,aboyce@caasda.com,www.caasda.com,Secondary,Not applicable,Site based only,Ontario Conference of the Seventh Day Adventist Church
411,Credo Christian School,880809,,Edward Slaa,,,10301 Creditview Rd,Brampton,Ontario,L7A0X3,289-209-8383,,Central Region,office@credochristianschool.com,credochristianschool.com,Elementary,Not applicable,Site based only,League of Canadian Reformed School Societies
412,Creek Bank Parochial,878405,,Henry Brubacher,,,1371 Grey Ox Avenue 5,Lucknow,Ontario,N0G2H0,,,West Region,,,Elementary,Not applicable,Site based only,No Association Membership
413,Crescent School,887161,Offers credits toward the Ontario Secondary School Diploma (OSSD),Richard Prosser,,,2365 Bayview Ave,Toronto,Ontario,M2L1A2,416-449-2556,416-449-7950,Central Region,info@crescentschool.org,http://www.crescentschool.org,Elem/Sec,Not applicable,Site based only,Other
414,Crestwood Preparatory College Inc.,665266,Offers credits toward the Ontario Secondary School Diploma (OSSD),John David Hecock,,,217 Brookbanks Dr,Toronto,Ontario,M3A2T7,416-391-1441,416-444-0949,Central Region,dave.hecock@crestwood.on.ca,www.crestwood.on.ca,Elem/Sec,All Year Round,Site based only,Conference of Independent Schools of Ontario
415,Crestwood School,881570,,Dalia Eisen,,,411 Lawrence Ave. E,Toronto,Ontario,M3C1N9,416-444-5858,416-444-2127,Central Region,grace.cruz@crestwood.on.ca,http://www.crestwoodschool.com,Elementary,Not applicable,Online/Site Based,Conference of Independent Schools of Ontario
416,Crispin Independent Learning Initiative (Guelph),882506,,Deborah Lynn Crispin,,,87 DEAN AVENUE,GUELPH,Ontario,N1G1L3,519-766-6212,,West Region,SENSEICRISPIN@GMAIL.COM,CILIGUELPH.CA,Elementary,Not applicable,Site based only,No Association Membership
417,Croton Christian Day School,881305,,Kreider Kevin,,,29923 Oakdale Road,Croton,Ontario,N0P1K0,519-692-5305,,West Region,,,Elem/Sec,Not applicable,Site based only,No Association Membership
418,Crown Academy,882866,Offers credits toward the Ontario Secondary School Diploma (OSSD),Miao Sun,2nd F,,5200 Yonge Street,North York,Ontario,M2N5P6,416-228-8898,416-628-5692,Central Region,ys@crownaca.com,www.crownaca.com,Secondary,All Year Round,Online/Site Based,No Association Membership
419,Dar Ul-Huda School,668720,,Suad Saber,,,300 Olmstead,Vanier,Ontario,K1L7K1,613-355-4905,,East Region,suadsaber@gmail.com,,Elementary,Not applicable,Site based only,Other
420,Darul Ilm Islamic Academy,889900,,Humaira Alam,"213, 217",,1735 Kipling Ave,Etobicoke,Ontario,M9R2Y8,416-877-3164,,Central Region,sadaq1975@gmail.com,,Elementary,Not applicable,Site based only,No Association Membership
421,Darul-Uloom Canada - Chatham,880921,,MOHAMMAD MANSOOR MEMON,,,51 PRINCE ST N,CHATHAM,Ontario,N7M4J7,519-360-1028,519-360-1023,West Region,office@ducanada.org,www.ducanada.org,Elem/Sec,Not applicable,Online/Site Based,No Association Membership
422,Daryk High School (DH School),882053,Offers credits toward the Ontario Secondary School Diploma (OSSD),Selon Ashouri,2B,,5467 YONGE ST,North York,Ontario,M2N5S1,416-222-8408,,Central Region,info@darykhighschool.com,www.darykhighschool.com,Elem/Sec,All Year Round,Online/Site Based,No Association Membership
423,Dasmesh Khalsa School,886138,Applied to offer credits toward the Ontario secondary School Diploma (OSSD),"Harkiran Kaur Gill, Inderbir Singh Rai",,,11075 Clarkway Drive,Brampton,Ontario,L6P0W1,647-513-1413,,Central Region,brampton@dkschool.org,www.dkschool.org,Elem/Sec,All Year Round,Site based only,No Association Membership
424,Dasmesh Khalsa School KWC,668302,,Nihaal Singh Gill,12B,,1000 Bishop Street N,Cambridge,Ontario,N3H4V7,416-414-2944,,West Region,kwc@dkschool.org,www.dkschool.org,Elementary,Not applicable,Site based only,No Association Membership
425,Dasmesh Khalsa School Woodstock,665015,,Inderbir Singh Rai,,,87 Blandford Street,Innerkip,Ontario,N0J1M0,416-414-2944,,West Region,woodstock@dkschool.org,www.dkschool.org,Elementary,Not applicable,Site based only,No Association Membership
426,Dayspring Christian School,886320,,Elmer Wideman,,,172 Wilson Road,Stirling,Ontario,K0K3E0,613-922-3839,,East Region,elmer@hastingsmeat.ca,,Elem/Sec,Not applicable,Site based only,No Association Membership
427,De La Salle College,886939,Offers credits toward the Ontario Secondary School Diploma (OSSD),Robert Lundy,,,131 FARNHAM AVE,TORONTO,Ontario,M4V1H7,416-969-8771,416-969-9175,Toronto Region,mainoffice@delasalle.ca,www.delasalle.ca,Elem/Sec,Not applicable,Site based only,Conference of Independent Schools of Ontario
428,Dearcroft Montessori School,666168,,Breanne Rymes,,,1167 LAKESHORE RD E,OAKVILLE,Ontario,L6J1L3,905-844-2114,,Central Region,info@dearcroft-montessori.com,www.dearcroft-montessori.com,Elementary,Not applicable,Site based only,Canadian Council of Montessori Administrators (CCMA)
429,Debbie Campbell Learning Academy,666890,Offers credits toward the Ontario Secondary School Diploma (OSSD),Michel Cote,,,440 ALBERT St.,Ottawa,Ontario,K1R5B5,613-741-8212,613-741-9087,East Region,clanthier@rsc-crs.com,,Secondary,Not applicable,Site based only,No Association Membership
430,Deer Lake First Nations,663344,Offers credits toward the Ontario Secondary School Diploma (OSSD),Julia Fraser,,Box 69,Duck Lane,Deer Lake,Ontario,P0V1N0,807-775-2055,807-775-2148,North Region,eliahaydon@edu.knet.ca,http://deerlake.firstnation.ca/,Elem/Sec,First Nation,Site based only,No Association Membership
431,Deer Trail Parochial School,669502,,Hannah Brubacher,,,251 Hayes Lake Avenue 1,Holyrood,Ontario,N0G2B0,,,Central Region,,,Elementary,Not applicable,Site based only,No Association Membership
432,Delano Academy,884533,,Sandy Palombo,,,2600 Major Mackenzie Drive Wes,Maple,Ontario,L6A1C1,905-237-7315,,Central Region,admin@delanoacademy.com,www.delanoacademy.com,Elementary,Not applicable,nan,
433,Delores D. Echum Composite,667072,Offers credits toward the Ontario Secondary School Diploma (OSSD),Donald Cheechoo,,86,28 Amisk St,MOOSE FACTORY,Ontario,P0L1W0,705-658-5610,705-658-5611,North Region,info@mcea.ca,www.mcea.ca,Elem/Sec,First Nation,Site based only,No Association Membership
434,Delta Academy Inc,667561,Offers credits toward the Ontario Secondary School Diploma (OSSD),Ajantharooban Mahendran,1,,1160 Tapscott Road,Scarborough,Ontario,M1X1E9,416-751-2011,,East Region,Deltaacademyinc@hotmail.com,,Secondary,All Year Round,Site based only,No Association Membership
435,Dennis Franklin Cromarty High School,663921,Offers credits toward the Ontario Secondary School Diploma (OSSD),Sharon Angeconeb,,,315 North Edward St,Thunder Bay,Ontario,P7C4P3,807-623-8914,807-623-2918,North Region,SAngeconeb@nnec.on.ca,www.nnec.on.ca,Secondary,First Nation,Site based only,No Association Membership
436,Deran Academy,669640,Offers credits toward the Ontario Secondary School Diploma (OSSD),Chloe Liang,,,8980 Woodbine Ave,Markham,Ontario,L3R0J7,289-597-0109,,Central Region,deranacademy@gmail.com,www.deranacademy.com,Secondary,All Year Round,Online/Site Based,No Association Membership
437,Destiny Christian Academy,882606,,Vanessa Johnston,,,999 Sydenham Road,Kingston,Ontario,K7M3L8,613-542-0525,,East Region,info@destinychristianacademy.ca,www.destinychristianacademy.ca,Elementary,Not applicable,Site based only,Other
438,Dewey College,668563,Offers credits toward the Ontario Secondary School Diploma (OSSD),Xiaojing Zhang,,,5889 Coopers Avenue,Mississauga,Ontario,L4Z1R9,905-897-6668,905-897-6662,Central Region,donna.zhang@deweyinstitute.com,www.deweycollege.ca,Elem/Sec,All Year Round,Online/Site Based,No Association Membership
439,Dewey Institute,666071,Offers credits toward the Ontario Secondary School Diploma (OSSD),Craig Shelswell,,,119 Wellington Street,Bracebridge,Ontario,P1L1E2,705-644-4063,,Central Region,info@deweyinstitute.com,www.deweyinstitute.com,Elem/Sec,All Year Round,Online/Site Based,No Association Membership
440,Diponte Academy,882268,Offers credits toward the Ontario Secondary School Diploma (OSSD),Frank Duan,,,3547 Mt Albert Road,East Gwillimbury,Ontario,L0G1V0,647-779-5286,647-927-5286,Central Region,frank.duane435@gmail.com,www.diponte.ca,Secondary,Not applicable,Online/Site Based,No Association Membership
441,Discipleship Christian Secondary,884239,,Jeffrey Collard,,,250 Old Chicopee Drive,Kitchener,Ontario,N2A4J2,519-589-7564,,West Region,jeff.collard@discipleshipchristian.org,,Secondary,Not applicable,Site based only,Other
442,Discovering Minds Montessori Preschool I,886754,,Guadalupe Rengifo,200,,828 Richmond Street West,Toronto,Ontario,M6J1C9,416-504-0110,,Toronto Region,discovering@dmmps.com,www.dmmps.com,Elementary,Not applicable,Site based only,Canadian Council of Montessori Administrators (CCMA)
443,Discovery Academy Inc,884964,Offers credits toward the Ontario Secondary School Diploma (OSSD),Lenie Saledinova,,,10030 Yonge St,Richmond Hill,Ontario,L4C1T8,416-302-4085,289-317-0334,Central Region,info@diacademy.ca,www.discoveryacademy.ca,Elem/Sec,All Year Round,Online/Site Based,No Association Membership
444,Donegal Community Christian School,877166,,Brent Frey,,,7021 Perth Rd 147 2,Atwood,Ontario,N0G1B0,519-356-2515,519-595-7625,West Region,donegalccs@gmail.com,,Elem/Sec,Not applicable,Site based only,Mennonite school community
445,Dookh Nivaaran Khalsa School,669753,,Sukhpreet Singh Garcha,,,7677 County Rd 42,Maidstone,Ontario,N0R1K0,519-948-2160,,West Region,dnkhalsaschool@gmail.com,,Elementary,Not applicable,Site based only,No Association Membership
446,Dora Education Centre,885348,,Zhijiang Gao,201,,3333 Bayview Avenue,Toronto,Ontario,M2K1G4,647-870-8981,,Central Region,doraeducationcentre@gmail.com,www.doratoronto.com,Elementary,Not applicable,Online/Site Based,No Association Membership
447,Dresden Private Mennonite School,884553,,Heinrich Unger,,,10923 Countryview Line,Dresden,Ontario,N0P1M0,519-683-6610,519-683-6610,West Region,,,Elementary,Not applicable,Site based only,No Association Membership
448,Dufferin Area Christian School,887714,,Shawn Wolski,,,394016 County Rd 12,Amaranth,Ontario,L9W0N2,519-941-4368,519-941-3748,Central Region,office@dacslaurel.ca,www.dacslaurel.ca,Elementary,Not applicable,Site based only,League of Canadian Reformed School Societies
449,Duke Academy,668698,Offers credits toward the Ontario Secondary School Diploma (OSSD),Byran Ho,602,,4576 Yonge Street,Toronto,Ontario,M2N6N4,416-733-3853,416-733-2070,Central Region,info@dukeacademy.ca,www.dukeacademy.ca,Secondary,Not applicable,Online/Site Based,No Association Membership
450,"Dunblaine School, The",887951,,Michele BRAIDA,,,21 Deloraine Ave,Toronto,Ontario,M5M2A8,416-483-9215,416-483-0903,Toronto Region,info@dunblaineschool.com,www.dunblaineschool.com,Elementary,Not applicable,Site based only,Ontario Federation of Independent Schools
451,"Duncan Academy, The",667206,Offers credits toward the Ontario Secondary School Diploma (OSSD),Stephen Harris,1,,730 Cochrane Drive,Markham,Ontario,L3R8E1,905-475-8848,905-946-9988,Central Region,theduncanacademy@gmail.com,www.tdacanada.com,Secondary,All Year Round,Online/Site Based,No Association Membership
452,Dundas Valley Montessori School,669699,,Tony Evans,,,14 Kemp Drive,Dundas,Ontario,L9H2M9,905-627-1073,905-627-1073,West Region,admin@dvms.ca,,Elementary,Not applicable,Site based only,Canadian Council of Montessori Administrators (CCMA)
453,Dunnville Christian Private Elementary,888575,,Nicole VanHuizen,,,37 Robinson Rd RR 1,Dunnville,Ontario,N1A2W1,905-774-5142,905-774-5519,West Region,principal@dunnvillechristianschool.ca,http://www.dunnvillechristianschool.ca/,Elementary,Not applicable,Site based only,EDVance
454,Duowei Education Centre,885343,,Ying Mei Xie,6,,35 West Pearce St,Richmond Hill,Ontario,L4B1E3,416-895-1813,,Central Region,xieyingmei@hotmail.com,,Elem/Sec,Not applicable,Site based only,No Association Membership
455,Durham Academy,880448,Offers credits toward the Ontario Secondary School Diploma (OSSD),Suzanna Mason,,,900 King Street East,Oshawa,Ontario,L1H1H2,905-240-2501,,East Region,durhamacademyss@yahoo.com,www.durhammontessori.ca,Secondary,Not applicable,Site based only,No Association Membership
456,Durham Christian High School,887544,Offers credits toward the Ontario Secondary School Diploma (OSSD),Shannon Marcus,,,340 West Scugog Lane,Bowmanville,Ontario,L1C7C1,905-623-5940,855-821-4012,East Region,office@dchs.com,www.dchs.com,Secondary,Not applicable,Site based only,EDVance
457,Durham Elementary Private School,668038,,Suzanna Mason,,,505 Adelaide Street East,Oshawa,Ontario,L1G2A4,905-432-1400,905-432-0050,East Region,gbms@ymail.com,www.durhammontessori.com,Elementary,Not applicable,Site based only,No Association Membership
458,EDUCATE ACADEMY ELEMENTARY,669156,,MAXINE RUSSELL,,,305 LONGBOW STREET,SHELBURNE,Ontario,L0N1S4,416-839-7798,,Central Region,ewartmaximae@gmail.com,,Elementary,Not applicable,Online/Site Based,No Association Membership
459,ELPIS COLLEGE TORONTO,884452,Offers credits toward the Ontario Secondary School Diploma (OSSD),Esther Kim,1,,2160 Dunwin Drive,Mississauga,Ontario,L5L5M8,905-607-7773,,Central Region,info@elpiscollege.ca,www.elpiscollege.ca,Secondary,All Year Round,Online/Site Based,No Association Membership
460,East Dorking Parochial School,885860,,Elmeda Shantz,,,4775 Chalmers Forrest Road 1,Wallenstein,Ontario,N0B2S0,519-698-0213,,West Region,,,Elementary,Not applicable,Site based only,No Association Membership
461,East Heidelberg Parochial School,887560,,Nancy Brubacher,,,1316 Martin Creek Road 3,Waterloo,Ontario,N2J3Z4,,,West Region,,,Elementary,Not applicable,Site based only,No Association Membership
462,East Vaughan School,886062,Applied to offer credits toward the Ontario secondary School Diploma (OSSD),Justin Li,,,9500 Dufferin Street,Maple,Ontario,L6A0T9,416-450-3389,,Central Region,justin.li@eastvaughanschool.ca,www.eastvaughanschool.ca,Elem/Sec,All Year Round,Site based only,No Association Membership
463,Eastern Canada High School,882251,Offers credits toward the Ontario Secondary School Diploma (OSSD),Ahmed Dawson,206,,2141 Kipling Avenue,Toronto,Ontario,M9W4K8,416-567-4404,,Central Region,easterncanada.edu@gmail.com,www.easterncanadahs.com,Secondary,Not applicable,Online/Site Based,No Association Membership
464,Ebb and Flow Forest School,667101,,Adam Munce,,,532 Blue Lake Road,St. George,Ontario,N0E1N0,226-747-7589,,West Region,ebbandflowforestschool@gmail.com,www.ebbandflowforestschool.com,Elementary,Not applicable,Site based only,No Association Membership
465,Eben-Ezer Christian School,886130,,Natasha Vanderveen,,,485 McNaughton Ave E,Chatham,Ontario,N7L2H2,519-354-1142,519-354-2159,West Region,ebenezer@bellnet.ca,currently under construction,Elementary,Not applicable,Site based only,Covenant Canadian Reformed Teachers College (CCRTC)
466,Eben-ezer Christian School,884292,Offers credits toward the Ontario Secondary School Diploma (OSSD),Arthur Verhoef,,,4160 Fly Road,Campden,Ontario,L0R1G0,905-563-3077,,West Region,principal@ecschool.ca,,Elem/Sec,Not applicable,Site based only,EDVance
467,Ebenezer Christian Academy,876771,,Jeanette Grass,,,43 Fox St,Essex,Ontario,N8M2S1,519-776-4158,519-776-5052,West Region,ecm@kelcom.net,,Elem/Sec,Not applicable,Site based only,No Association Membership
468,Eder Academy of Canada,886074,Offers credits toward the Ontario Secondary School Diploma (OSSD),Yuan Qi,401,,205 Placer Ct,North York,Ontario,M2H0A9,647-633-6996,,Central Region,info@ederacademy.ca,www.ederacademy.ca,Secondary,All Year Round,Online/Site Based,No Association Membership
469,Edge Hill Country School,883964,,Christopher Ruttan,,,423281 Concession 6 RR 1,Durham,Ontario,N0G1R0,519-369-3195,,West Region,info@edgehillschool.org,www.edgehillschool.org,Elementary,Not applicable,Site based only,Waldorf Early Childhood Association of North America
470,EduNaissance Academy,668586,,Jianhui Yuan,145,,21 Duke Street,St. Catharines,Ontario,L2R5W1,416-556-7627,,West Region,jeffrey@edunaissance.com,https://edunaissance.school,Elem/Sec,Not applicable,Online Only,No Association Membership
471,EduSmile Ontario High School,884726,Offers credits toward the Ontario Secondary School Diploma (OSSD),Reema Dhawan,J1,,10510 Torbram Road,Brampton,Ontario,L6R3N9,905-458-3337,,Central Region,info@edusmilelearning.ca,www.edusmilelearning.ca,Secondary,Not applicable,Site based only,No Association Membership
472,Edukos Academy,881769,Offers credits toward the Ontario Secondary School Diploma (OSSD),Mark Hanna,,,5 Brocton avenue,Richmond Hill,Ontario,L4E4T1,647-849-5722,,Central Region,admin@edukosacademies.com,,Elem/Sec,All Year Round,Online Only,No Association Membership
473,Edward International Academy,881776,Offers credits toward the Ontario Secondary School Diploma (OSSD),Franco Marchese,,,430 King Street,Wallaceburg,Ontario,N8A1J1,519-997-2535,,West Region,erictian@edward-edu.ca,www.edward-edu.ca,Secondary,Not applicable,Online/Site Based,No Association Membership
474,Eenchokay Birchstick,663492,Offers credits toward the Ontario Secondary School Diploma (OSSD),Parastou Ziadlou,,,71 Airport Road,Pikangikum,Ontario,P0V2L0,807-773-5561,,North Region,,www.ebs-school.org,Elem/Sec,First Nation,Site based only,No Association Membership
475,Eitz Chaim Schools,887234,,Mordechai Loiterman,,,80 York Hill Boulevard,Thornhill,Ontario,L4J2P6,905-764-6633,,Central Region,spring@eitzchaim.com,,Elementary,Not applicable,Site based only,No Association Membership
476,Elite High School,668539,Offers credits toward the Ontario Secondary School Diploma (OSSD),Aimee Liu,103,,106 Parkway Forest Dr,North York,Ontario,M2J0C3,647-994-9992,,Central Region,info@elitehighschool.com,www.elitehighschool.com,Secondary,All Year Round,Online Only,No Association Membership
477,Elite Montessori School,889246,,Indu Luthra,,,6395 Mississauga Road,Mississauga,Ontario,L5N1A5,905-567-6600,,Central Region,info@elitemontessorischool.com,www.elitemontessorischool.com,Elementary,Not applicable,Site based only,Canadian Council of Montessori Administrators (CCMA)
478,Elm Creek Parochial School,876593,,Minerva Bowman,,,8410 Concession 3,Listowel,Ontario,N4W3G8,,,West Region,,,Elementary,Not applicable,Site based only,No Association Membership
479,Elmira North Parochial School,665568,,Loreen Martin,,,1560 Tilman Road 1,Elmira,Ontario,N3B2Z1,,,West Region,,,Elementary,Not applicable,Site based only,No Association Membership
480,Elmwood School,886300,Offers credits toward the Ontario Secondary School Diploma (OSSD),James Whitehouse,,,261 Buena Vista Rd,Ottawa,Ontario,K1M0V9,613-749-6761,613-741-8210,East Region,jwhitehouse@elmwood.ca,http://www.elmwood.ca,Elem/Sec,Not applicable,Online/Site Based,IB Schools of Ontario
481,Elora Road Christian School,881651,,Cindy Westendorp,,,5696 Wellington Rd 7 RR 5,Guelph,Ontario,N1H6J2,519-824-1890,,West Region,school@ercs.cloud,www.eloraroad.ca,Elementary,Not applicable,Site based only,EDVance
482,Elpis College,881900,Offers credits toward the Ontario Secondary School Diploma (OSSD),Esther Kim,1,,2160 DUNWIN DR,Mississauga,Ontario,L5L5M8,905-607-7773,905-607-7773,Central Region,info@elpiscollege.ca,www.elpiscollege.ca,Secondary,All Year Round,Online/Site Based,No Association Membership
483,Elton Academy,885897,Offers credits toward the Ontario Secondary School Diploma (OSSD),Andrew Kwa,4,,2 East Beaver Creek Road,Richmond Hill,Ontario,L4B2N3,905-731-0505,905-764-1881,Central Region,info@eltonacademy.ca,www.eltonacademy.com,Elem/Sec,All Year Round,Online/Site Based,No Association Membership
484,Emerald Valley Academy,887678,Offers credits toward the Ontario Secondary School Diploma (OSSD),Eric Tran,,,170 Sheppard Ave E,North York,Ontario,M2N3A4,437-268-6158,,East Region,admissions@evaschool.ca,www.evaschool.ca,Secondary,All Year Round,Online/Site Based,No Association Membership
485,Emmanuel Christian Academy,667463,,Tammy McEwen,,,35 Seymour E Street,Madoc,Ontario,K0K2K0,343-645-4029,,East Region,timandtammym@gmail.com,ECAMadoc.com,Elementary,Not applicable,Site based only,Other
486,Emmanuel Christian High School,889776,Offers credits toward the Ontario Secondary School Diploma (OSSD),Stephen DeBoer,,,680 Tower Street South,Fergus,Ontario,N1M0B1,226-383-7300,,West Region,office@echs.ca,www.echs.ca,Secondary,Not applicable,Site based only,No Association Membership
487,Emmaus Learning Pod,883831,,Josh Durston,,,47 Arthur St. S.,Elmira,Ontario,N3B2Z5,519-590-8931,,West Region,jeff@emmauslp.com,,Secondary,Not applicable,Online/Site Based,No Association Membership
488,Endless PossABILITIES,882835,,Lee Bent,22,,17817 Leslie Street,Newmarket,Ontario,L3Y8C6,905-715-7771,,Toronto Region,info@endlesspossabilities.ca,www.endlesspossabilities.ca,Elem/Sec,Not applicable,Site based only,No Association Membership
489,Enquiring Minds Montessori School,884041,,Kristen Hamilton,,,24 Progress Avenue,Toronto,Ontario,M1P2Y4,416-298-9938,,East Region,info@studio24.com.bz,www.enquiringmindsmontessori.com,Elementary,Not applicable,Online/Site Based,Canadian Council of Montessori Administrators (CCMA)
490,Entsyoyaneren'ne Secondary School,665537,Applied to offer credits toward the Ontario secondary School Diploma (OSSD),Megan Batchelor,,,245 Garner Road,Ancaster,Ontario,L9G3K9,289-339-9316,,West Region,m.batchelor@esschool.org,www.esschool.org,Elem/Sec,Not applicable,Site based only,No Association Membership
491,Erudite School,889027,,Olga Orlova,"209, 210, 211, 216",,2323 Bloor Street West,Toronto,Ontario,M6S4W1,647-812-1052,,Toronto Region,contact@eruditeschool.com,www.eruditeschool.com,Elementary,Not applicable,Site based only,No Association Membership
492,Ethnos Academy,875821,,Angie Bechtel,,707,313363 Highway 6 South St,Durham,Ontario,N0G1R0,519-369-2622,519-369-5828,West Region,academy@ethnos.ca,,Elem/Sec,Not applicable,Online/Site Based,Other
493,Ethos of Learning,885999,,Lisa Beeke,,,128 KI,PORT HOPE,Ontario,L1A2R9,905-885-7373,,East Region,lisabeeke40@gmail.com,,Elementary,Not applicable,Site based only,No Association Membership
494,Eunoia Forest School,881691,,Ellisha Blair,,,275 Conlin Road,Oshawa,Ontario,L0B1J0,416-453-3895,,East Region,ellisha@eunoiaforestschool.ca,www.eunoiaforestschool.ca,Elementary,Not applicable,Site based only,No Association Membership
495,Eureka Montessori,881135,,Yevgenya Kapustin,,,13345 Yonge Street,Richmond Hill,Ontario,L4E3L3,905-773-7999,,Central Region,eurekamontessorirh@gmail.com,www.eurekamontessori.ca,Elementary,Not applicable,Site based only,Independent and Private School Forum
496,Everest Academy,667763,Offers credits toward the Ontario Secondary School Diploma (OSSD),Jamie Stone,,,2600 Rutherford Road,Concord,Ontario,L4K5R1,905-417-9393,,Central Region,guidance@everestacademy.com,https://www.everestacademy.com/,Elem/Sec,Not applicable,Site based only,No Association Membership
497,Everest Academy Centre,669591,Offers credits toward the Ontario Secondary School Diploma (OSSD),Yousif Hassein,5,,600 Matheson Blvd W,Mississauga,Ontario,L5R4C1,647-507-1083,,Central Region,yousif.hassein3@gmail.com,,Elem/Sec,All Year Round,Online/Site Based,No Association Membership
498,Evergreen Education,884389,,Sarah Dunn,,,160 Marina Blvd,Peterborough,Ontario,K9H6M9,705-761-0659,,East Region,sdunn@evergreenedu.ca,https://evergreenedu.ca/,Elementary,Not applicable,Site based only,No Association Membership
499,Evergreen Leadership Academy,881785,,Simon Wolfson,B,,2701 Rutherford Road,Vaughan,Ontario,L4K2N6,905-417-3962,,Central Region,info@evergreenlearning.ca,www.evergreenlearning.ca,Elementary,Not applicable,Site based only,No Association Membership
500,Evergreen STEAM Academy,665867,,Tanya Nicoloff,,,5100 Appleby Line,Burlington,Ontario,L7M0P5,647-839-7533,,West Region,tanya@evergreenlearning.ca,DiscoverEvergreenAcademy.ca,Elementary,Not applicable,Site based only,Independent and Private School Forum
501,Every Child’s Montessori Enrichment School,880491,,Ashley Volpe,,,271 Mountainview Road South,Georgetown,Ontario,L7G5K8,416-277-5538,,Central Region,everychildsmontessori@gmail.com,www.everychildsmontessori.com,Elementary,Not applicable,Site based only,No Association Membership
502,Excel Your Education Academy,883259,Offers credits toward the Ontario Secondary School Diploma (OSSD),Jannatjeet Garewal,31,,2053 Williams Parkway,Brampton,Ontario,L6S5T4,647-271-7654,,Central Region,excelyoureducation@gmail.com,www.excelyouredu.ca,Elem/Sec,All Year Round,Online/Site Based,No Association Membership
503,Exceptional Learning Centre,665835,,riley friedman,1,,520 Westney Rd South,Ajax,Ontario,L1S6W4,905-686-4800,905-686-1922,East Region,riley.friedman@exlcentre.com,www.exlcentre.com,Elementary,Not applicable,Site based only,No Association Membership
504,Experience School,886085,Offers credits toward the Ontario Secondary School Diploma (OSSD),Karen Douglas,,,42 Sousa Mendes Street,Toronto,Ontario,M6P0B2,416-923-4638,416-923-4639,Toronto Region,forcredit@edutravel.com,www.experienceschool.ca,Secondary,All Year Round,Online/Site Based,No Association Membership
505,Explorer Hop Academy,668970,Offers credits toward the Ontario Secondary School Diploma (OSSD),Hasina Lookman,,,109 Pemberton Street,Toronto,Ontario,M2M1Y4,416-833-1782,,Toronto Region,hello@explorerhop.com,explorerhop.com,Elem/Sec,All Year Round,Online Only,No Association Membership
506,FH Education Online,668794,Offers credits toward the Ontario Secondary School Diploma (OSSD),Julia Zhu,Bldg B,,3000 Lawrence Ave E.,Toronto,Ontario,M1P2V1,416-289-4200,,East Region,online@fheducation.ca,https://fheducation.ca/fh-highschool-online/,Elem/Sec,All Year Round,Online Only,No Association Membership
507,Faculty of Engineering Secondary School,882762,Offers credits toward the Ontario Secondary School Diploma (OSSD),Julie Olivier,B111,,161 Louis-Pasteur Prvt,Ottawa,Ontario,K1N6N5,613-562-5491,,East Region,engineering.secondaryschool@uottawa.ca,https://www.uottawa.ca/faculty-engineering/outreach/faculty-engineering-secondary-school,Secondary,All Year Round,Online/Site Based,No Association Membership
508,Fair Haven Christian Day School,888800,,Jonathan Klassen,,,4184 Line 61 R.R.#1,Milverton,Ontario,N0K1M0,519-595-4568,,West Region,fairhavenchristiandayschool@gmail.com,,Elem/Sec,Not applicable,Site based only,No Association Membership
509,Fair View School,668526,,Alvin Shetler,,,433075 Zenda Line 1,Mount Elgin,Ontario,N0J1N0,,,West Region,,,Elementary,Not applicable,Site based only,No Association Membership
510,Fairbanks Parochial School,667608,,Miriam Bearinger,,,083526 Southgate Road 8 2,Mount Forest,Ontario,N0G2L0,,,West Region,,,Elem/Sec,Not applicable,Site based only,No Association Membership
511,Fairport Montessori Academy,883823,,Nader Kabboul,,,1825 Manning Road Road,Whitby,Ontario,L1N3M4,647-204-9824,,East Region,kabboul@gmail.com,www.FairportMontessori.com,Elementary,Not applicable,Site based only,Montessori Quality Assurance in Canada (MQA)
512,Fairview Amish Private School,888990,,Robert Shetler,,,37639 Belgrave Road 2,Lucknow,Ontario,N0G2H0,,,West Region,,,Elementary,Not applicable,Site based only,No Association Membership
513,Fairview Amish School,665812,,Katie Anna Zehr,,,52090 Chalet Line,Aylmer,Ontario,N5H2R1,,,West Region,,,Elementary,Not applicable,Site based only,No Association Membership
514,Fairview Glen Montessori,668711,,Tammy-Leigh Sage,,,3508 COMMERCE CRT,BURLINGTON,Ontario,L7N3L7,905-634-0781,905-634-7378,West Region,tlsage@fairviewglen.com,www.fairviewglen.com,Elementary,Not applicable,Site based only,Canadian Council of Montessori Administrators (CCMA)
515,Faithway Baptist Church School,889423,,Eric Léveillé,,,1964 Salem Rd,Ajax,Ontario,L1T4V3,905-686-0951,905-686-1450,East Region,faithway@faithway.org,,Elem/Sec,Not applicable,Site based only,No Association Membership
516,Farewell Parochial School,888931,,Wilfred Saunder,,,9173 Concession 11 5,Mount Forest,Ontario,N0G2L0,519-509-4769,,West Region,,,Elementary,Not applicable,Site based only,No Association Membership
517,Fern Hill,882178,Offers credits toward the Ontario Secondary School Diploma (OSSD),Wendy Derrick,,,3300 Ninth Line,Oakville,Ontario,L6H7A8,905-257-0022,,Central Region,admissions@fernhillschool.com,http://www.fernhillschool.com,Elem/Sec,Not applicable,Site based only,Other
518,Fern Hill - Burlington,882353,Offers credits toward the Ontario Secondary School Diploma (OSSD),Wendy Derrick,,,801 North Service Road,Burlington,Ontario,L7P5B6,905-634-8652,905-634-1933,West Region,jricciardi@fernhillschool.com,www.fernhillschool.com,Elem/Sec,Not applicable,Site based only,Independent and Private School Forum
519,Fern Hill School,876046,,Deborah Gutierrez,,,50 Vaughan Street,Ottawa,Ontario,K1M1X1,613-746-0255,613-746-7514,East Region,principal@fernhillottawa.com,http://www.fernhillottawa.com,Elementary,Not applicable,Site based only,Ontario Federation of Independent Schools
520,Fernbank Parochial School,883638,,Joyce Frey,,,7452 Perth Road 121 1,Newton,Ontario,N0K1R0,519-595-2304,,West Region,,,Elementary,Not applicable,Site based only,No Association Membership
521,Fieldstone School,885377,Offers credits toward the Ontario Secondary School Diploma (OSSD),Shumaila Khan,,,2999 Dufferin Street,Toronto,Ontario,M6B3T4,416-487-1989,416-487-8190,Central Region,skhan@fieldstonekcschool.org,www.fieldstonekcschool.org,Elem/Sec,Not applicable,Online/Site Based,No Association Membership
522,First Lutheran Christian Academy,877123,,Laurie McLeod,,,3850 Locke St,Windsor,Ontario,N9G1S1,519-250-7888,519-250-7715,West Region,flca@mnsi.net,www.flca.ca,Elementary,Not applicable,Site based only,Other
523,Fitra School,889001,,Reem Yousef,,,1469 Stittsville Main Street,Stittsville,Ontario,K2S1E3,613-413-9778,,East Region,fitraschool@stittsvillemuslims.ca,www.stittsvillemuslims.ca,Elementary,Not applicable,Site based only,No Association Membership
524,Flexi Academy,886312,Offers credits toward the Ontario Secondary School Diploma (OSSD),Abdulhamid Alfadaly,,,23 Moonstream Crt.,Mississauga,Ontario,L5N2P8,416-677-3364,,Central Region,essam.murad@gmail.com,https://flexiacademy.com/,Elem/Sec,Not applicable,Online Only,No Association Membership
525,FlexiBlend School,669757,,Samy Elfadaly,2789,,2789 Bushland Crescent,Mississauga,Ontario,L5J1Y1,647-627-3938,,Central Region,info@taleem-edu.com,www.taleem-edu.com,Elementary,Not applicable,Online Only,No Association Membership
526,Floradale Parochial School,885622,,Erma Weber,,,2490 Floradale Road 1,Elmira,Ontario,N3B2Z1,,,West Region,,,Elementary,Not applicable,Site based only,No Association Membership
527,Foley Mountain Forest School,665974,,Rebecca Whitman,,,480 Foley Mountain Lane,Westport,Ontario,K0G1X0,613-273-3255,613-692-0831,East Region,rebecca.whitman@rvca.ca,https://www.rvca.ca/outdoor-education/foley-forest-school,Elementary,Not applicable,Site based only,No Association Membership
528,Fordyce Parochial School,669317,,Rudy Gingerich,,,38725 Belfast Road 3,Wingham,Ontario,N0G2W0,,,West Region,,,Elementary,Not applicable,Site based only,No Association Membership
529,Forest Heights School,669091,Offers credits toward the Ontario Secondary School Diploma (OSSD),Jeffrey Sung,200,,1020 Denison Street,Markham,Ontario,L3R3W5,416-627-6658,,Central Region,jeffsung@forestheightsschool.ca,,Secondary,All Year Round,Site based only,No Association Membership
530,Forest Hill Tutoring,882430,Offers credits toward the Ontario Secondary School Diploma (OSSD),Sharare Nia,,,423 Spadina Road,Toronto,Ontario,M5P2W3,416-483-6023,,Toronto Region,info@foresthilltutoring.com,,Secondary,All Year Round,Site based only,No Association Membership
531,Fort Erie International Academy,665760,Offers credits toward the Ontario Secondary School Diploma (OSSD),William Cockburn,,,7 Tait Avenue,Fort Erie,Ontario,L2A0G1,647-728-7840,,West Region,info@feia.ca,www.feia.ca,Elem/Sec,Not applicable,Online/Site Based,No Association Membership
532,Foundation Christian School,669733,,Matthew Robinson,,,28 Katherine Street South,Winterbourne,Ontario,N0B2V0,519-664-0110,,West Region,admin@foundationchristianschool.ca,www.foundationchristianschool.ca,Elementary,Not applicable,Site based only,EDVance
533,Foundations Montessori School,669576,,Katy Lange,,,265 Wilson Street East,Ancaster,Ontario,L9G2B8,905-317-5805,,West Region,principal@foundationsmontessori.ca,,Elementary,Not applicable,Site based only,No Association Membership
534,Four Corners Amish School,668218,,Laura Stoll,,,11115 Carter Road,Aylmer,Ontario,N5H2R3,,,West Region,,,Elementary,Not applicable,Site based only,No Association Membership
535,Four Winds Montessori School Inc.,877700,,Annette Moore,,,116 Church St,Bowmanville,Ontario,L1C1T2,905-623-6722,,East Region,fourwindsmontessori@gmail.com,www.fourwindsmontessorischool.com,Elementary,Not applicable,Site based only,Ontario Federation of Independent Schools
536,Fourth Peel Parochial,888320,,Erla Martin,,,7443 Fourth Line,Wallenstein,Ontario,N0B2S0,,,West Region,,,Elementary,Not applicable,Site based only,No Association Membership
537,Francine J. Wesley Secondary School,663048,Offers credits toward the Ontario Secondary School Diploma (OSSD),Jane Wynne,,180,16 St. Andrew's Street,KASHECHEWAN,Ontario,P0L1S0,705-275-4111,705-275-4139,North Region,tanya.spence@fjwsschool.com,fjwsschool.com,Elem/Sec,First Nation,Site based only,No Association Membership
538,Free Bird Nature School,882037,,Leigh Bird,,,211 Millford Crescent,Salem,Ontario,N0B1S0,705-796-4915,,West Region,freebirdnatureschool@gmail.com,www.freebirdnatureschool.ca,Elementary,Not applicable,Site based only,No Association Membership
539,Free Spirit Forest and Nature School,884982,,MATTHEW SIMPSON,,,879 Sixth Street,Collingwood,Ontario,L9Y3Y9,705-606-1508,,Central Region,fsforestschool@gmail.com,https://fsforestschool.com/,Elementary,Not applicable,Site based only,No Association Membership
540,Freedom High School,886198,Offers credits toward the Ontario Secondary School Diploma (OSSD),Jason Dorien,,,301 Pleasant Park Road,Ottawa,Ontario,K1H5M7,647-915-1968,,West Region,principal@freedomhighschool.ca,freedomhighschool.ca,Secondary,All Year Round,Online Only,No Association Membership
541,Friendship Amish School,883086,,Esther Miller,,,52504 Glencolin Line,Aylmer,Ontario,N5H2R3,,,West Region,,,Elementary,Not applicable,Site based only,No Association Membership
542,Fulford Academy,669256,Offers credits toward the Ontario Secondary School Diploma (OSSD),Sarah MacMillan,,,118 Main Street East,Merrickville,Ontario,K0G1N0,613-341-9330,,East Region,sarah.macmillan@fulfordacademy.com,www.fulfordacademy.com,Secondary,Not applicable,Online/Site Based,No Association Membership
543,Fullbright Academy,883210,Offers credits toward the Ontario Secondary School Diploma (OSSD),Kylan Mitchell,,,738 Lyons Creek Road,Welland,Ontario,L3B5N4,905-946-9868,,West Region,fullbrightschool@gmail.com,www.fullbright.ca,Secondary,Not applicable,Online/Site Based,No Association Membership
544,Future Hope Academy,669529,Offers credits toward the Ontario Secondary School Diploma (OSSD),Sajanth Mohanakanthan,Bldg B,,3000 Lawrence Ave E.,Toronto,Ontario,M1P2V1,416-289-4200,,East Region,admin@futurehopeacademy.com,www.futurehopeacademy.com,Elem/Sec,All Year Round,Site based only,Other
545,Futures Canadian School,883254,Offers credits toward the Ontario Secondary School Diploma (OSSD),Vaishali Sridhar,101,,3465 Semenyk Ct,Mississauga,Ontario,L5C4P9,,,Central Region,admin@futurescanadianschool.com,,Secondary,Not applicable,Online/Site Based,No Association Membership
546,GEC World Academy,669368,Offers credits toward the Ontario Secondary School Diploma (OSSD),John Brennan,418,,4004 Sheppard Ave. E.,Scarborough,Ontario,M1S4R5,416-684-2321,,East Region,tbrennan@gecglobal.ca,www.gecglobal.ca,Secondary,All Year Round,Online/Site Based,No Association Membership
547,GEN ACADEMY,667780,Offers credits toward the Ontario Secondary School Diploma (OSSD),Amer Alabed,4,,1440 Grahams Ln,Burlington,Ontario,L7S1W3,905-218-7053,,West Region,ameralabed@gmail.com,genacademy.ca,Secondary,All Year Round,Online Only,No Association Membership
548,GN Rising Excellence Institute Inc.,881779,,Euloge Ganpo Nkwenkwa,202,,5805 Whittle Road,Mississauga,Ontario,L4Z2J1,437-225-6082,,Central Region,info@risingexcellenceinstitute.com,www.risingexcellenceinstitute.com,Secondary,All Year Round,nan,
549,Gaagige Kiizhik Gakinoo'amaadiiwi'gamig,664541,,Melissa Plomp,,p9n 3y4,1450 Valley Drive,Kenora,Ontario,P9N3Y4,807-548-4912,807-548-5917,North Region,kiizhik@bimose.ca,www.bimose.ca,Elementary,First Nation,nan,
550,Garden River Elementary School,664779,,Leeann Pine,,,48 Syrette Lake Road,Garden River,Ontario,P6A7A1,705-946-3933,,North Region,lwpine@gardenriver.ca,Garden River Education Unit,Elementary,First Nation,Site based only,Other
551,Georgian Heights School,887036,,Alika Giesbrecht,,,137845 Grey Rd 12,Meaford,Ontario,N4L1W6,519-538-9001,,West Region,georgian.heights@icloud.com,,Elem/Sec,Not applicable,Site based only,No Association Membership
552,German International School Toronto,666130,Offers credits toward the Ontario Secondary School Diploma (OSSD),Rouven Hollman,,,25 Burnhamthorpe rd,Toronto,Ontario,M9A1G9,416-922-6413,416-922-6413,Toronto Region,admissions@gistonline.ca,www.gistonline.ca,Elem/Sec,Not applicable,Site based only,IB Schools of Ontario
553,Gibraltar Leadership Academy,669627,Offers credits toward the Ontario Secondary School Diploma (OSSD),Riyad Khan,,,431 Nugget Ave.,Scarborough,Ontario,M1S4A4,416-297-0770,,East Region,info@gibraltarleads.ca,www.gibraltarleads.ca,Elem/Sec,Not applicable,Site based only,No Association Membership
554,Gibraltar Leadership Academy Clarington,668438,Offers credits toward the Ontario Secondary School Diploma (OSSD),Riyad Khan,,,2038 Nash Rd.,Bowmanville,Ontario,L1C3K4,416-297-0770,,East Region,clarington@gibraltarleads.ca,www.gibraltarleads.ca,Elem/Sec,Not applicable,Site based only,No Association Membership
555,Gibraltar Leadership Academy Durham,668534,,Riyad Khan,,,2944 Audley Rd.,Ajax,Ontario,L1Z1T7,416-297-0770,,East Region,durham@gibraltarleads.ca,www.gibraltarleads.ca,Elementary,Not applicable,Site based only,No Association Membership
556,"Giles School, The",884820,,Caroline Bernaba,,,80 Scarsdale Rd,Toronto,Ontario,M3B2R7,416-446-0825,416-446-0846,Central Region,office@gilesschool.ca,http://www.gilesschool.ca,Elementary,Not applicable,Site based only,Ontario Federation of Independent Schools
557,Glad Tidings Christian School,883093,,Trevor Drudge,,,54 Park St,Tara,Ontario,N0H2N0,519-934-2558,519-934-2558,West Region,gtcs13@gmail.com,,Elem/Sec,Not applicable,Site based only,Mennonite school community
558,Glebe Montessori School,877840,,Sylvie Rankin,,,650 Lyon St South,Ottawa,Ontario,K1S3Z7,613-237-3824,,East Region,gmsinfo@glebemontessori.ca,http://www.glebemontessori.com,Elementary,Not applicable,Site based only,No Association Membership
559,Glen Bernard Camp,886284,Offers credits toward the Ontario Secondary School Diploma (OSSD),Jocelyn Palm,,660,2066 South Lake Bernard Rd,Sundridge,Ontario,P0A1Z0,705-384-7062,705-384-0155,North Region,info@gbcamp.com,www.gbcamp.com,Secondary,Summer,Site based only,No Association Membership
560,Glen Briar Academy,882158,Offers credits toward the Ontario Secondary School Diploma (OSSD),Konstantina Peristeris,2nd Floor,,210 Wilson Avenue,Toronto,Ontario,M5M3B1,416-484-9494,,Toronto Region,registrar@glenbriaracademy.com,www.glenbriaracademy.com,Elem/Sec,Not applicable,Site based only,No Association Membership
561,Glen Meyer Old Colony School,875066,,Jacob Peters,,,1436 1st Concession Road,Langton,Ontario,N0E1G0,519-875-3248,,West Region,,,Elementary,Not applicable,Site based only,No Association Membership
562,GlenOak Academy,669460,,Michael Duclos,5,,1575 Clarkson Road North,Mississauga,Ontario,L5J2X1,905-916-3673,905-916-2912,Central Region,office@glenoakacademy.com,www.glenoakacademy.com,Elementary,Not applicable,Online/Site Based,Ontario Federation of Independent Schools
563,Glencedar Montessori Private School,668436,,Lara Zanette,,,11 SONOMA BLVD,WOODBRIDGE,Ontario,L4H3C4,905-417-5433,905-893-7127,Central Region,glencedarmontessori@bellnet.ca,gcmontessori.com,Elementary,Not applicable,Site based only,Canadian Council of Montessori Administrators (CCMA)
564,Glenlee Parochial School,669800,,Harvey Martin,,,6644 Minto Sixth Line 1,Harriston,Ontario,N0G1Z0,,,West Region,,,Elementary,Not applicable,Site based only,No Association Membership
565,Global Education Academy,883977,Offers credits toward the Ontario Secondary School Diploma (OSSD),Irwin Diamond,First Floor,,95 Moatfield Drive,North York,Ontario,M3B3L6,905-707-7781,,Central Region,gea@gedu.ca,www.geacademy.ca,Secondary,Not applicable,Online/Site Based,No Association Membership
566,Global Journeys,885651,Offers credits toward the Ontario Secondary School Diploma (OSSD),Lisa Trentin,100,,6700 Century Ave,Mississauga,Ontario,L5N6A4,905-812-0912,,Central Region,info@global-journeys.com,www.global-journeys.com,Secondary,Summer,Online/Site Based,No Association Membership
567,Global Private School,884668,Offers credits toward the Ontario Secondary School Diploma (OSSD),Fariborz Khoshnoudian,201,,10149 Yonge Street,Richmond Hill,Ontario,L4C1T5,647-962-5997,,Central Region,f_khoshnoudian@yahoo.com,www.globalprivateschool.com,Elem/Sec,Not applicable,Online/Site Based,Other
568,Global Summers Academy,669205,Offers credits toward the Ontario Secondary School Diploma (OSSD),Chris Fuller,600,,"3250 Bloor Street West, East T",Etobicoke,Ontario,M8X2X9,416-357-2621,,West Region,info@globalsummersacademy.com,https://globalsummersacademy.com,Secondary,Summer,Site based only,No Association Membership
569,Globe Cambridge School,883121,Offers credits toward the Ontario Secondary School Diploma (OSSD),Peter Zavodny,100,,20 Upjohn Road,Toronto,Ontario,M3B2V9,416-331-8808,,East Region,info@globeschool.com,www.globeschool.com,Elem/Sec,Not applicable,Online/Site Based,No Association Membership
570,Gobind Sarvar Brampton,884989,Offers credits toward the Ontario Secondary School Diploma (OSSD),Gurmohit Thind,,,8260 Huntington Road,Woodbridge,Ontario,L4H4Z6,905-458-6222,905-458-7388,Central Region,info@gsbrampton.com,gsbrampton.com,Elem/Sec,Not applicable,Site based only,No Association Membership
571,Goderich Forest School,668472,,Christine Brown,,,80900 Falls Reserve Line,Goderich,Ontario,N7A3Y1,519-379-6383,,West Region,info@atlastforestschools.com,,Elementary,Not applicable,Site based only,No Association Membership
572,Goldenlink Academy,665994,Offers credits toward the Ontario Secondary School Diploma (OSSD),Ling Wang,207,,20 Amber Street,Markham,Ontario,L3R5P4,905-604-8893,,Central Region,info@goldenlink.com,www.goldenlink.com,Elem/Sec,All Year Round,Online/Site Based,No Association Membership
573,Goldstone Parochial School,885614,,Sylvia Frey,,,7205 Sideroad 19 2,Alma,Ontario,N0B1A0,,,West Region,,,Elementary,Not applicable,Site based only,No Association Membership
574,Gospel Christian School,667231,,Isack Fehr,,,6236 Imperial Road,Aylmer,Ontario,N5H2R2,519-280-5027,,West Region,,,Elementary,Not applicable,nan,
575,Gospel Light Christian School,665206,,Duane Martin,,,714229 Baseline Rd,Ceylon,Ontario,N0C1E0,519-404-8368,,West Region,gospellightchristianschool@gmail.com,,Elem/Sec,Not applicable,Site based only,No Association Membership
576,Gowanstown Old Colony Mennonite Christia,666244,,Katharina Janzen,,,8727 Road 164,Gowanstown,Ontario,N0G1Y0,519-291-2427,519-291-1802,West Region,,,Elem/Sec,Not applicable,Site based only,No Association Membership
577,Grace Academy,669769,,"Albert Klyn, Bastiaan Klyn",,,23 Dover Street,Otterville,Ontario,N0J1R0,519-688-1715,,West Region,graceacademyotterville@gmail.com,,Elem/Sec,Not applicable,Site based only,No Association Membership
578,Grace Christian School,884243,,William Nederveen,,2,497 Millgrove Side Road,Millgrove,Ontario,L0R1V0,905-689-3191,,West Region,office@graceschool.ca,graceschool.ca,Elementary,Not applicable,Site based only,The League of Canadian Reformed School Societies
579,Gradale Academy,668497,,Michelle Gradish,203,,550 Bayview Avenue,Toronto,Ontario,M4W3X8,416-917-9409,416-924-9505,Toronto Region,gradalem@gmail.com,www.gradaleacademy.com,Elementary,Not applicable,Site based only,No Association Membership
580,Grand River Christian School,669243,,Katelyn Leier,,,160 Grand River Boulevard,Kitchener,Ontario,N2A3G6,519-772-5395,,West Region,oprisecaru@grandrivercs.ca,www.grandrivercs.ca,Elementary,Not applicable,Site based only,Other
581,Grandview Adventist Academy,885533,,Leyanne Roschman,,,3975 6 Hwy,Mount Hope,Ontario,L0R1W0,905-679-4492,289-280-0256,West Region,info@grandviewschool.ca,www.grandviewschool.ca,Elementary,Not applicable,Site based only,Ontario Conference of the Seventh Day Adventist Church
582,Great Lakes Christian High School,885118,Offers credits toward the Ontario Secondary School Diploma (OSSD),Kerri Kennedy,,,4875 King St,Beamsville,Ontario,L3J2J1,905-563-5374,905-563-0818,West Region,academic@glchs.ca,https://glchs.ca/,Secondary,Not applicable,Site based only,EDVance
583,"Great Lakes College of Toronto, The",889920,Offers credits toward the Ontario Secondary School Diploma (OSSD),Leila Esmaili Nazar,,,323 Keele St,Toronto,Ontario,M6P2K6,416-763-4121,416-763-5225,Toronto Region,query@glctschool.com,http://www.glctschool.com/,Secondary,Not applicable,Online/Site Based,No Association Membership
584,Great Lyn International Academy,666883,Offers credits toward the Ontario Secondary School Diploma (OSSD),Ana Visoiu,3,,100 East Beaver Creek,Richmond Hill,Ontario,L4B1J6,647-868-8923,647-868-8923,Central Region,info@greatlyn.com,www.greatlyn.ca,Secondary,All Year Round,Site based only,No Association Membership
585,Great Moose Adventures,669200,,Jean-Yves Leese,,,1368 Housey's Rapids Road,Gravenhurst,Ontario,P1P1R3,705-687-3903,,Central Region,directors@greatmooseadventures.com,www.greatmooseadventures.com,Elementary,Not applicable,Site based only,No Association Membership
586,Great Wood Academy,880003,Offers credits toward the Ontario Secondary School Diploma (OSSD),Yuning Li,3,,"100 East Beaver Creek Rd, 1st Floor",Richmond Hill,Ontario,L4B1J6,647-893-5656,,Central Region,info.greatwoodacademy@gmail.com,www.greatwood.com,Secondary,Not applicable,Online Only,No Association Membership
587,Green Apple Alternative School,665747,Offers credits toward the Ontario Secondary School Diploma (OSSD),Shavaita Sharma,202,,5 Brisdale Drive,Brampton,Ontario,L7A0S9,905-495-2500,905-495-2503,Central Region,info@greenappleschool.ca,,Secondary,All Year Round,Site based only,No Association Membership
588,Green High School,666793,Offers credits toward the Ontario Secondary School Diploma (OSSD),Nasrin Bakhtiarinoroozi,,,5 NIPIGON AVE,Toronto,Ontario,M2M2V7,647-833-3364,,Central Region,greenhighschool@yahoo.ca,www.greenhighschool.ca,Secondary,All Year Round,Online Only,No Association Membership
589,Green Road High School,666717,Offers credits toward the Ontario Secondary School Diploma (OSSD),Tooraj Yousefi,R196,,10225 Yonge St,Richmond Hill,Ontario,L4C3B2,647-786-2141,905-763-9117,Central Region,tooraj.yousefi@gmail.com,www.greenrda.ca,Secondary,All Year Round,Online/Site Based,No Association Membership
590,Greenbelt Academy and Early Learning Cen,883760,,Jaclyn Giesbrecht,,,130 Main St E,Grimsby,Ontario,L3M1N8,905-931-0447,,West Region,greenbeltniagara@gmail.com,greenbeltacademy.ca,Elementary,Not applicable,Site based only,No Association Membership
591,Greenhill Islamic School,881605,,Zahrae Noureddine,,,50 Greenhill Ave,Hamilton,Ontario,L8K5C7,905-328-0339,,West Region,info@ghischool.com,,Elementary,Not applicable,Site based only,No Association Membership
592,Greenock Amish Parochial School,877891,,Rachel Streicher,,,536 Brockton Side Road 30 5,Kincardine,Ontario,N2Z2X6,,,West Region,,,Elementary,Not applicable,Site based only,No Association Membership
593,Greenwood College School,666289,Offers credits toward the Ontario Secondary School Diploma (OSSD),Heather Thomas,,,443 Mount Pleasant Rd,Toronto,Ontario,M4S2L8,416-482-9811,416-482-9188,Toronto Region,,http://www.greenwoodcollege.org,Elem/Sec,Not applicable,Site based only,Conference of Independent Schools of Ontario
594,Gregory School for Exceptional Learning,665009,,ANGELINE SAVARD,,,1249 Colborne Street West 4,Brantford,Ontario,N3T0M6,519-449-1650,888-223-0246,West Region,principal@gregoryschool.ca,gregoryschool.ca,Elementary,Not applicable,Site based only,No Association Membership
595,Groveville Collegiate,666668,Offers credits toward the Ontario Secondary School Diploma (OSSD),Mohamed Ali,201H,,75 International Boulevard,Etobicoke,Ontario,M9W6L9,416-826-9329,416-628-1710,Central Region,mohamed.ali@utoronto.ca,groveville.ca,Secondary,All Year Round,Online Only,No Association Membership
596,Growing Roots Nature School,886167,,Colleen Dale,,,2378 Nixon Road Road,Simcoe,Ontario,N3Y4K6,519-410-7840,,West Region,growingrootsnatureschool@gmail.com,www.growingrootsnatureschool.com,Elementary,Not applicable,Site based only,No Association Membership
597,Guelph Community Christian School,885452,,Justin DeMoor,,,195 College Ave West,Guelph,Ontario,N1G1S6,519-824-8860,519-824-2105,West Region,info@guelphccs.ca,www.guelphccs.ca,Elementary,Not applicable,Site based only,Ontario Alliance of Christian Schools (OACS)
598,Guelph Montessori School,877093,,AMIR GUTMAN,,,151 Waterloo Ave,Guelph,Ontario,N1H3H9,519-836-3810,519-836-0359,West Region,info@guelphmontessori.com,www.guelphmontessori.com,Elementary,Not applicable,Site based only,Other
599,Guidepost Academy Toronto,883708,,Laura McCarthy,,,1767 Queen St E,Toronto,Ontario,M4L3Z2,416-703-2582,,Toronto Region,lmccarthy@guidepostmontessori.com,https://inbound.guidepostmontessori.com/GPA-Toronto,Elementary,Not applicable,Site based only,No Association Membership
600,Guiding Light Academy,665671,,Dianne Jackson,,,225 Broadway Street,Mississauga,Ontario,L5M1J1,647-779-9199,,Central Region,info@guidinglightacademy.com,www.guidinglightacademy.com,Elementary,Not applicable,Site based only,No Association Membership
601,Guido de Bres Christian High School,889164,Offers credits toward the Ontario Secondary School Diploma (OSSD),Jason Heemskerk,,,350 Albright Road,Hamilton,Ontario,L8K5J4,905-574-4011,,West Region,office@guidodebres.com,www.guidodebres.org,Secondary,Not applicable,Site based only,No Association Membership
602,Guildford Academy,882511,Applied to offer credits toward the Ontario secondary School Diploma (OSSD),Bryan Ho,,,,nan,,,,,Central Region,,,Secondary,Not applicable,Online/Site Based,No Association Membership
603,Gusty Parochial School,669511,,Marie Martin,,,829 Concession Road 6 Arran-Elderslie,Paisley,Ontario,N0G2N0,,,West Region,,,Elementary,Not applicable,Site based only,No Association Membership
604,HERITAGE MONTESSORI INC,881754,,RITA CENTOFANTE,20,,1289 MARLBOROUGH COURT,OAKVILLE,Ontario,L6H2R9,416-708-3981,,Central Region,Shela_minhas@hotmail.com,www.brightscholars.ca,Elementary,Not applicable,Site based only,No Association Membership
605,HTS Global Online Campus,668401,Offers credits toward the Ontario Secondary School Diploma (OSSD),Amanda Kennedy,101,,11300 Bayview Avenue,Richmond Hill,Ontario,L4S1L4,905-737-1114,,Central Region,info@htsonlinecampus.ca,https://www.hts.on.ca/hts-online/,Secondary,All Year Round,Online Only,Conference of Independent Schools of Ontario
606,Haliburton Forest School,668757,,Rebecca Fahrun,,,1012 Garden Gate Drive,Algonquin Highlands,Ontario,K0M1S0,519-379-6383,,East Region,haliburtonforestschool@gmail.com,,Elementary,Not applicable,Site based only,No Association Membership
607,Halley International Academy,886582,Offers credits toward the Ontario Secondary School Diploma (OSSD),Wanzi Dong,810-34,,55 Commerce Valley,Thornhill,Ontario,L3T7P4,437-362-2008,,Central Region,info@halleyinternationalacademy.com,www.halleyia.ca,Secondary,Not applicable,Online/Site Based,No Association Membership
608,Halton Hills Christian School,885398,,Angela Bonvanie,,,11643 Trafalgar Road,Georgetown,Ontario,L7G4S4,905-877-4221,,Central Region,office@hh-cs.org,http://www.hh-cs.org,Elementary,Not applicable,Site based only,EDVance
609,Halton Waldorf School,883700,,Caitlin Mizzi,,,2193 Orchard Rd,Burlington,Ontario,L7L7J8,905-331-4387,905-331-3231,West Region,reception@haltonwaldorf.com,www.haltonwaldorf.com,Elementary,Not applicable,Site based only,Waldorf Association of Ontario
610,Halton Waldorf School,884526,Offers credits toward the Ontario Secondary School Diploma (OSSD),Siobhan Hughes,,,2254 Orchard Rd.,Burlington,Ontario,L7L7J8,289-288-4570,,West Region,reception@haltonwaldorf.com,www.haltonwaldorf.com,Secondary,Not applicable,Site based only,No Association Membership
611,Hamilton District Christian Private School,885541,Offers credits toward the Ontario Secondary School Diploma (OSSD),Duncan Todd,,,92 Glancaster Rd,Ancaster,Ontario,L9G3K9,905-648-6655,905-648-3139,West Region,info@hdch.org,http://www.hdch.org,Secondary,Not applicable,Site based only,Other
612,Hamilton Downtown Islamic School,884101,,Nailah Faisal,,,221 York Boulevard,Hamilton,Ontario,L8R1Y6,905-581-7132,,West Region,principalhdis@gmail.com,www.hdislamicschool.com,Elementary,Not applicable,Site based only,No Association Membership
613,Hamilton Hebrew Academy Zichron Meir,885550,,Yaakov Morel,,,60 Dow Avenue,Hamilton,Ontario,L8S1W4,905-528-0330,905-528-0544,West Region,school@hamiltonhebrewacademy.ca,http://www.hamiltonhebrewacademy.ca,Elementary,Not applicable,Site based only,No Association Membership
614,Hamilton Montessori School,666594,,Indu Balachandran,,,299 Barton Street,Stoney Creek,Ontario,L8E2K7,647-289-5000,,West Region,indu.balachandran@hamiltonmontessori.ca,www.hamiltonmontessori.ca,Elementary,Not applicable,Site based only,Canadian Council of Montessori Administrators (CCMA)
615,Hanover Community Christian School,669207,,Henry Mengers,,,628 11th Street,Hanover,Ontario,N4N1T7,519-369-4525,,West Region,Hanoverchristianschool@gmail.com,Www.hanoverchristianschool.com,Elementary,Not applicable,Site based only,No Association Membership
616,Hansen Academy,884574,,Shahin Esmaeiliazad,300,,7050 Woodbine Ave,Markham,Ontario,L3R4G8,416-897-4461,,West Region,shahin.azad@hanson-academy.ca,,Elem/Sec,Not applicable,Online/Site Based,No Association Membership
617,Hanson High School,665843,Offers credits toward the Ontario Secondary School Diploma (OSSD),Yelena Mordovskaya,1000,,211 Consumers Road,Toronto,Ontario,M2J4G8,416-322-0555,,Toronto Region,yelena.mordovskaya@canadahanson.com,www.hansonhighschool.ca,Secondary,Summer,Site based only,No Association Membership
618,Harvest Classical Academy,884866,,Andrew DeBartolo,,,2001 Spring Garden Road,Windsor,Ontario,N9E3P8,519-250-5520,,West Region,chris@harvestwindsor.ca,http://harvestclassicalacademy.ca/,Elem/Sec,Not applicable,Site based only,No Association Membership
619,Harvesters Christian School,886067,,Julie Loveless,,,9488 Westminster Drive,London,Ontario,N6P1P3,519-660-9952,,West Region,julie@harvesterbaptistchurch.com,harvesterbaptistchurch.com,Elem/Sec,Not applicable,Site based only,No Association Membership
620,Harwood Montessori School Inc,884596,,Manouri Wijegunawardene,,,23 Church St S,Ajax,Ontario,L1S6A6,905-428-6256,,East Region,hms@harwoodmontessori.com,www.harwoodmontessori.com,Elementary,Not applicable,Site based only,No Association Membership
621,Hatch House Montessori,884685,,Zsuzsanna Vigh,,,301 Byron Street South,Whitby,Ontario,L1N4P9,905-665-7700,905-665-8100,East Region,zsuzsannavigh@hatchhousemontessori.com,www.hatchhousemontessori.com,Elementary,Not applicable,Site based only,Ontario Federation of Independent Schools
622,Haven International School,888814,Offers credits toward the Ontario Secondary School Diploma (OSSD),Thomas Tidey,,,360 Colborne Street,Brantford,Ontario,N3S3N3,519-753-0070,,West Region,info@haveninternationalschool.com,www.haveninternationalschool.com,Elem/Sec,Not applicable,Site based only,No Association Membership
623,Havergal College,887242,Offers credits toward the Ontario Secondary School Diploma (OSSD),Katrina Samson,,,1451 Avenue Rd,Toronto,Ontario,M5N2H9,416-483-3519,416-483-6796,Toronto Region,info@havergal.on.ca,http://www.havergal.on.ca,Elem/Sec,Not applicable,Site based only,No Association Membership
624,Hawthorn School for Girls,884863,Offers credits toward the Ontario Secondary School Diploma (OSSD),Tiffany Zupan,,,101 Scarsdale Road,Toronto,Ontario,M3B2R2,416-444-3054,416-449-2891,Central Region,schoolhead@hawthornschool.com,www.hawthornschool.com,Elem/Sec,Not applicable,Site based only,Conference of Independent Schools of Ontario
625,Head Start Montessori and Private School,883106,,Sara Alvi,105,,2235 Sheppard Avenue East,Toronto,Ontario,M2J5B4,416-756-7300,,Toronto Region,info@headstartmontessori.ca,www.headstartmontessori.ca,Elementary,Not applicable,Site based only,Canadian Council of Montessori Administrators (CCMA)
626,Headwater Hills Montessori School,669178,,Nancy Ernst Richards,,,21170 Hurontario Street,Caledon,Ontario,L7K1X1,519-942-3545,,Central Region,nancy@headwaterhills.org,headwaterhills.org,Elementary,Not applicable,Site based only,Canadian Council of Montessori Administrators (CCMA)
627,Hellenic Academy of York,886153,Offers credits toward the Ontario Secondary School Diploma (OSSD),Georgia Petinarelis,,,10475 Bayview Avenue,Richmond Hill,Ontario,L4C3P2,905-313-1000,,Central Region,info@hccy.ca,www.hccy.ca,Secondary,Not applicable,Site based only,No Association Membership
628,Heritage Academy,876500,Offers credits toward the Ontario Secondary School Diploma (OSSD),Cheryl Ward,,,207 Bayswater Avenue,Ottawa,Ontario,K1Y2G5,613-722-0133,613-722-7881,East Region,info@heritage-academy.com,http://www.heritage-academy.com/,Elem/Sec,Not applicable,Site based only,Ontario Federation of Independent Schools
629,Heritage Christian Academy,880078,,Brett Pennell,,,79 Ardagh Rd,Barrie,Ontario,L4N9B6,705-733-0097,,Central Region,arennie@hbcbarrie.com,,Elem/Sec,Not applicable,Site based only,No Association Membership
630,Heritage Christian School,875864,Offers credits toward the Ontario Secondary School Diploma (OSSD),Brian Kemper,,Box 400,2850 Fourth Ave,Jordan Station,Ontario,L0R1S0,905-562-7303,905-562-0020,West Region,heritage@hcsjordan.ca,www.hcsjordan.ca,Elem/Sec,Not applicable,Site based only,Canadian Council of Christian Charities (CCCC)
631,Heritage Christian School,880272,,Rick Schenk,,,159 Colborne St W,Lindsay,Ontario,K9V5Z8,705-324-8363,705-324-8372,East Region,office@hcslindsay.ca,http://www.myhcs.ca,Elementary,Not applicable,Site based only,No Association Membership
632,Heritage Community Christian School,885053,Offers credits toward the Ontario Secondary School Diploma (OSSD),Sheila May,,,7463 County Road 28,Addison,Ontario,K0E1A0,613-498-4176,613-498-0477,East Region,info@hccs.ca,www.hccs.ca,Elem/Sec,Not applicable,Site based only,Independent and Private School Forum
633,Heritage Innovation School,668493,Offers credits toward the Ontario Secondary School Diploma (OSSD),jisuk kim,300,,95 Moatfield Drive,North York,Ontario,M3B3L6,416-901-4554,,Central Region,admission.heritage@hischool.ca,www.hischool.ca,Elem/Sec,Not applicable,Site based only,No Association Membership
634,Heritage Lane Parochial School,665766,,Esther Gingrich,,,412056 Soughtgate Sideroad 41,Holstein,Ontario,N0G2A0,,,West Region,,,Elementary,Not applicable,Site based only,No Association Membership
635,Hidden Valley Amish Private School,881112,,Levi Yoder,,,86054 Creek Line 2,Lucknow,Ontario,N0G2H0,,,West Region,,,Elementary,Not applicable,Site based only,No Association Membership
636,High Five Academy for Learning,886601,,Cellini Andrews,4,,611 Wanless Dr,Brampton,Ontario,L7A3Y6,905-840-4252,905-840-2574,Central Region,admin@highfiveacademyforlearning.com,www.highfiveacademyforlearning.ca,Elem/Sec,Not applicable,Online/Site Based,No Association Membership
637,Highland Academy of Canada,882713,Offers credits toward the Ontario Secondary School Diploma (OSSD),Ran Salamon,,,2737 Bayview Ave,Toronto,Ontario,M2L1C5,416-819-9159,,Central Region,rowena.lin@highlandacademy.ca,www.highlandacademy.ca,Secondary,All Year Round,Online/Site Based,No Association Membership
638,"Hill Academy, The",882850,Offers credits toward the Ontario Secondary School Diploma (OSSD),Christy Flynn,,,20490 Porterfield Road,Caledon,Ontario,L7K1T2,519-941-9917,519-941-8617,Central Region,admissions@thehillacademy.com,www.thehillacademy.com,Elem/Sec,Not applicable,Site based only,No Association Membership
639,Hillcrest Amish Private School,887579,,,,,682483 S.R. 6,Chatsworth,Ontario,N0G1G0,,,West Region,,,Elementary,Not applicable,Site based only,No Association Membership
640,Hillcrest Private School,880698,,Gail Hooper,,,7 Little York St,Orangeville,Ontario,L9W1P3,519-941-5591,519-941-5591,Central Region,gail@hillcrestps.com,www.hillcrestps.com,Elementary,Not applicable,Site based only,No Association Membership
641,Hillcrest Progressive School-Junior Elementary Division,883420,,Laya Weissberger,,,59 Plymbridge Road,Toronto,Ontario,M2P1A2,416-489-8355,,Toronto Region,info@hillcrestschool.ca,www.hillcrestschool.can,Elementary,Not applicable,Site based only,No Association Membership
642,Hillfield Strathallan College,885568,Offers credits toward the Ontario Secondary School Diploma (OSSD),Taya Cicchetti,,,299 Fennell Ave W,Hamilton,Ontario,L9C1G3,905-389-1367,905-389-6366,West Region,liz.davidson@hsc.on.ca,http://www.hsc.on.ca,Elem/Sec,Not applicable,Online/Site Based,Conference of Independent Schools of Ontario
643,Hillview Christian Day School,888184,,Nelson Rohrer,,,106 Hastings Street N,Bancroft,Ontario,K0L1C0,519-357-5731,,East Region,nelsonrohrer76@gmail.com,,Elem/Sec,Not applicable,Site based only,No Association Membership
644,Hitherfield School,875660,,Vanessa McNaught,,,2439 Tenth Side Road,Campbellville,Ontario,L0P1B0,905-854-0890,,West Region,info@hitherfieldschool.com,http://hitherfieldschool.com,Elementary,Not applicable,Site based only,Ontario Federation of Independent Schools
645,Holy Family Achievement School of Academ,665275,Offers credits toward the Ontario Secondary School Diploma (OSSD),Samantha Morin,Upper Level,,925 Cousineau Road,Windsor,Ontario,N9G1V8,519-969-1291,519-969-7953,West Region,info@stececile.ca,http://www.academiestececile.ca,Elem/Sec,Not applicable,Site based only,Ontario Federation of Independent Schools
646,Holy Name of Mary College School,665226,Offers credits toward the Ontario Secondary School Diploma (OSSD),Anne Bellissimo,,,2241 MISSISSAUGA RD,MISSISSAUGA,Ontario,L5H2K8,905-891-1890,905-891-2082,Central Region,jmastromattei@hnmcs.ca,www.hnmcs.ca,Elem/Sec,Not applicable,Site based only,Conference of Independent Schools of Ontario
647,Holy Nation Christian School,669380,,Ezra Mulu,,,100 HASLEY AVE,Toronto,Ontario,M4B1A9,647-303-7964,,Toronto Region,ezramulu@yahoo.com,www.holynationchristianschool.com,Elem/Sec,Not applicable,Online/Site Based,No Association Membership
648,Holy Trinity School,881481,Offers credits toward the Ontario Secondary School Diploma (OSSD),Amanda Kennedy,c/o The Principal,,11300 Bayview Ave,Richmond Hill,Ontario,L4S1L4,905-737-1114,905-737-5187,Central Region,,http://www.hts.on.ca,Elem/Sec,Not applicable,Online/Site Based,Conference of Independent Schools of Ontario
649,Holyrood East Parochial School,668940,,Betty Martin,,,2086 Bruce County Road 6 3,Holyrood,Ontario,N0G2B0,,,West Region,,,Elementary,Not applicable,Site based only,No Association Membership
650,Homestead Farm and Forest Nature School,669688,,Carole Girdler,,,624 Concession 2 RR4,Walkerton,Ontario,N0G2V0,519-901-3116,,West Region,carrie@homesteadnatureschool.ca,www.homesteadnatureschool.ca,Elementary,Not applicable,Site based only,No Association Membership
651,Hope Academy,666081,,Christopher Van Dyken,,,6807 W Steeles Ave 1,Etobicoke,Ontario,M9V4R9,416-254-1617,,Central Region,chris.vandyken@hope-academy.ca,www.hope-academy.ca,Elementary,Not applicable,Site based only,The League of Canadian Reformed School Societies
652,Hope Reformed Christian School,884793,Offers credits toward the Ontario Secondary School Diploma (OSSD),Joe Kikkert,,21,331 German School Road,Paris,Ontario,N3L3E1,519-448-9913,,West Region,principal@hopercs.ca,www.hopercs.ca,Elem/Sec,Not applicable,Site based only,League of Canadian Reformed School Societies
653,Horton Academy,668304,Offers credits toward the Ontario Secondary School Diploma (OSSD),Chris Lee,,,2 Duncan Mills Rd,North York,Ontario,M3B2V1,416-800-8589,,Toronto Region,info@hortonacademy.ca,,Elem/Sec,All Year Round,Online/Site Based,No Association Membership
654,Howick Maples Parochial School,878227,,Selema Martin,,,87852 Fordwich Line 2,Gorrie,Ontario,N0G1X0,519-335-6578,,West Region,,,Elementary,Not applicable,Site based only,No Association Membership
655,Howlett Academy,665703,,Courtney Howlett-Ben,,,15 Madison Ave,Toronto,Ontario,M5R2S2,416-921-7225,416-921-5194,Toronto Region,court@howlettacademy.com,www.howlettacademy.com,Elementary,Not applicable,Site based only,No Association Membership
656,Hudson College,666661,Offers credits toward the Ontario Secondary School Diploma (OSSD),Frank Defina,,,21 Ascot Ave,Toronto,Ontario,M6E1E6,416-631-0082,416-631-0083,Toronto Region,info@hudsoncollege.ca,www.hudsoncollege.ca,Elem/Sec,Not applicable,Site based only,No Association Membership
657,Humberside Montessori School,875996,,Aidan Crossland,,,121 Kennedy Ave,Toronto,Ontario,M6S2X8,416-762-8888,416-762-1211,Toronto Region,office@humbersidemontessori.com,www.humbersidemontessori.ca/,Elementary,Not applicable,Site based only,Other
658,Hummingbird Montessori School,883001,,Megan McQueen,,,3521 Simcoe County Rd. 124,Nottawa,Ontario,L0M1S0,705-888-1252,,Central Region,info@hummingbirdmontessori.ca,hummingbirdmontessori.ca,Elementary,Not applicable,Site based only,Ontario Federation of Independent Schools
659,Hundred Acre Wood Primary Pod,668801,,Kimberly Edwards,,,316362 3 Line C RR 1,Grey Highlands,Ontario,N0H1N0,519-599-6655,,Central Region,director@haw.ca,haw.ca,Elementary,Not applicable,Site based only,No Association Membership
660,Huron Christian School,885304,,Michael Huizenga,,Box 658,87 Percival Street,Clinton,Ontario,N0M1L0,519-482-7851,519-482-7448,West Region,office@huronchristianschool.ca,http://www.huronchristianschool.ca,Elementary,Not applicable,Site based only,EDVance
661,Huron High School,665474,Offers credits toward the Ontario Secondary School Diploma (OSSD),Charles CH. Park,,551,424 Quebec Avenue,"Huron Park, Ontario",Ontario,N0M1Y0,519-228-8808,,West Region,charles.park@huronedu.com,www.huronedu.com,Secondary,All Year Round,Online/Site Based,No Association Membership
662,Huron Hills Parochial School,885212,,Ellen Brubacher,,,759 Karishea Ave 3,Holyrood,Ontario,N0G2B0,,,West Region,,,Elementary,Not applicable,Site based only,No Association Membership
663,I AM SMART S-COOL,885965,,Nevin Sinnathamby,09-Jul,,160 Dudley Ave,Thornhill,Ontario,L3T2E6,416-836-2727,,Central Region,info@iamsmartscool.com,www.iamsmartscool.com,Elementary,Not applicable,Site based only,No Association Membership
664,I.R. Churchill Elementary,663030,,Omer Belisle,,,2040 Walsh Street East,Thunder Bay,Ontario,P7E4W2,807-699-0233,,North Region,obelisle@lacdesmillelacs.ca,www.facebook.com\LDMLEC\,Elementary,First Nation,Site based only,No Association Membership
665,IBI Behavioural Services,665788,,Amanda Baysarowich,"3,4,5",,131 Saunders Road,Barrie,Ontario,L4N9A7,705-309-6710,,Central Region,ibibehaviouralservices@gmail.com,,Elementary,Not applicable,Site based only,No Association Membership
666,IGNITE: An Acton Academy,665122,,Lisa Bean,,29044,520 Ellis Road,Cambridge,Ontario,N3C4K1,519-574-8328,,West Region,info@ignitelearning.ca,www.ignitelearning.ca,Elem/Sec,Not applicable,Site based only,Other
667,ILAC INTERNATIONAL HIGH SCHOOL,889033,Offers credits toward the Ontario Secondary School Diploma (OSSD),SARA SADEDIN,,,120 BLOOR STREET EAST,TORONTO,Ontario,M4W1B7,416-961-5151,416-961-9267,Toronto Region,INFO@ILACIHS.COM,WWW.ILACIHS.COM,Secondary,All Year Round,Online/Site Based,No Association Membership
668,INSTITUTE OF BUSINESS AND TECHNOLOGY (PRIVATE SCHOOL),886120,Applied to offer credits toward the Ontario secondary School Diploma (OSSD),Bhupinder Singh,L100,,1885,Toronto,Ontario,M9M1A2,647-722-4310,,Toronto Region,bhupinder@live.ca,,Elem/Sec,Not applicable,Online/Site Based,No Association Membership
669,IOK Islamic School,665749,,Naznin Mona,J2,,1225 Kennedy Road,Scarborough,Ontario,M1P4Y1,437-605-7412,,East Region,info@iokfoundation.org,https://www.iokfoundation.org/,Elementary,Not applicable,Site based only,No Association Membership
670,IPC Academy,882059,,Ajaz Sultan,,,5761 Coopers Avenue,Mississauga,Ontario,L4Z1R9,905-507-3323,,Central Region,principal@ipcacademy.ca,www.ipcacademy.ca,Elementary,Not applicable,Online/Site Based,No Association Membership
671,IQRA Academy,888839,Offers credits toward the Ontario Secondary School Diploma (OSSD),Khalid Manzur,,,2704 DANFORTH AVE,TORONTO,Ontario,M4C1L7,416-949-6064,647-847-5202,Toronto Region,khalid_mz@yahoo.com,www.iqraacademyca.com,Secondary,All Year Round,Site based only,No Association Membership
672,IQRA Islamic School,878049,,Ahmed Gaffuri,,,5751 Coopers Ave,Mississauga,Ontario,L4Z1R9,905-507-6688,905-507-9243,Central Region,iqraislamicschool@gmail.com,http://iqraislamicschool.com,Elementary,Not applicable,Site based only,No Association Membership
673,ISNA Elementary School,882925,,Vaseema Arifuddin,,,1525 Sherway Dr,Mississauga,Ontario,L4X1C5,905-272-4303,905-272-4311,Central Region,elementary@isnaschools.com,isnaschools.com,Elementary,Not applicable,Site based only,Islamic Society of North America - Canada
674,ISNA High School,665401,Offers credits toward the Ontario Secondary School Diploma (OSSD),Ali Abdi,,,2200 South Sheridan Way,Mississauga,Ontario,L5J2M4,905-272-4303,905-403-9463,Central Region,high@isnaschools.com,http://isnaschools.com,Secondary,Not applicable,Online/Site Based,No Association Membership
675,Ibrahim Islamic School,668686,,Tanveer Sultan,34,,499 Raylawson Blvd,Brampton,Ontario,L6Y4E6,416-566-3830,,Central Region,tanveer_libra@hotmail.com,,Elementary,Not applicable,Site based only,No Association Membership
676,Illuminate Leadership Academy,884993,Offers credits toward the Ontario Secondary School Diploma (OSSD),Alina Huang,,,"1 University Ave, Toronto, Ontario",Toronto,Ontario,M5J2P1,778-999-1488,,Toronto Region,helloalinauniverse@gmail.com,,Secondary,Not applicable,Online Only,No Association Membership
677,Ilm Academy,667874,,Hamza Altaf,8,,50 Steeles Ave E,Milton,Ontario,L9T4W9,289-772-5268,,Central Region,hamzaltaf@gmail.com,ilmacademy.ca,Elementary,Not applicable,nan,
678,Immanuel Christian School,885070,,Rob Angione,,,75 Caverly Rd,Aylmer,Ontario,N5H2P6,519-914-3151,226-667-6462,West Region,office@immanuelchristianschool.net,www.immanuelchristianschool.net,Elementary,Not applicable,Site based only,Ontario Alliance of Christian Schools (OACS)
679,Immanuel Christian School,885940,,Rosa Nyboer-Peterzon,,,120 Glover's Rd,Oshawa,Ontario,L1G3X9,905-728-9071,,East Region,office@immanuelschool.ca,www.immanuelschool.ca,Elementary,Not applicable,Site based only,EDVance
680,Immigrants Working Centre - IWC Academy,881662,Offers credits toward the Ontario Secondary School Diploma (OSSD),Wael Ghali,101,,8 Main Street East,Hamilton,Ontario,L8N1E8,905-529-5209,905-521-0541,West Region,wgali@Iwchamilton.ca,www.iwchamilton.ca,Secondary,Not applicable,Online/Site Based,No Association Membership
681,Imperial St. Auristarien Academy,669896,Applied to offer credits toward the Ontario secondary School Diploma (OSSD),Simon Huynh,116,,1446 Don Mills Rd,North York,Ontario,M3B3N3,647-975-2188,,Toronto Region,imperialacademy825@gmail.com,www.imperialacademy.ca,Secondary,All Year Round,Online/Site Based,No Association Membership
682,Infinity Academy,885224,,Jenna Baggott,,,1198 Ridge Rd N,Ridgeway,Ontario,L0S1N0,613-882-4534,,West Region,info@infinityacademyed.com,www.infinityacademyed.com,Elementary,Not applicable,Site based only,No Association Membership
683,Infinity School,665962,,Eric Brown,,,120 Bruce St,London,Ontario,N6C1G8,519-852-5810,519-963-1880,West Region,Admin@infinityschool.ca,www.infinityschool.ca,Elementary,Not applicable,Site based only,Other
684,Innocent Hearts Secondary School,886638,Offers credits toward the Ontario Secondary School Diploma (OSSD),Shweta Vijaywargiya,11,,2710 North Park Drive,Brampton,Ontario,L6S0E9,647-293-9906,,Central Region,harpal.arora@innocenthearts.ca,www.innocenthearts.ca,Elem/Sec,Not applicable,Online/Site Based,No Association Membership
685,InnovOak School,886268,Offers credits toward the Ontario Secondary School Diploma (OSSD),William GROBE,,,5 Michael Street,Kitchener,Ontario,N2G1L7,226-336-8999,,Central Region,william.grobe@innovoak.ca,www.innovoak.ca,Elem/Sec,Not applicable,Site based only,No Association Membership
686,Innova Academy,667661,,Monica Whatley,,,1000 Gorham Street,Newmarket,Ontario,L3Y1L8,905-806-1959,,Central Region,office@innovaacademy.ca,www.innovaacademy.ca,Elem/Sec,Not applicable,Site based only,Other
687,Innova Academy Upper School,882484,Offers credits toward the Ontario Secondary School Diploma (OSSD),Monica Whatley,300A & 400A,,465 Davis Drive,Newmarket,Ontario,L3Y7T9,905-806-1959,,Central Region,office@innovaacademy.ca,innovaacademy.ca,Secondary,Not applicable,Site based only,Other
688,Innovative Academy of the Dramatic Arts,885160,Offers credits toward the Ontario Secondary School Diploma (OSSD),Sophie Lea McLeod,Unit D,,"355 Wyecroft Road 43.442042497292455, -79.70",Oakville,Ontario,L6K2H2,289-795-0584,587-906-1480,Central Region,contact@iadasecondary.com,iadasecondary.com,Secondary,All Year Round,Site based only,No Association Membership
689,Innunco Academy,886338,Offers credits toward the Ontario Secondary School Diploma (OSSD),Miao Sun,200,,5200 Yonge Street,North York,Ontario,M2N5P6,416-845-6865,,East Region,info@innunco.com,innunco.com,Secondary,All Year Round,Online/Site Based,No Association Membership
690,Insight Academy of Canada,880844,Offers credits toward the Ontario Secondary School Diploma (OSSD),Kristina Ramratttan,,,9500 Dufferin Street,Vaughan,Ontario,L6A4Z8,416-900-2343,,East Region,info@insightacademy.ca,www.insightacademy.ca,Elem/Sec,All Year Round,Online Only,No Association Membership
691,Inspiration Private School,887642,Offers credits toward the Ontario Secondary School Diploma (OSSD),Angel Kuang,5,,2 Corby Road,Markham,Ontario,L3R8A9,905-415-8257,,Central Region,angel@inspirationteaching.com,www.inspirationprivateschool.ca,Secondary,Not applicable,Site based only,No Association Membership
692,Inspiration Private School - Oakville,669893,,Manman Galium Ko,18,,2345 Wyecroft Road,Oakville,Ontario,L6L6L8,905-827-3888,,Central Region,oakville@inspirationfranchise.ca,,Secondary,Not applicable,Site based only,No Association Membership
693,Inspire Academy,669213,Offers credits toward the Ontario Secondary School Diploma (OSSD),Lorna Looby-Crosse,,,45 Norfinch Drive,North York,Ontario,M3N1W8,416-617-5121,,Central Region,llooby-crosse@yaaace.com,www.yaaace.com,Secondary,Summer,Online/Site Based,No Association Membership
694,Institute of Canadian Education,882222,Offers credits toward the Ontario Secondary School Diploma (OSSD),Amjad Khan,201,,140 La Rose Avenue,Etobicoke,Ontario,M9P1B2,416-628-8169,416-352-0063,Central Region,info@iceducation.ca,www.iceducation.ca,Elem/Sec,All Year Round,Online/Site Based,No Association Membership
695,Intellexi Learning Academy,668934,Offers credits toward the Ontario Secondary School Diploma (OSSD),Mahmoud Ghalehnoie,144,,2960 Drew Rd,Mississauga,Ontario,L4T0A5,647-348-3530,647-348-3540,Central Region,info@intellexila.com,http://www.intellexilearningacademy.ca,Secondary,All Year Round,Online/Site Based,No Association Membership
696,IntelliBridge Academy,883996,,Dandan Lu,301,,9011 Leslie St.,Richmond Hill,Ontario,L4B3B6,647-985-6128,,Central Region,dandanlu@inteledu.ca,,Elem/Sec,Not applicable,Online/Site Based,No Association Membership
697,International Academy,669270,,Shiva Esmaeili Azad,,,313 Andrew St.,Newmarket,Ontario,L3Y1H1,647-507-4120,,Central Region,,,Elem/Sec,Not applicable,Online Only,No Association Membership
698,International Canadian Future School,881913,,Mark Aljabban,,,2954 Duncairn Dr,Mississauga,Ontario,L5M5V7,416-357-9965,,Central Region,markaljabban@gmail.com,,Elem/Sec,Not applicable,Online/Site Based,No Association Membership
699,International School of Cambridge,876402,,Safdar Muhammad,,,1550 Dunbar Rd,Cambridge,Ontario,N1R8J5,519-740-6855,519-624-5333,West Region,info@isocambridge.com,www.isocambridge.com,Elementary,Not applicable,Site based only,Islamic Society of North America - Canada
700,International School of Prodigies Prepar,881944,,Mujinga N'Goya,509,,2250 Bovaird Drive East,Brampton,Ontario,L6R0W3,437-996-4477,,Central Region,isp@internationalschoolofprodigies.org,www.internationalprepschoolofmedicalprodigies.com,Elementary,Not applicable,Site based only,No Association Membership
701,Intola Baptist Church,877280,,Pastor Len Nolan,,,6771 Mapleward Road,Thunder Bay,Ontario,P7G2K1,807-767-5562,,North Region,,,Elem/Sec,Not applicable,Site based only,No Association Membership
702,Iqra Nejasni Islamic School,669130,,Mohamed Issa,,,171 McCormack Street,Toronto,Ontario,M6N1X8,416-658-0081,,Toronto Region,info@iqranejashi.com,www.iqranejashi.com,Elementary,Not applicable,Site based only,No Association Membership
703,Islamic Academy of Markham,669098,,Mushtaq Mirza,13,,50 Anderson Ave,Markham,Ontario,L6E1A6,416-889-2520,,Central Region,,,Elementary,Not applicable,Site based only,No Association Membership
704,Islamic Education Guidance Centre,665419,,Ahmed-Nabil Nur,,,40 SOUTH STATION ST,YORK,Ontario,M9N2B3,416-242-9996,416-242-2287,Central Region,mohbashiir@gmail.com,www.islaamcenter.com,Elementary,Not applicable,Online/Site Based,No Association Membership
705,Islamic Institute Al-Rashid,883867,,Mohammad Mazhar Alam,,,18345 COUNTY RD 2 RR1,CORNWALL,Ontario,K6H5R5,613-931-2895,613-931-3300,East Region,edu@alrashid.ca,www.alrashid.ca,Elem/Sec,Not applicable,Site based only,No Association Membership
706,Islamic Institute of Toronto Academy,880343,,Nasreen Khan,,,1630 NEILSON RD,SCARBOROUGH,Ontario,M1X1S3,416-335-9173,416-335-9208,East Region,principal@iitacademy.ca,www.iitacademy.ca,Elementary,Not applicable,Site based only,No Association Membership
707,Islamic School of Canada,883218,,Shumaila Rasheed,,,1193 Tisdale Street,Oakville,Ontario,L6L2S9,437-992-7972,,Central Region,shumailarasheed@gmail.com,In development,Elem/Sec,Not applicable,Online Only,No Association Membership
708,Islamic School of Hamilton,878375,,Yousef Kfaween,,,1545 Stone Church Rd E,Hamilton,Ontario,L8W3P8,905-383-7786,905-383-7786,West Region,yousef.kfaween.ish@gmail.com,www.ishcanada.ca,Elementary,Not applicable,Site based only,Other
709,Issachar Christian Academy,666276,,MARY JOHNSTON,,,235-B Albert Avenue,North Bay,Ontario,P1B7J6,705-472-7662,,North Region,administration@issacharca.com,www.issacharca.com,Elementary,Not applicable,Site based only,EDVance
710,Ivy Gate International School,884165,Offers credits toward the Ontario Secondary School Diploma (OSSD),Xin Ma,,,33 Millhouse Ct,Maple,Ontario,L6A4J4,,,Central Region,info@ivygateschool.com,ivygateschool.com,Secondary,All Year Round,Online Only,No Association Membership
711,Ivy League International Academy  Wasaga,882077,Offers credits toward the Ontario Secondary School Diploma (OSSD),Yufan Zheng,,,83 Marmora Street,Trenton,Ontario,K8V2J2,416-756-4563,,Central Region,ivyleague@CanadaTCI.ca,http://ivy-league-international-academy.com,Secondary,All Year Round,Online/Site Based,No Association Membership
712,J Addison School,666092,Offers credits toward the Ontario Secondary School Diploma (OSSD),Liberato Venditti,,,2 Valleywood Drive,Markham,Ontario,L3R8H3,905-477-4999,905-477-4380,Central Region,lvenditti@jaddisonschool.com,www.jaddisonschool.com,Elem/Sec,Not applicable,Site based only,No Association Membership
713,JEI Learning Center,665073,,Percy Leung,108,,1650 Elgin Mills Road,Richmond Hill,Ontario,L4S0B2,905-237-8534,,Central Region,info@jeilearningcenter.ca,www.jeirichmondhill.ca,Elementary,Not applicable,Site based only,No Association Membership
714,JEI Learning Center - Greensborough,885297,,EMILY CHAN,16 & 17,,10 Greensborough Village Circle,Markham,Ontario,L6E1M4,905-209-9222,,Central Region,markham@jeilearningcenter.ca,www.jeimarkham.com,Elementary,Not applicable,Online/Site Based,No Association Membership
715,JIC  School,887635,,Asma Alwi,,,2380 Tedlo Street,Mississauaga,Ontario,L5A3V3,905-361-9542,905-279-8486,Central Region,vpjic@hotmail.com,,Elementary,Not applicable,Site based only,No Association Membership
716,JNY Day School,668272,,Shuchat Schneur,,,465 Patricia Avenue,Toronto,Ontario,M2R2N1,647-518-8770,,Central Region,info@jewishnorthyork.org,www.jewishnorthyork.org,Elementary,Not applicable,Site based only,No Association Membership
717,JTeach Academy,884902,Offers credits toward the Ontario Secondary School Diploma (OSSD),Corey Margolese,,,655 Thomas Cook Avenue,Maple,Ontario,L6A4M2,647-948-8677,647-948-8677,Central Region,rabbicorey@jteachacademy.com,https://jteachacademy.com,Secondary,All Year Round,Online/Site Based,No Association Membership
718,JYN Academy,669618,Offers credits toward the Ontario Secondary School Diploma (OSSD),Shayna Krybus,,,9135 BATHURST ST,Richmond Hill,Ontario,L4C6C1,905-889-7582,905-889-7582,Central Region,shayna@jewishyouth.ca,www.jewishyouth.ca,Secondary,Not applicable,Site based only,No Association Membership
719,Jackman Institute of Child Study,887099,,Richard Messina,,,45 Walmer Rd,Toronto,Ontario,M5R2X2,416-934-4517,,Toronto Region,,https://www.oise.utoronto.ca/jics/,Elementary,Not applicable,Site based only,Other
720,Jamia Islamia,666124,,Rashid Ahmad,,,3555 St Joseph BLVD,Orleans,Ontario,K1C1T1,613-406-6786,,East Region,rashid.ahmedottawa@gmail.com,www.Jamiaislamiaottawa.org,Elementary,Not applicable,Online/Site Based,No Association Membership
721,Jana Academy,669265,,Randah Alhorani,,,15 Pearl St,Mississauga,Ontario,L5M1X1,416-771-3722,,Central Region,janaacademycanada@gmail.com,,Elementary,Not applicable,Site based only,No Association Membership
722,Jarvis District Christian School,886637,,Chad Haverkamp,,Box 520,149 Talbot St. East,Jarvis,Ontario,N0A1J0,519-587-4444,,West Region,info@jdcs.ca,www.jarvisccs.com,Elementary,Not applicable,Site based only,EDVance
723,Jasper Academy,886269,Offers credits toward the Ontario Secondary School Diploma (OSSD),Tanbir Haque,,,285 Yorkland Blvd,Toronto,Ontario,M2J1S5,647-348-1312,,Central Region,info@jaspermy.com,www.jaspermy.com,Secondary,All Year Round,Online/Site Based,No Association Membership
724,Jaswant Singh Khalra Khalsa School,669764,Offers credits toward the Ontario Secondary School Diploma (OSSD),Maneet Kaur,Floor 3,,50 Queen Street,Brampton,Ontario,L6X4H3,437-886-7001,,Central Region,info@jaswantsinghkhalrakhalsaschool.com,https://jaswantsinghkhalrakhalsaschool.com/,Elem/Sec,All Year Round,Online/Site Based,No Association Membership
725,Jaya International High School,669574,Offers credits toward the Ontario Secondary School Diploma (OSSD),Marijana Stojkovic,204,,3105 Dundas Street West,Mississauga,Ontario,L5L3R8,905-828-7898,289-805-8121,Central Region,admissions@jihs.ca,www.jihs.ca,Secondary,Not applicable,Online/Site Based,Independent and Private School Forum
726,Jehovah Jireh Christian School,669996,,Carol McLean,,,20554 Hurontario Street,Caledon,Ontario,L7K1W9,519-942-2338,519-942-1778,Central Region,school@jjcm.ca,www.jjcm.ca/jjcs,Elem/Sec,Not applicable,Site based only,Canadian Council of Christian Charities (CCCC)
727,Joan of Arc Academy,886017,,Brian Lamb,,,2221 Elmira Dr,Ottawa,Ontario,K2C1H3,613-728-6364,613-728-2935,East Region,administration@joanofarcacademy.com,http://www.joanofarcacademy.com/,Elementary,Not applicable,Site based only,Ontario Federation of Independent Schools
728,John C Yesno Education Centre,663352,Offers credits toward the Ontario Secondary School Diploma (OSSD),Thomas Stanley,,Box 297,,Eabamet Lake,Ontario,P0T1L0,807-242-8421,807-242-1592,North Region,efnea64@gmail.com,,Elem/Sec,First Nation,Site based only,No Association Membership
729,John Calvin Private School,885436,,John VanIperen,,Box 280,320 Station Street,Smithville,Ontario,L0R2A0,905-957-2341,905-957-2342,West Region,office@johncalvinschool.com,johncalvin.ca,Elementary,Not applicable,Site based only,The League of Canadian Reformed School Societies
730,John Clare High School,883575,Offers credits toward the Ontario Secondary School Diploma (OSSD),Chris Chow,,,1595 16Th Avenue,Richmond Hill,Ontario,L4B3N9,647-872-2498,,Central Region,chris.chow@johnclarehs.ca,,Secondary,Not applicable,Online/Site Based,No Association Membership
731,John George Martin Memorial School,663573,Offers credits toward the Ontario Secondary School Diploma (OSSD),Mary Angees,,Box 108,General Delivery,Wunnumin Lake,Ontario,P0V2Z0,807-442-2575,807-442-2640,North Region,llbms@knet.ca,llbms.firstnationschools.ca,Elem/Sec,First Nation,Site based only,No Association Membership
732,John Knox Christian,885185,,Christine Soultanidis,,,82 McLaughlin Rd S,Brampton,Ontario,L6Y2C7,905-451-3236,905-451-3448,Central Region,astraatsma@bramptonjkcs.org,http://www.bramptonjkcs.org,Elementary,Not applicable,Site based only,EDVance
733,John Knox Christian School,886564,,George Petrusma,,,2232 Sheridan Garden Drive,Oakville,Ontario,L6J7T1,905-829-8048,905-829-8056,Central Region,office@jkcs-oakville.ca,http://www.jkcs-oakville.ca,Elementary,Not applicable,Site based only,EDVance
734,John Knox Christian School,886785,,Marnie Rekman,,Box 81,4738 Confederation Line,Wyoming,Ontario,N0N1T0,519-845-3112,519-845-1404,West Region,info@wyomingjkcs.com,www.wyomingjkcs.com,Elementary,Not applicable,Site based only,Ontario Alliance of Christian Schools (OACS)
735,Jordan Christian School,882992,Offers credits toward the Ontario Secondary School Diploma (OSSD),Paul Wagenaar,,Box 69,4171 Fifteenth St,Jordan Station,Ontario,L0R1S0,905-562-4023,905-562-4024,West Region,principal@ourjcs.ca,www.ourjcs.ca,Elem/Sec,Not applicable,Site based only,Other
736,"Junior Academy, The",884480,,Paul Bamberger,,,2454 Bayview Avenue,Toronto,Ontario,M2L1A6,416-425-4567,416-425-7379,Central Region,pbamberger@junioracademy.com,www.junioracademy.com,Elementary,Not applicable,Site based only,Ontario Federation of Independent Schools
737,Jérôme Lejeune School,668891,,Sophia Hyginus,,,1359 Chatelain Ave.,Ottawa,Ontario,K1Z8A6,613-805-3289,,East Region,info@lejeuneschool.com,www.lejeuneschool.com,Elementary,Not applicable,Site based only,EDVance
738,KAI Global School,665538,Offers credits toward the Ontario Secondary School Diploma (OSSD),Lori Bouzane,,,1565 Maple Grove,Ottawa,Ontario,K2V1A3,613-407-5674,,East Region,info@kaiglobalschool.com,https://kaiglobalschool.com/,Elem/Sec,All Year Round,Online/Site Based,No Association Membership
739,KCS Online Learning,665510,Offers credits toward the Ontario Secondary School Diploma (OSSD),Biju Joseph,,,69 Maitland Street,Brampton,Ontario,L6S3B5,905-791-1750,,Central Region,info@kcsonlinelearning.com,www.kcsonlinelearning.com,Secondary,Not applicable,Online Only,No Association Membership
740,KCS Senior School,883390,Offers credits toward the Ontario Secondary School Diploma (OSSD),Garth Nichols,LS 201,,2183 Lake Shore Boulevard West,Toronto,Ontario,M8V0J2,416-617-7312,416-234-8386,Toronto Region,seniorschooloffice@kcs.on.ca,https://www.kcs.on.ca/senior-school,Secondary,Not applicable,Site based only,Conference of Independent Schools of Ontario
741,KENT INTERNATIONAL SCHOOL,883040,Offers credits toward the Ontario Secondary School Diploma (OSSD),NAI GANG YU,,,4700 Epworth Circle,NIAGARA FALLS,Ontario,L2E1C6,905-358-9991,905-358-3883,West Region,admin@kentintschool.ca,www.kentintschool.ca,Secondary,Not applicable,Online Only,No Association Membership
742,KIND Forest School,885089,,Benedict von Holtzendorff,,,1404 O'Brien Street,North Bay,Ontario,P1B5X9,705-358-6879,,North Region,contact@kindforestschool.ca,kindnatured.ca,Elementary,Not applicable,Site based only,No Association Membership
743,KW Montessori School,665070,,Theresa Cochrane,,,527 Bridgeport Road East,Kitchener,Ontario,N2K1N6,519-742-1051,519-742-1051,West Region,admin@kwmontessorischool.com,www.kwmontessorischool.com,Elementary,Not applicable,Site based only,Canadian Council of Montessori Administrators (CCMA)
744,Kaa'naa'matay Wiigiiam,665448,Offers credits toward the Ontario Secondary School Diploma (OSSD),Lowell Johnston,,,5 Eastend Road,Keewatin,Ontario,P0X1C0,807-543-6843,807-543-6444,North Region,,,Elem/Sec,First Nation,Site based only,No Association Membership
745,Kaban Montessori School,883736,,Blanca Sanchez,2,,2465 Dunwin Drive,Mississauga,Ontario,L5L1T1,905-569-3112,,Central Region,office@kabanmontessori.ca,www.kabanmontessori.ca,Elementary,Not applicable,Site based only,Canadian Council of Montessori Administrators (CCMA)
746,Kanata Academy,877697,Offers credits toward the Ontario Secondary School Diploma (OSSD),Shannon Rattray,,,180 Huntmar Drive,Ottawa,Ontario,K2S1B9,613-599-5399,613-599-0556,East Region,info@kanataacademy.com,www.kanataacademy.com,Elem/Sec,Not applicable,Online/Site Based,No Association Membership
747,Kanata Montessori High School,883130,Offers credits toward the Ontario Secondary School Diploma (OSSD),Misha Costescu,,,275 Michael Cowpland Drive,Kanata,Ontario,K2M2G2,613-592-2189,,East Region,info@kmscrhs.ca,www.kanatamontessori.com,Elem/Sec,Not applicable,Site based only,No Association Membership
748,Kanata Montessori Private School,875104,,Misha Costescu,,,355 Michael Cowpland Dr,Kanata,Ontario,K2M2C5,613-592-2189,613-592-3705,East Region,info@kmscrhs.ca,http://www.kanatamontessori.com,Elementary,Not applicable,Site based only,Canadian Council of Montessori Administrators (CCMA)
749,Kate Language School,886024,Offers credits toward the Ontario Secondary School Diploma (OSSD),Xin Guan,205,,7481 Woodbine Avenue,Markham,Ontario,L3R2W1,647-289-9467,,Toronto Region,kate.guan@haltonraakelschool.ca,haltonraakelschool.ca,Secondary,All Year Round,Online/Site Based,No Association Membership
750,Kawartha Classical Christian School,669643,,Rylan Auger,,,2673 Maple Grove Road,Cavan,Ontario,K9J0G5,705-312-5364,,East Region,office@kawarthaclassical.com,www.kawarthaclassical.com,Elementary,Not applicable,Site based only,No Association Membership
751,Kawartha Farm School Inc.,884980,,Sarah Smith,,,1304 Prospect Road,Woodville,Ontario,K0M2T0,647-892-9621,,East Region,sarahsmithias@kawarthafarmschool.com,www.kawarthafarmschool.com,Elementary,Not applicable,Site based only,No Association Membership
752,Kawartha Montessori,876810,,Carolyn Donaldson,,,2247 Burnham Line,Otonabee-South Monaghan,Ontario,K9J6X7,705-748-5437,,East Region,admin@kawarthamontessori.com,http://www.kawartha-montessori.org/,Elementary,Not applicable,Site based only,Canadian Council of Montessori Administrators (CCMA)
753,Kawenni:io/Gaweni:yo High School,663905,Offers credits toward the Ontario Secondary School Diploma (OSSD),Tammy Jonathan,c/o Six Nations Reserve,,3201 Second Line 6,Hagersville,Ontario,N0A1H0,905-768-7203,905-768-7150,West Region,registrar@kgschool.ca,www.kgschool.ca,Secondary,First Nation,Site based only,No Association Membership
754,Kayla's Children Centre,884987,,Yehudis Bergmann,,,36 Atkinson Avenue,Thornhill,Ontario,L4J8C9,905-738-5542,905-738-8047,Central Region,yaffi@kaylaschildrencentre.org,www.kaylaschildrencentre.org,Elem/Sec,Not applicable,Site based only,No Association Membership
755,Kayla's Children Centre (High School),884832,Offers credits toward the Ontario Secondary School Diploma (OSSD),Alexandra Rehman,,,36 Atkinson Avenue,Thornhill,Ontario,L4J8C9,905-738-5542,,Central Region,alex@kaylaschildrencentre.org,www.kaylaschildrencentre.org,Secondary,Not applicable,Site based only,No Association Membership
756,Keewaytinook Internet,663930,Offers credits toward the Ontario Secondary School Diploma (OSSD),Patrick Stoddart,,,730 Syndicate Ave South,Thunder Bay,Ontario,P7E1E9,800-387-3740,807-735-3392,North Region,rajendrabudhram@edu.knet.ca,http://www.kihs.knet.ca,Secondary,First Nation,Online/Site Based,No Association Membership
757,Kehila Jewish Community Day School,878529,,Lishai Peel,,,215 Cline Ave N,Hamilton,Ontario,L8S4A1,905-529-7725,905-529-9694,West Region,office@kehilaschool.ca,http://www.kehilaschool.com,Elementary,Not applicable,Site based only,No Association Membership
758,Kempenfelt Bay School,878588,Applied to offer credits toward the Ontario secondary School Diploma (OSSD),Carrie Lane,,,2145 Innisfil Beach Road,Innisfil,Ontario,L9S4B9,705-739-4731,705-739-3678,Central Region,acanimkorbigi@kempenfeltbayschool.ca,http://www.kempenfeltbayschool.com/,Elem/Sec,Not applicable,Site based only,Conference of Independent Schools of Ontario
759,Kendalwood Montessori,668625,,Sandeep Dhillon,,,104 Consumers Drive,Whitby,Ontario,L1N5T3,905-665-4766,,East Region,admin@kendalwoodmontessori.com,www.kendalwoodmontessori.com,Elementary,Not applicable,Site based only,Canadian Council of Montessori Administrators (CCMA)
760,Kendelhurst Academy,665767,Offers credits toward the Ontario Secondary School Diploma (OSSD),Paula CARRASCO,,,170 Church Street,Mississauga,Ontario,L5M2M3,905-813-8000,905-821-0891,Central Region,info@kendellhurst.com,www.Kendellhurst.com,Elem/Sec,Not applicable,Site based only,Ontario Federation of Independent Schools
761,Kenilworth Krest Parochial School,876569,,Lydia Martin,,,7240 Sideroad 6 5,Mount Forest,Ontario,N0G2L0,519-323-3561,,West Region,,,Elementary,Not applicable,Site based only,No Association Membership
762,Kenjgewin Teg,663654,Offers credits toward the Ontario Secondary School Diploma (OSSD),Sherry Moreau,,,374A Hwy 551,M'Chigeeng,Ontario,P0P1G0,705-370-4342,705-377-4379,North Region,sherrymoreau@kenjgewinteg.ca,www.kenjgewinteg.ca,Secondary,First Nation,Site based only,No Association Membership
763,Kennedy Montessori Private School,666491,,Kiera Thompson,,,7781 Kennedy Rd,Unionville,Ontario,L3R2C8,905-948-1785,905-948-1785,Central Region,kennedymontessori@gmail.com,www.kennedymontessori.com,Elementary,Not applicable,Site based only,Canadian Council of Montessori Administrators (CCMA)
764,Kent School,667656,Offers credits toward the Ontario Secondary School Diploma (OSSD),Robert Ford,,,4700 Epworth Circle,Niagara Falls,Ontario,L2E1C6,905-358-9991,905-358-3883,West Region,admin@kentschool.ca,www.kentschool.ca,Secondary,Not applicable,Online/Site Based,No Association Membership
765,Kesser Yosef,883386,Offers credits toward the Ontario Secondary School Diploma (OSSD),Ephraim Klein,,,4116 Bathurst St.,Toronto,Ontario,M3H3P2,416-930-1276,,Central Region,office@kesseryosef.com,,Secondary,Not applicable,Site based only,No Association Membership
766,Kew Park Montessori Day School,878863,,Tarynn Parry,,,79 Hiawatha Rd,Toronto,Ontario,M4L2X7,416-694-6273,,Toronto Region,info@kewparkmontessori.com,www.kewparkmontessori.com,Elementary,Not applicable,Site based only,Canadian Council of Montessori Administrators (CCMA)
767,Keystone Montessori School,882370,,Adam Hewitt,,,133 James Street East,Orillia,Ontario,L3V1L7,705-327-2223,,Central Region,info@keystonemontessori.ca,www.keystonemontessori.ca,Elementary,Not applicable,nan,
768,Keystone School,888468,Offers credits toward the Ontario Secondary School Diploma (OSSD),Rachel Shiderman,,,186 St. George Street,Toronto,Ontario,M5R2N3,416-422-4123,,Toronto Region,info@keystoneschools.ca,www.keystoneschools.ca,Elem/Sec,All Year Round,Online/Site Based,Ontario Federation of Independent Schools
769,Khairul Ummah School,665365,Offers credits toward the Ontario Secondary School Diploma (OSSD),Muhammad Ismail Kotwal,,,25 Civic Road,Scarborough,Ontario,M1L2K6,647-707-5366,416-445-8624,East Region,info@khairulummah.ca,www.khairulummah.ca,Elem/Sec,Not applicable,Site based only,No Association Membership
770,Khalsa Community School,877352,Offers credits toward the Ontario Secondary School Diploma (OSSD),Ripsodhak Grewal,,,69 Maitland Street,Brampton,Ontario,L6S3B5,905-791-1750,905-458-9133,Central Region,khalsacommunityschool@hotmail.com,http://www.khalsacommunityschool.com/,Elem/Sec,Not applicable,Site based only,No Association Membership
771,Khalsa Montessori School,886258,,Harpreet Gill,207,,5 Cherrycrest Dr,Brampton,Ontario,L6P3W4,905-913-0801,905-913-0801,Central Region,info@kmschool.org,www.kmschool.org,Elementary,Not applicable,Site based only,Canadian Council of Montessori Administrators (CCMA)
772,Khalsa School Malton,666932,,Gurpreet Singh,,,7280 Airport Rd.,Mississauga,Ontario,L4T2H3,905-671-2010,905-367-5335,Central Region,info@khalsaschoolmalton.com,www.khalsaschoolmalton.com,Elem/Sec,Not applicable,Online/Site Based,No Association Membership
773,Kids Inc.,881284,,Mary-Katherine Amos,,,5567 Fourth Line Line RR#2,Hillsburgh,Ontario,N0B1Z0,416-453-6949,,West Region,admin@kidsinc.ca,https://kidsinccamp.ca/forest-school/,Elementary,Not applicable,Site based only,No Association Membership
774,KinderKollege Elementary School,877581,,Kathy McTavish,A,,205 Queen Street,Brampton,Ontario,L6W0C8,905-790-2223,905-790-8642,Central Region,admin@kinderkollege.ca,www.kinderkollege.ca,Elementary,Not applicable,Site based only,No Association Membership
775,Kinderhuis Elementary,885537,,William Hill,17,,785 Pacific Rd,Oakville,Ontario,L6L6M3,416-452-6852,,Central Region,billhill@kmps.ca,none,Elementary,Not applicable,Site based only,No Association Membership
776,Kindred Spirits Day School,885075,,Melinda DeNicola,,,415 Pickering Crescent,Newmarket,Ontario,L3Y8G8,905-884-5052,,Central Region,melinda@kindredspirits-school.ca,www.kindredspirits-school.ca,Elementary,Not applicable,Site based only,No Association Membership
777,King Alfred Academy,883209,,Randy FREY,,,1373 Lobsinger Line,Waterloo,Ontario,N2J4G8,519-658-6333,,West Region,info@kingalfred.ca,,Elem/Sec,Not applicable,Site based only,Other
778,King Christian School,885630,,BONNIE NOBLE,,,19740 Bathurst St,East Gwillimbury,Ontario,L9N0N5,905-853-1881,905-853-1701,Central Region,office@kingchristian.ca,http://www.kingchristian.ca,Elementary,Not applicable,Site based only,EDVance
779,King Heights Academy,889823,Offers credits toward the Ontario Secondary School Diploma (OSSD),Elsa Norberto,,,130 Racco Parkway,Thornhill,Ontario,L4J8X9,905-652-1234,905-652-9000,Central Region,info@kingheightsacademy.com,www.kingheightsacademy.com,Elem/Sec,Not applicable,Online/Site Based,IB Schools of Ontario
780,King's Academy,889241,,Kim Phillips,,,410 Sunset Drive,St. Thomas,Ontario,N5R3C7,519-702-5464,,West Region,office@kingsacademycanada.com,www.kingsacademycanada.com,Elementary,Not applicable,Site based only,Canadian Council of Christian Charities (CCCC)
781,King's Christian Collegiate,665398,Offers credits toward the Ontario Secondary School Diploma (OSSD),Lisa Conlin,,,528 Burnhamthorpe Rd W,Oakville,Ontario,L6M4K6,905-257-5464,905-257-5463,Central Region,lconlin@kingschristian.ca,http://www.kingschristian.ca,Secondary,Not applicable,Site based only,EDVance
782,King's College School for Bright and Gifed Children,876577,Offers credits toward the Ontario Secondary School Diploma (OSSD),"Dennis Hahn, Laura Bassaragh",,,16379 The Gore Road,Caledon,Ontario,L7E0X4,905-880-7645,,Central Region,info@kingscollegeschool.ca,www.kingscollegeschool.ca,Elem/Sec,Not applicable,Online/Site Based,No Association Membership
783,King's Cross Academy,886917,,Benjamin Emery,,,194552 19Th Line,Ingersoll,Ontario,N5C3J6,519-485-4440,,West Region,info@kingscrossacademy.com,www.kingscrossacademy.com,Elem/Sec,Not applicable,Site based only,No Association Membership
784,King's Town Private School,884720,,Roxanne Garwood,,,66 RIDEAU ST,KINGSTON,Ontario,K7K2Z7,613-546-5123,,East Region,ask@kingstownschool.ca,http://kingstownschool.ca,Elementary,Not applicable,Site based only,No Association Membership
785,Kingfisher Lake Education Centre,664267,Offers credits toward the Ontario Secondary School Diploma (OSSD),Roy Wagner,,,500 Airport Road,Kingfisher Lake,Ontario,P0V1Z0,807-532-2057,807-532-2153,North Region,amosw@kingfisherlake.ca,,Secondary,First Nation,Site based only,No Association Membership
786,Kingston Christian School,885657,Offers credits toward the Ontario Secondary School Diploma (OSSD),Anita Bull,,,1212 Woodbine Rd,Kingston,Ontario,K7L4V2,613-384-9572,613-384-9580,East Region,admin@kingstonchristianschool.ca,http://www.kingstonchristianschool.ca,Elem/Sec,Not applicable,Online/Site Based,EDVance
787,Kingston Collegiate,668168,Offers credits toward the Ontario Secondary School Diploma (OSSD),Brian Altay,,,477 Green Valley Drive,Windsor,Ontario,N8N4C2,647-830-5838,,West Region,kingstoncollegecnd@gmail.com,https://www.kingstoncollege.ca,Secondary,All Year Round,Online Only,No Association Membership
788,Kingsway Academy,666341,Offers credits toward the Ontario Secondary School Diploma (OSSD),Tetyana Vdovina,,,370 Huron Street,London,Ontario,N6A2K4,519-204-9050,,West Region,kevin@iceap.ca,www.iceapkingsway.ca,Secondary,All Year Round,Online/Site Based,No Association Membership
789,Kingsway Christian Academy,882601,,Tracy Fast,,,3776 Highway 3,Balmoral,Ontario,N0A1H0,905-869-6470,,West Region,mark@kingswaychurch.ca,,Elem/Sec,Not applicable,Site based only,No Association Membership
790,Kingsway College Private High School,885959,Offers credits toward the Ontario Secondary School Diploma (OSSD),Lee Richards,,,1200 Leland Rd,Oshawa,Ontario,L1K2H4,905-433-1144,905-433-1156,East Region,presidentsoffice@kingsway.college,http://www.kingsway.college,Secondary,Not applicable,Site based only,Other
791,Kingsway College School,884812,,Matina Mosun,,,4600 Dundas St W,Etobicoke,Ontario,M9A1A5,416-234-5073,416-234-8386,Toronto Region,nnewton@kcs.on.ca,http://www.kcs.on.ca,Elementary,Not applicable,Site based only,Conference of Independent Schools of Ontario
792,Kinoomaadziwin Education Body,669812,Offers credits toward the Ontario Secondary School Diploma (OSSD),Marlo Beaucage,100,,132 Osprey Miikan,North Bay,Ontario,P1B8G5,705-845-3634,705-845-3637,North Region,nancy.o'donnell@a-e-s.ca,,Secondary,First Nation,Online Only,No Association Membership
793,Kisomo International Collegiate,669857,Offers credits toward the Ontario Secondary School Diploma (OSSD),Mohamed Ali,,,1735 Kipling Ave,Etobicoke,Ontario,M9R2Y8,647-693-9335,416-628-1710,Central Region,info@kisomo.ca,www.kisomo.ca,Secondary,All Year Round,Online/Site Based,No Association Membership
794,Kitchener Waterloo Bilingual School,887676,,Claire Lise Knapp,,,600 Erb Street West,Waterloo,Ontario,N2J3Z4,519-886-6510,519-886-4053,West Region,admin@kwbilingualschool.net,www.kwbilingualschool.com,Elementary,Not applicable,Site based only,No Association Membership
795,Kleinburg Christian School,881708,,Lee Major,,,6950 Nashville Rd,Kleinburg,Ontario,L0J1C0,905-893-7211,,Central Region,leeann.major@kleinburgchristian.ca,www.kleinburgchristian.ca,Elementary,Not applicable,Site based only,EDVance
796,Knox Christian School,885177,,Paul Marcus,,,410 North Scugog Crt,Bowmanville,Ontario,L1C6T1,905-623-5871,905-623-8877,East Region,office@knoxchristian.com,knoxchristian.com,Elementary,Not applicable,Site based only,Ontario Alliance of Christian Schools (OACS)
797,La Citadelle International Academy,665452,Offers credits toward the Ontario Secondary School Diploma (OSSD),Alfred Abouchar,,,36 Scarsdale Rd,North York,Ontario,M3B2R7,416-385-9685,416-385-9685,Central Region,account@lacitadelleacademy.com,www.lacitadelleacademy.com,Elem/Sec,Not applicable,Site based only,No Association Membership
798,La Maison Montessori House,884134,,Anne Martin,,,1205 Stellar Dr.,Newmarket,Ontario,L3Y7B8,905-895-2110,905-726-4364,Central Region,newmarket@lmmh.ca,www.lmmh.ca,Elementary,Not applicable,Site based only,No Association Membership
799,La Salette Courtland Old Colony Christia,667731,,Jake Dyck,,7,71 La Salette Rd,La Salette,Ontario,N0E1H0,519-582-3077,,West Region,,,Elementary,Not applicable,Site based only,No Association Membership
800,La Villa Montessori School,665461,,Gino Falcitelli,106,,1943 Ironoak Way,Oakville,Ontario,L6H3V7,905-844-1900,,Central Region,info@lvms.ca,www.lvms.ca,Elementary,Not applicable,Site based only,Montessori Quality Assurance in Canada (MQA)
801,Lakedale Amish Parochial,887609,,,,,682483 Side Road 6 2,Chatsworth,Ontario,N0H1G0,,,West Region,,,Elementary,Not applicable,Site based only,No Association Membership
802,Lakefield College School,885371,Offers credits toward the Ontario Secondary School Diploma (OSSD),Anne-Marie Kee,,,4391 County Road 29,Lakefield,Ontario,K0L2H0,705-652-3324,705-652-6320,East Region,akee@lcs.on.ca,http://www.lcs.on.ca,Secondary,Not applicable,Online/Site Based,Conference of Independent Schools of Ontario
803,Lakelet Parochial School,878359,,Leah Martin,,,44736 Glennanon Rd 1,Clifford,Ontario,N0G1M0,,,West Region,,,Elementary,Not applicable,Site based only,No Association Membership
804,Lakeshore School,880729,,David Schleger,,,1555 Sydenham Road,Kingston,Ontario,K7L4V4,613-767-2776,,East Region,info@lakeshoreschool.com,www.lakeshoreschool.ca,Elementary,Not applicable,Site based only,No Association Membership
805,Lakeside Parochial School,669546,,Amy Martin,,,2 Bay Street,Charlton,Ontario,P0J1B0,,,North Region,,,Elementary,Not applicable,Site based only,No Association Membership
806,Lakeview Christian School,887889,,Lorne Martin,,,74705 Bronson Line 1,Zurich,Ontario,N0M2T0,519-565-5286,,West Region,,,Elem/Sec,Not applicable,Site based only,No Association Membership
807,Lakeview Montessori School,880256,,Renee Ryerson,,,13797 Riverside Dr E,Tecumseh,Ontario,N8N1B5,519-735-5005,519-735-7462,West Region,info@lakeviewmontessori.ca,http://www.lakeviewmontessori.ca/,Elementary,Not applicable,Site based only,Canadian Council of Montessori Administrators (CCMA)
808,Lakewood Montessori Christian School,882152,,Katherine Shave,,,2054 Mountainside Drive,Burlington,Ontario,L7P1A8,289-245-1717,,West Region,lakewoodmontessorischool@yahoo.com,lakewoodmontessori.ca,Elementary,Not applicable,Site based only,Canadian Council of Montessori Administrators (CCMA)
809,Lamlash Echoes,883078,,Rosellen Kuepfer,,,421785 Conc. 6 NDR,Elmwood,Ontario,N0G1S0,,,West Region,,,Elementary,Not applicable,Site based only,No Association Membership
810,Langside Parochial,666076,,Martha Brubacher,,,479 Langside Street 5,Lucknow,Ontario,N0G2H0,,,West Region,,,Elementary,Not applicable,Site based only,No Association Membership
811,Laureate College,885783,Offers credits toward the Ontario Secondary School Diploma (OSSD),"Robert Hamilton, Steve Saunders",,,1921 Snake Road,Burlington,Ontario,L7P4Y2,416-800-8434,416-642-7078,Central Region,info@laureatecollege.ca,www.laureatecollege.ca,Elem/Sec,Not applicable,Online/Site Based,No Association Membership
812,Laureates Academy for Gifted Students,881826,Offers credits toward the Ontario Secondary School Diploma (OSSD),Iman Kamali Sarvestani,,,8 Weldrick Road West,Richmond,Ontario,L4C3T8,647-455-2606,,Central Region,info@laureates.ca,www.laureates.ca,Elem/Sec,All Year Round,Online/Site Based,No Association Membership
813,Lauremont School – Lower School,665064,,Rachel Marks,,,8569 Bayview Avenue,Richmond Hill,Ontario,L4B3M7,905-889-6882,905-886-6516,Central Region,vhaines@lauremontschool.ca,www.tmsschool.ca,Elementary,Not applicable,Site based only,Canadian Council of Montessori Administrators (CCMA)
814,Lauremont School – Upper School,885797,Offers credits toward the Ontario Secondary School Diploma (OSSD),Peter Hill,,,500 Elgin Mills Road E.,Richmond Hill,Ontario,L4C5G1,905-780-1002,905-780-8981,Central Region,sthomas@tmsschool.ca,www.tmsschool.ca,Elem/Sec,Not applicable,Site based only,No Association Membership
815,Laurentian Hills Christian School,887897,,Carolyn Van Zwol,,,11 Laurentian Drive,Kitchener,Ontario,N2E1C1,519-576-6700,519-576-2583,West Region,inquiries@lhcs.net,www.lhcs.net,Elementary,Not applicable,Site based only,EDVance
816,Le Cercle des savoirs,889281,Offers credits toward the Ontario Secondary School Diploma (OSSD),Abdelouahid Haouari,211,,435 Saint-Laurent,Ottawa,Ontario,K1K2Z6,613-697-4351,,East Region,henseignant@hotmail.com,,Elem/Sec,All Year Round,Online/Site Based,No Association Membership
817,Le Mother Mary High School,669978,Offers credits toward the Ontario Secondary School Diploma (OSSD),Christian Bayly,21,,151 Brunel Road,Mississauga,Ontario,L4Z2H6,289-514-2296,,Central Region,lemothermary@gmail.com,https://lemothermary.com,Secondary,All Year Round,Online/Site Based,Independent and Private School Forum
818,Lead Academy,885122,Offers credits toward the Ontario Secondary School Diploma (OSSD),Samantha Wong,4 & 5,,80F Centurian Drive,Markham,Ontario,L3R8C1,289-278-8282,,Central Region,samantha.wong@lead-academy.ca,www.lead-academy.ca,Secondary,Not applicable,Site based only,No Association Membership
819,Leahurst College,880502,Offers credits toward the Ontario Secondary School Diploma (OSSD),Elizabeth Turcke,109,,4 Cataraqui Street,Kingston,Ontario,K7K1Z7,613-767-9201,,East Region,eturcke@leahurstcollege.ca,www.leahurstcollege.ca,Elem/Sec,Not applicable,Online/Site Based,No Association Membership
820,Learning Beam Academy,889197,Offers credits toward the Ontario Secondary School Diploma (OSSD),Itwant Johal,,,209 -19 Woodbine Downs Boulevard,Etobicoke,Ontario,M9W6N5,416-887-0769,,Toronto Region,learningbeam@gmail.com,,Elem/Sec,All Year Round,Online/Site Based,No Association Membership
821,Learning Genius Academy Inc,885331,Offers credits toward the Ontario Secondary School Diploma (OSSD),Chandan Jha,204,,4515 EBENEZER RD,Brampton,Ontario,L6P2K7,647-869-4222,289-632-1510,Central Region,learning_genius@yahoo.ca,www.learninggeniusacademy.com,Secondary,All Year Round,Site based only,No Association Membership
822,Lee Academy Private Elementary School,878332,,Alison Will,,,1978 2nd Concession W RR 1,Lynden,Ontario,L0R1T0,519-647-9772,,West Region,director@leeacademy.com,http://www.leeacademy.com,Elementary,Not applicable,Site based only,No Association Membership
823,Lennox & Addington Cornerstone Christian,876860,,Pamela Mutch,,,320 Bridge St W,Napanee,Ontario,K7R3S7,613-354-2354,613-354-2354,East Region,cornerstonechristiannapanee@gmail.com,www.cornerstonenapanee.com,Elementary,Not applicable,Site based only,No Association Membership
824,"Leo Baeck Day School, The",886769,,Adina Lubek,,,501 Arlington Avenue,Toronto,Ontario,M6C3A4,416-787-9899,,Toronto Region,info@leobaeck.ca,www.leobaeck.ca,Elementary,Not applicable,Site based only,Centre for Jewish Education
825,Leonardo Da Vinci Academy of Arts and,882909,,Susan Lee,,,901 Lawrence Ave W,Toronto,Ontario,M6A1C3,416-247-6137,416-247-6138,Toronto Region,ldva@ldva.on.ca,http://www.ldva.on.ca,Elementary,Not applicable,Site based only,Canadian Council of Montessori Administrators (CCMA)
826,Lev Academics,883201,Offers credits toward the Ontario Secondary School Diploma (OSSD),Elise Greenberg,118,,463 Eglinton Avenue West,Toronto,Ontario,M5N1A7,647-300-3130,,Toronto Region,elise@levacademics.com,levacademics.com,Secondary,All Year Round,Online/Site Based,No Association Membership
827,Liberty Prep School,666744,,Leslie Shuber,,,162 Parliament Street,Toronto,Ontario,M5A2Z1,416-603-0341,,Toronto Region,learn@libertyprepschool.com; laura@libertyprepschool.com,www.libertyprepschool.com,Elementary,Not applicable,Site based only,No Association Membership
828,Lighthouse Christian School,881789,,Nancy Wall,,,59 Victoria Street,Port Burwell,Ontario,N0J1T0,519-671-0467,,West Region,lgcprivateschool@gmail.com,lgcprivateschool.com,Elem/Sec,Not applicable,Site based only,No Association Membership
829,Lilac Grove Parochial School,877158,,Miriam Sittler,,,716 Elderslie Con 10 2,Dobbinton,Ontario,N0H1L0,,,West Region,,,Elementary,Not applicable,Site based only,No Association Membership
830,Limehouse Forest School,882491,,Emily Janecek,,,12389 5th Line,Limehouse,Ontario,L0P1H0,519-373-6951,,Central Region,limehouseforestschool@gmail.com,www.atlastforestschools.com,Elementary,Not applicable,Site based only,No Association Membership
831,Linbrook School,883704,,Mike Packowski,,,1079 Linbrook Road,Oakville,Ontario,L6J2L2,905-844-2697,,Central Region,info@linbrook.ca,www.linbrook.ca,Elementary,Not applicable,Site based only,No Association Membership
832,Lindale Parochial School,886947,,Esther Weber,,,5545 Ament Line 1,Linwood,Ontario,N0B2A0,,,West Region,,,Elementary,Not applicable,Site based only,No Association Membership
833,"Linden School, The",876186,Offers credits toward the Ontario Secondary School Diploma (OSSD),Zahra Valani,3 & 4,,920 Yonge Street,Toronto,Ontario,M4W3C7,416-966-4406,416-966-9736,Toronto Region,principal@lindenschool.ca,http://www.lindenschool.ca,Elem/Sec,Not applicable,Site based only,Other
834,Link On Learning,665758,,Janice Frohlich,203,,1220 Stellar Drive,Newmarket,Ontario,L3Y7B9,905-895-9493,,Central Region,janice@linkonlearning.com,www.linkonlearning.com,Elementary,Not applicable,Online Only,No Association Membership
835,Listowel Christian School,888923,,THERESA JANECZKO,,,305 Binning Street W,Listowel,Ontario,N4W1G4,519-291-3086,,West Region,office@listowelchristianschool.ca,www.listowelchristianschool.ca,Elementary,Not applicable,Site based only,Ontario Alliance of Christian Schools (OACS)
836,Literacy and Mathematics Academy,884652,,Nicole Guerriero,,,1 King Street West,Stoney Creek,Ontario,L8G1G7,289-441-1078,,West Region,info@literacymathacademy.com,www.literacymathacademy.com,Elementary,Not applicable,Site based only,No Association Membership
837,Little House Montessori School,665560,,Joanne Harrison,,,140 Maple Street,Collingwood,Ontario,L9Y2P8,705-444-9997,705-293-0892,Central Region,littlehousemontessorischool@gmail.com,www.littlehousemontessori.net,Elementary,Not applicable,Site based only,No Association Membership
838,Living Hope Christian School,883879,,Heather Windatt,,,1045 Garth ST,Hamilton,Ontario,L9C4L5,905-667-1197,905-667-1198,West Region,info@lhcschool.tv,www.findhope.tv,Elementary,Not applicable,Site based only,No Association Membership
839,Lodestar Montessori School,883156,,Erin Kerr,,,120 Taylor Road,Bracebridge,Ontario,P1L1J2,647-608-0416,,Central Region,office@lodestarmontessorischool.com,lodestarmontessorischool.com,Elementary,Not applicable,Site based only,Montessori Quality Assurance in Canada (MQA)
840,Lolart School,669329,Offers credits toward the Ontario Secondary School Diploma (OSSD),Justin Li,700,,920 Yonge Street,Toronto,Ontario,M4W3C7,416-250-8110,,Central Region,guidance@lolart.ca,www.lolart.academy,Secondary,All Year Round,Online/Site Based,No Association Membership
841,London Christian Academy,887684,,Sandy Tauschek,,,85 Charles St,London,Ontario,N6H1H1,519-473-3332,519-473-9843,West Region,office@londonchristianacademy.ca,www.londonchristianacademy.ca,Elementary,Not applicable,Site based only,EDVance
842,London Christian Elementary School,885746,,Stephen Janssen,,,202 Clarke Road,London,Ontario,N5W5E4,519-455-0360,,West Region,principal@londonchristian.ca,http://www.londonchristian.ca,Elementary,Not applicable,Site based only,EDVance
843,London Christian High School,885738,Offers credits toward the Ontario Secondary School Diploma (OSSD),Gabriella Hoogstra,,,24 Braesyde Ave,London,Ontario,N5W1V3,519-455-4360,519-455-4364,West Region,office@lchonline.ca,www.londonchristianhigh.ca,Secondary,Not applicable,Site based only,EDVance
844,London Community Hebrew Day School,887404,,NECHAMA SILBERBERG,,,536 Huron St,London,Ontario,N5Y4J5,519-439-8419,519-439-0404,West Region,office@lchds.ca,,Elementary,Not applicable,Site based only,No Association Membership
845,London International Academy,666947,Offers credits toward the Ontario Secondary School Diploma (OSSD),Linda Thomas,,,365 Richmond St,London,Ontario,N6A3C2,519-433-3388,519-433-3387,West Region,lthomas@lia-edu.ca,www.lia-edu.ca,Secondary,Not applicable,Online/Site Based,Independent and Private School Forum
846,London Islamic School,877557,,Patricia Zabian,,,151 Oxford St W,London,Ontario,N6H1S3,519-679-9920,519-679-6842,West Region,info@londonislamicschool.com,www.londonislamicschool.com,Elementary,Not applicable,Site based only,No Association Membership
847,London Waldorf School,881120,,Imke Jorgensen,,,7 Beaufort St,London,Ontario,N6G1A5,519-858-8862,519-858-8863,West Region,admin@londonwaldorf.ca,http://www.londonwaldorf.ca,Elementary,Not applicable,Site based only,No Association Membership
848,Longbridge Academy,881778,Offers credits toward the Ontario Secondary School Diploma (OSSD),Nazanin Akbari,,,38 Berzcy Street,Aurora,Ontario,L4G1W9,905-237-0380,,Central Region,info@longbridgeacademy.com,https://longbridgeacademy.com/,Secondary,All Year Round,Online Only,No Association Membership
849,Lorvale Academy,885469,Offers credits toward the Ontario Secondary School Diploma (OSSD),Yan Chen,101,,7550 Birchmount Road,Markham,Ontario,L3R6C6,905-497-2114,,Toronto Region,info@lorvale.com,www.lorvale.com,Secondary,Not applicable,Online/Site Based,No Association Membership
850,Lote tree Foundation,885067,,ZAHIR BACCHUS,,,291 Great Lakes Drive,BRAMPTON,Ontario,L6R2Z4,647-919-2098,,Central Region,admin@lotetree.ca,www.lotetree.ca,Elementary,Not applicable,Site based only,No Association Membership
851,Lotus Academy,883535,Offers credits toward the Ontario Secondary School Diploma (OSSD),Sylvia Lyu,4,,"250 Shields Ct, 2nd Floor",Markham,Ontario,L3R9W7,647-704-6922,,East Region,sylvia.lyu@lotusacademy.ca,www.lotusacademy.ca,Secondary,All Year Round,Online/Site Based,No Association Membership
852,Lutherwood Parochial School,666858,,Jesse Weber,,,8476 Wellington Rd 16 2,Arthur,Ontario,N0G1A0,206-979-0889,,West Region,,,Elementary,Not applicable,Site based only,No Association Membership
853,Lycée Claudel,888117,,Nicolas Nicolas,,,1635 Lycee Place,Ottawa,Ontario,K1G0E5,613-733-8522,613-733-3782,East Region,proviseur@claudel.org,http://www.claudel.org,Elem/Sec,Not applicable,Site based only,No Association Membership
854,Lycée Français de Toronto,877018,,Barbara Martin,,,2327 Dufferin St,Toronto,Ontario,M6E3S5,416-924-1789,416-924-9078,Toronto Region,proviseur@lft.ca,www.lft.ca,Elem/Sec,Not applicable,Site based only,No Association Membership
855,Lynden School,668587,Offers credits toward the Ontario Secondary School Diploma (OSSD),Marijana Stojkovic,204,,3105 Dundas Street West,Mississaug,Ontario,L5L3R8,365-324-7296,,West Region,director@lyndenschool.org,https://www.lyndenschool.online/,Secondary,Not applicable,Online Only,Independent and Private School Forum
856,Lynedoch Christian School,668419,,Peter Friesen,,,295 Charlton Street,Delhi,Ontario,N4B2W4,519-582-1222,,West Region,,,Elem/Sec,Not applicable,Site based only,No Association Membership
857,Lynn-Rose College,667127,Offers credits toward the Ontario Secondary School Diploma (OSSD),Michelle Lau,,,7310 Rapistan Crt.,Mississauga,Ontario,L5N6L8,905-816-0301,905-567-5318,Central Region,llafferty@lynnroseheights.org,www.lynnroseheights.com,Elem/Sec,Not applicable,Online/Site Based,IB Schools of Ontario
858,Lynn-Rose Heights Private School - Elem,878014,,Michelle Lau,,,7215 7215 MILLCREEK Drive,MISSISSAUGA,Ontario,L5N3R3,905-567-3553,905-567-5318,Central Region,LLAFFERTY@LYNNROSEHEIGHTS.ORG,http://www.lynnroseheights.net,Elementary,Not applicable,Site based only,IB Schools of Ontario
859,Lyonsgate Montessori School,668747,,Rachel Lyons,,,248 Locke Street South,Hamilton,Ontario,L8P4B9,905-525-4283,,West Region,admin@lyonsgate.ca,www.lyonsgate.ca,Elementary,Not applicable,Site based only,Canadian Council of Montessori Administrators (CCMA)
860,M'Learning Student Centre,669485,Offers credits toward the Ontario Secondary School Diploma (OSSD),Nikita Dua,,,3-5695 Rivergrove Avenue,Mississauga,Ontario,L5M3V8,905-462-2698,,Central Region,info@learnincentre.com,,Secondary,All Year Round,Online Only,No Association Membership
861,MAC Al-Furqan Quran School - London,669360,,Sarrah Lawendy,9,,1175 Hyde Park Rd,London,Ontario,N6H5K5,226-884-9357,,West Region,admin@londonalfurqanschool.ca,,Elementary,Not applicable,Site based only,Muslim Association of Canada
862,MAC Al-Furqan School,880155,,Khadijah Al-Dhabbi,1,,60 Town Centre Court,Toronto,Ontario,M1P0B1,416-822-5501,,East Region,khadijah.aldhabbi@gmail.com,www.alfurqan.school,Elementary,Not applicable,Site based only,Muslim Association of Canada
863,MAC Maple Grove School,665027,,Rozeena Khan,,,160 Courtland Avenue East,Kitchener,Ontario,N2G3M6,226-647-8500,,West Region,admin@macmaplegrove.com,www.macmaplegrove.com,Elementary,Not applicable,Site based only,Muslim Association of Canada
864,MAC Niagara Islamic School,669650,,Lisa Stevens-Aboaen,,,140 Haig Street,St. Catharines,Ontario,L2R6L3,905-688-6622,,West Region,macnis2017@gmail.com,www.macnis.ca,Elementary,Not applicable,Site based only,Muslim Association of Canada
865,MAC Rose City Elementary School,881931,,AMANI ZABALAWI,,,5420 EMPRESS STREET,WINDSOR,Ontario,N8T1B4,519-419-1714,519-419-3899,West Region,admin@rosecityelementaryschool.ca,,Elementary,Not applicable,Site based only,Muslim Association of Canada
866,MAM Islamic Elementary School,665262,,Nighat Parveen,,,4269 Regional Road 25,Oakville,Ontario,L6M4E9,647-988-4269,,Central Region,nighat.parveen@miltonmasjid.com,,Elementary,Not applicable,Site based only,No Association Membership
867,MEI Academy World High School,669686,Offers credits toward the Ontario Secondary School Diploma (OSSD),Joseph Mei,,,15816 Regional Road 50,Bolton,Ontario,L7E3E5,905-880-1492,905-880-0708,Central Region,world@meiacdaemy.com,meiacademy.com,Secondary,All Year Round,Online/Site Based,No Association Membership
868,MILLWOODS INTERNATIONAL SCHOOL,884072,,Komalpreet Kaur Sandhu,201,,4786 Queen St,Niagara Falls,Ontario,L2E2M3,289-257-5150,,West Region,MILLWOODSINTLSCHOOL@GMAIL.COM,,Elem/Sec,Not applicable,Online/Site Based,No Association Membership
869,MITBRIDGE ACADEMY,665724,Offers credits toward the Ontario Secondary School Diploma (OSSD),Yu Wei,,,1674 Gerrard Street E,Toronto,Ontario,M4L2B2,416-816-8870,,Toronto Region,weiyu666@outlook.com,www.mitbridgeacademy.com,Secondary,All Year Round,Online Only,No Association Membership
870,ML Montessori,883237,,Michael Madeley,,,8142 Islington Avenue,Woodbridge,Ontario,L4L1W6,905-856-3875,,Central Region,mwmadeley2@gmail.com,www.mlmontessorischool.com,Elementary,Not applicable,Site based only,Canadian Council of Montessori Administrators (CCMA)
871,"Mabin School, The",881090,,Simone Gravesande,,,50 Poplar Plains Road,Toronto,Ontario,M4V2M8,416-964-9594,416-964-3643,Toronto Region,office@mabin.com,www.mabin.com,Elementary,Not applicable,Site based only,No Association Membership
872,MacLachlan College,881298,Offers credits toward the Ontario Secondary School Diploma (OSSD),Michael Piening,,,2794 South Sheridan Way,Oakville,Ontario,L6J7T4,905-844-0372,,Central Region,mpiening@maclachlan.ca,www.maclachlan.ca,Elem/Sec,Not applicable,Site based only,No Association Membership
873,MacLachlan College Lower School,665698,,Jacki Bright,,,337 Trafalgar Road,Oakville,Ontario,L6J3H3,905-844-0372,,Central Region,jbright@maclachlan.ca,www.maclachlan.ca,Elementary,Not applicable,Site based only,IB Schools of Ontario
874,Macdonald-Cartier Academy,875341,,jean mantha,,,270 Crichton St,Ottawa,Ontario,K1M1W4,613-744-8898,613-744-2150,East Region,mcaint@bellnet.ca,http://www.mcacademy.ca/,Elementary,Not applicable,Site based only,No Association Membership
875,Macton Parochial School,887722,,Mary Martin,,,4783 Lavery Road 1,Wallenstein,Ontario,N0B2S0,,,West Region,,,Elementary,Not applicable,Site based only,No Association Membership
876,Madaniyya Academy,668301,,Mahmad Zakariya Desai,200,,3930 Nashua Drive,Mississauga,Ontario,L4V1M5,647-781-7313,,Central Region,jameahmadaniyya@gmail.com,,Elementary,Not applicable,Site based only,No Association Membership
877,Madina Academy,667977,Offers credits toward the Ontario Secondary School Diploma (OSSD),Shibli Russel,205-A,,2680 Lawrence Avenue East,Scarborough,Ontario,M1P4Y4,647-721-0664,647-947-2789,East Region,madinaacademys@gmail.com,www.madinaacademys.com,Secondary,All Year Round,Site based only,No Association Membership
878,Madinatul Uloom Academy - Scarborough,882911,Offers credits toward the Ontario Secondary School Diploma (OSSD),Sofia Sirajunnisa,13 to16,,670 Progress Avenue,Toronto,Ontario,M1H3A4,416-332-1810,416-332-0470,East Region,info@mua.ca,www.mua.ca,Elem/Sec,All Year Round,Online/Site Based,No Association Membership
879,Madinatul Uloom Academy Inc,666972,,Noor Rehman,1 & 2,,710 Progress Ave,Scarborough,Ontario,M1H2X3,416-332-9428,416-332-0470,East Region,info@mua.ca,www.mua.ca,Elementary,Not applicable,Site based only,No Association Membership
880,Madinatul-Uloom Academy,877492,Offers credits toward the Ontario Secondary School Diploma (OSSD),Nilofar Asif,6 and 7,,670 Progress Ave,Scarborough,Ontario,M1H3A4,416-332-9428,416-332-0470,East Region,info@mua.ca,www.mua.ca,Elem/Sec,All Year Round,Online/Site Based,No Association Membership
881,Madresatul Banaat Almuslimaat,876259,Offers credits toward the Ontario Secondary School Diploma (OSSD),Syed Qadri,,,10 Vulcan St,Etobicoke,Ontario,M9W1L2,416-244-8600,416-244-0059,Central Region,madresatul@yahoo.com,,Elem/Sec,Not applicable,Online/Site Based,No Association Membership
882,Magnificent Minds,668504,,Alexandra Dezenhouse,,,37 Southbourne Avenue,Toronto,Ontario,M3H1A4,647-404-6349,,Central Region,Alley@MagnificentMinds.ca,www.magnificentminds.ca,Elementary,Not applicable,Site based only,No Association Membership
883,Maingate Islamic Academy,665700,,Abeer Mowafy,,,5280 Maingate Drive,Mississauga,Ontario,L4W1G5,905-629-4764,905-629-4256,Central Region,info@maingateislamicacademy.com,www.maingateislamicacademy.com,Elementary,Not applicable,Site based only,No Association Membership
884,Makes Height School,883755,Offers credits toward the Ontario Secondary School Diploma (OSSD),Ted Brennan,,,50 Queen St W,Brampton,Ontario,L6V1A2,647-948-9108,647-748-8618,Central Region,makesheightschool@gmail.com,,Secondary,Not applicable,Online/Site Based,No Association Membership
885,Makki Islamic Learning Centre,669285,,Aslam Kalair,,,8450 TORBRAM RD,BRAMPTON,Ontario,L6T4M9,647-478-8340,647-478-8350,Central Region,admin@bramptonmakkimasjid.com,http://bramptonmakkimasjid.com/services.Makki.Islamic.Learning.Centre.htm,Elementary,Not applicable,Site based only,Other
886,Malvern Montessori School,883812,,Suwendrini Nirmalchandran,,,10 Sewells Rd,Scarborough,Ontario,M1B3G5,416-724-8900,,East Region,info@malvernmontessorischool.com,,Elementary,Not applicable,Site based only,No Association Membership
887,Mamawmatawa Holistic Education Centre,667528,Offers credits toward the Ontario Secondary School Diploma (OSSD),Stephanie Sutherland,,Box 5000,2 Musko Rd Road,Constance Lake,Ontario,P0L1B0,705-463-1199,705-463-2077,North Region,gaetan.baillargeon@mhec.education,www.clfn.on.ca,Secondary,First Nation,Site based only,No Association Membership
888,Manar Academy,884318,,Eram Butt,,,1477 Sydenham Road,Kingston,Ontario,K7L4V4,613-876-8684,,East Region,manarislamiccenter@gmail.com,https://manarislamiccentre.ca/,Elementary,Not applicable,Site based only,No Association Membership
889,Manor Montessori School,877859,,Dana Stewart,,,909 Mount Pleasant Rd,Toronto,Ontario,M4P2Z6,416-488-4218,416-488-5830,Toronto Region,info@manormontessorischool.com,www.manormontessori.com,Elementary,Not applicable,Site based only,No Association Membership
890,Maple Bear International School Toronto,667088,Offers credits toward the Ontario Secondary School Diploma (OSSD),John O'Donnell,40,,1003 University Avenue,Toronto,Ontario,M5J1T1,416-433-2549,,Toronto Region,international.toronto@maplebear.ca,www.maplebeartoronto.ca,Secondary,All Year Round,Online Only,No Association Membership
891,Maple Children's Montessori School,668939,,Gary Carrera,9,,10175 Keele Street,Maple,Ontario,L6A3Y9,905-832-6665,,Central Region,mcms.1998@yahoo.ca,maplechildrensmontessori.com,Elementary,Not applicable,Site based only,Canadian Council of Montessori Administrators (CCMA)
892,Maple Crest Early School Ltd.,665008,,Shannon McNevin,,1222,49 Highway 20 West,Fonthill,Ontario,L0S1E0,905-892-4865,,West Region,maplecrestearlyschool@hotmail.com,,Elementary,Not applicable,Site based only,No Association Membership
893,Maple Dell School,881377,,Mahion Shetler,,,260550 Maple Dell N0J 1P0,Norwich,Ontario,N0J1P0,,,West Region,,,Elementary,Not applicable,Site based only,No Association Membership
894,Maple Drive Parochial,885665,,Miriam Horst,,,6784 First Line W,Elora,Ontario,N0B1S0,,,West Region,,,Elementary,Not applicable,Site based only,No Association Membership
895,Maple Grove Amish Parochial School,877905,,MaryAnn Zehr,,,2849 Bruce Road 15 1,Tiverton,Ontario,N0G2T0,,,West Region,,,Elementary,Not applicable,Site based only,No Association Membership
896,Maple Grove Parochial,887730,,Grace Frey,,,5737 Buehler Line 1,Wallenstein,Ontario,N0B2S0,,,West Region,,,Elementary,Not applicable,Site based only,No Association Membership
897,Maple Grove Parochial School,665776,,Rudy Gingerich,,,38725 Belfast Road 3,Wingham,Ontario,N0G2W0,,,West Region,,,Elementary,Not applicable,Site based only,No Association Membership
898,Maple Lane,885156,,Saloma Brubacher,,,45262 Salem Road 2,Clifford,Ontario,N0G1M0,,,West Region,,,Elementary,Not applicable,Site based only,No Association Membership
899,Maple Leaf Collegiate,884710,Offers credits toward the Ontario Secondary School Diploma (OSSD),Abigail Dong,518,,4002 Sheppard Avenue East,Scarborough,Ontario,M1S4R5,647-351-1688,647-351-1688,East Region,info@mapleleafcollegiate.ca,mapleleafcollegiate.ca,Secondary,All Year Round,Online/Site Based,No Association Membership
900,Maple Leaf Secondary School,666204,Offers credits toward the Ontario Secondary School Diploma (OSSD),Yasir Nasir,330,,4168 Finch Avenue East,Scarborough,Ontario,M1S5H6,647-409-8972,,Central Region,yasirnasir5@gmail.com,https://mapleleafss.com/,Secondary,All Year Round,Online/Site Based,No Association Membership
901,Maple Queen Academy,884209,Applied to offer credits toward the Ontario secondary School Diploma (OSSD),Kevin Dong,,,2620 Simcoe St N,Oshawa,Ontario,L1L0R1,905-995-1828,,East Region,kevindong@nomiedu.com,,Secondary,Not applicable,Online Only,No Association Membership
902,Maple Ridge Academy,669802,Offers credits toward the Ontario Secondary School Diploma (OSSD),Manal Labib,228,,1550 SOUTH GATEWAY RD.,Mississauga,Ontario,L4W5G6,905-282-9889,,Central Region,info@mapleridgeacademy.com.,mapleridgeacademy.com,Secondary,All Year Round,Online/Site Based,No Association Membership
903,Maple Root Academy,668847,,Rana Hafiz,,,5 -211 Dunwin Drive,Mississauga,Ontario,L5L3C1,905-607-6313,,Central Region,maplerootacademy@gmail.com,,Elementary,Not applicable,Online/Site Based,No Association Membership
904,Maple View Parochial School,883140,,Kimberly Horst,,,9542 Arthur Con 6 N 6,Mount Forest,Ontario,N0G2L0,519-323-3947,,West Region,,,Elementary,Not applicable,Site based only,No Association Membership
905,Maple World Academy,665059,Offers credits toward the Ontario Secondary School Diploma (OSSD),Christian Bayly,,,209 Lichen Crescent,Oshawa,Ontario,L1J7W2,647-818-6479,,East Region,christian.bayly@gmail.com,,Elem/Sec,All Year Round,Online/Site Based,No Association Membership
906,Maplebridge International School,667794,Applied to offer credits toward the Ontario secondary School Diploma (OSSD),LAMA AL RIHANI DIT TALLAJ,5700,,100 King Street West St,Toronto,Ontario,M5X1C7,437-881-6906,,Toronto Region,Lamatallaj@Can-bridge.ca,WWW.MAPLEBRIDGESCHOOL.COM,Elem/Sec,All Year Round,Online/Site Based,No Association Membership
907,Maplebrook Virtual School,886814,Offers credits toward the Ontario Secondary School Diploma (OSSD),Elnaz Sedaghatalvar,,,95 Hidden Trail Ave,Richmond Hill,Ontario,L4C0H1,647-858-2565,,Central Region,elnaz.alvar@gmail.com,,Secondary,All Year Round,Online/Site Based,No Association Membership
908,Mapleton Meadow Parochial School,883498,,Erla Horst,,,8249 Wellington Road 86 3,Listowel,Ontario,N4W3G8,,,West Region,,,Elementary,Not applicable,Site based only,No Association Membership
909,Mapleview,889717,,Brianna Warkentin,,,5026 Line 10 RR 1,St Marys,Ontario,N4X1C4,519-229-6324,519-229-6346,West Region,mapleviewschool@gmail.com,,Elem/Sec,Not applicable,Site based only,No Association Membership
910,Mapleview Christian Academy,666644,,Lori-Lynn Head,,,300 Mapleview Drive,Barrie,Ontario,L4N9E7,705-735-6423,,Central Region,Bdavis@mapleviewchristianacademy.com,www.mapleviewchristianacademy.com,Elementary,Not applicable,Site based only,No Association Membership
911,Maplewood Academy,882656,Offers credits toward the Ontario Secondary School Diploma (OSSD),Bryan Ho,2FL,,28 Fairlawn AVE,Toronto,Ontario,M5M1S7,416-848-0882,,Central Region,bryan.ho@maplewoodacademy.net,https://www.maplewoodacademy.net/,Secondary,All Year Round,Online/Site Based,No Association Membership
912,Maranatha Christian Academy,883590,Offers credits toward the Ontario Secondary School Diploma (OSSD),Jerilee Sharpe Preston,,,939 Northwood Street,Windsor,Ontario,N9E1A2,519-966-7424,519-966-9519,West Region,wkogel@maranathachristian.ca,www.maranathachristian.ca,Elem/Sec,Not applicable,Site based only,EDVance
913,Maranatha Christian Day School,882271,,Stephan Gingerich,,107,31 John St,Drayton,Ontario,N0G1P0,519-638-2446,,West Region,horstryan@hotmail.com,,Elem/Sec,Not applicable,Site based only,No Association Membership
914,Maranatha Christian School,888338,,Richard Hoeksema,,,8037 Wellington Rd 19,Fergus,Ontario,N1M2W4,519-843-3029,519-843-4711,West Region,office@mcsfergus.ca,mcsfergus.ca,Elementary,Not applicable,Site based only,League of Canadian Reformed School Societies
915,March Academy Private School,666556,,Michael Kennedy,,,325 Sandhill Rd 1,Kanata,Ontario,K2K1X7,613-592-3398,,East Region,information@marchacademy.ca,www.marchacademy.ca,Elementary,Not applicable,Site based only,No Association Membership
916,Marey Academy,885243,Offers credits toward the Ontario Secondary School Diploma (OSSD),Heba Said Marey,11,,1155 North Service Rd W.,Oakville,Ontario,L6M3E3,647-809-1218,,Central Region,hebasaid06@gmail.com,https://mareyaacademy.com/,Secondary,All Year Round,Online/Site Based,No Association Membership
917,Maria Montessori Elementary School,885590,,Alanah Dickson,,,125 Brentcliffe Rd.,Toronto,Ontario,M4G3Y7,416-520-5724,,Toronto Region,jamesbrand@jamesbrand.ca,,Elementary,Not applicable,Site based only,Montessori Quality Assurance in Canada (MQA)
918,Maria Montessori School Inc.,884740,,Alanah Dickson,,,125 Brentcliffe Road,Toronto,Ontario,M4G3Y7,416-423-9123,416-423-7819,Toronto Region,mariamontessori@bellnet.ca,www.mariamontessori.ca,Elementary,Not applicable,Site based only,No Association Membership
919,Marifah School,669366,,NurulEmaan Ameen,C&D,,1586 Stittsville Main,Ottawa,Ontario,K2S1P1,343-202-2320,,East Region,info@marifah.ca,www.marifah.ca,Elementary,Not applicable,Site based only,No Association Membership
920,Marigold Hollow Parochial School,668779,,Henry Weber,,,7573 Sideroad 3 East 6,Mount Forest,Ontario,N0G2L0,519-323-3975,,West Region,,,Elementary,Not applicable,Site based only,No Association Membership
921,Mariyah Islamic School,880032,,Mariam Khan,,,3665 Lawrence Ave. East Ave,Scarborough,Ontario,M1G1P7,416-298-4008,416-298-0199,East Region,mariyahschool@yahoo.com,www.mariyahschool.ca,Elementary,Not applicable,Site based only,No Association Membership
922,Markham Waterloo Continuing Education,884125,,Matthew Frey,,,7758 Wellington Road 8 2,Alma,Ontario,N0B1A0,519-998-0657,,West Region,m-kfrey@mwpol.ca,,Secondary,Not applicable,Site based only,Mennonite school community
923,Marlborough Academy,884618,,Margaret MOUNTAIN,,,6408 Malakoff Rd,North Gower,Ontario,K0A2T0,613-293-0799,,East Region,fxmountain@hotmail.com,,Elem/Sec,Not applicable,Site based only,No Association Membership
924,Marshy Breezes Parochial School,665107,,Kaitlyn Zehr,,,"601281 Sideroad 8, RR #4",Chesley,Ontario,N0G 1L0,,,West Region,,,Elementary,Not applicable,Site based only,Other
925,"Mary, Mother of God School",876160,,Gordon Nixon,,,1515A Queen St W,Toronto,Ontario,M6R1A5,416-531-7897,416-531-1026,Toronto Region,info@marymotherofgodschool.org,www.marymotherofgodschool.org,Elem/Sec,Not applicable,Site based only,No Association Membership
926,Maryvale Academy of Ottawa,668870,,Helena Champion,,,2191 Benjamin Avenue,OTTAWA,Ontario,K2A1P6,613-321-2186,613-454-8167,East Region,principal@maryvaleacademy.ca,http://www.maryvaleacademy.ca/,Elementary,Not applicable,Site based only,No Association Membership
927,Matawa Education & Care Centre,888751,Offers credits toward the Ontario Secondary School Diploma (OSSD),Brad Battiston,,,200 Lille Street North ST,THUNDER BAY,Ontario,P7C5Y2,807-768-3300,807-768-3301,North Region,bbattiston@matawaeducation.ca,www.matawaeducation.com,Secondary,First Nation,Site based only,No Association Membership
928,Mater Boni Consilii Academy,667120,,Michael Aguiar,,,1225 Rebecca Street,Oakville,Ontario,L6L1Z1,416-700-9733,,Central Region,maguiar@mbcahalton.com,www.mbcahalton.com,Elementary,Not applicable,Site based only,No Association Membership
929,Matrix Academy,665181,Offers credits toward the Ontario Secondary School Diploma (OSSD),Inna Minuk,,,216 Goddard Street,toronto,Ontario,M3H5E8,647-291-0085,,Central Region,matacademy@hotmail.com,www.matrix-academy.ca,Secondary,Not applicable,Online Only,No Association Membership
930,Matthews Hall,885754,,Christopher White,,,1370 Oxford St W,London,Ontario,N6H1W2,519-471-1506,,West Region,white.c@matthewshall.ca,http://matthewshall.ca,Elementary,Not applicable,Site based only,Other
931,Maxfield Academy,665300,Offers credits toward the Ontario Secondary School Diploma (OSSD),Tim Chen,16,,155 Mostar Street,Whitchurch-Stouffville,Ontario,L4A0Y2,647-998-9419,,Central Region,timchen@maxfieldacademy.com,maxfieldacademy.com,Elem/Sec,Not applicable,Online/Site Based,No Association Membership
932,McCanny Secondary School,669808,Offers credits toward the Ontario Secondary School Diploma (OSSD),Alireza Rafiee,,,1051 McNicoll Avenue,North York,Ontario,M1W3W6,416-491-5555,416-491-5555,East Region,office@mccannyschool.com,www.mccannyschool.com,Elem/Sec,All Year Round,Site based only,No Association Membership
933,McCanny Secondary School (West Campus),669416,Offers credits toward the Ontario Secondary School Diploma (OSSD),Aila Anghel,38,,1100 Central Pkwy West,Mississauga,Ontario,L5B3C2,647-505-2313,416-491-5555,Central Region,normanzhu@mccannyschool.com,www.mccannyschool.com,Elem/Sec,All Year Round,Site based only,No Association Membership
934,McDonald International Academy,876674,Offers credits toward the Ontario Secondary School Diploma (OSSD),Mohammad Almatar,2nd Flr,,920 Yonge St,Toronto,Ontario,M4W3C7,416-322-1502,416-322-5775,Toronto Region,mia@mcdonaldacademy.com,http://www.mcdonaldacademy.com,Secondary,All Year Round,Site based only,No Association Membership
935,McIntosh Valley,668558,,Israel Martin,,,1208 Huron-Bruce Road 1,Clifford,Ontario,N0G1M0,,,West Region,,,Elementary,Not applicable,Site based only,No Association Membership
936,Meadow Brook,669767,,Mahion Shetler,,,284989 Pleasant Valley Road,Norwich,Ontario,N0J1P0,,,West Region,,,Elementary,Not applicable,Site based only,No Association Membership
937,Meadow Crest Parochial School,883126,,Vera Dyer,,,"927 Statters Lake Avenue, RR 1",Holyrood,Ontario,N0G2B0,,,West Region,,,Elementary,Not applicable,Site based only,No Association Membership
938,Meadow Green Academy - Lakeshore,881969,Offers credits toward the Ontario Secondary School Diploma (OSSD),Georganne MacKenzie,,,1884 Lakeshore Road West,Mississauga,Ontario,L5J1J7,905-822-7479,905-822-4002,Central Region,LorieMoreau1@gmail.com,www.meadowgreenacademy.ca,Elem/Sec,Not applicable,Site based only,No Association Membership
939,Meezan School,884428,,Omar Abdool,,,286 Water Street,Guelph,Ontario,N1G1B8,519-265-0306,519-265-5358,West Region,main.office@meezanschool.com,www.meezanschool.com,Elementary,Not applicable,Site based only,No Association Membership
940,Meno Biimadeswin Adult Education & Training Centre,669286,Offers credits toward the Ontario Secondary School Diploma (OSSD),Jacqueline Corbett,3rd Floor,,523 Algoma Street N,Thunder Bay,Ontario,P7A5C2,807-768-4470,807-768-4471,North Region,kkets-reception@matawa.on.ca,https://www.kkets.ca/,Secondary,First Nation,Online/Site Based,No Association Membership
941,Mentor College,882291,Offers credits toward the Ontario Secondary School Diploma (OSSD),Randy Hall,,,40 Forest Ave,Mississauga,Ontario,L5G1L1,905-271-3393,905-271-8367,Central Region,admin@mentorcollege.edu,http://www.mentorcollege.edu,Elem/Sec,All Year Round,Site based only,No Association Membership
942,Mentor College Primary Campus,667590,,Leeanne Talarico,,,56 Cayuga Avenue,Mississauga,Ontario,L5G3S9,905-271-7100,905-271-8076,Central Region,56cayuga@mentorcollege.edu,www.mentorcollege.edu,Elementary,Not applicable,Site based only,No Association Membership
943,Mentor's Academy,669501,Offers credits toward the Ontario Secondary School Diploma (OSSD),Monjur Morshed,04-Mar,,115 Lebovic Avenue,Toronto,Ontario,M1L0J2,647-780-8811,,Toronto Region,contact@mentorsacademy.ca,www.mentorsacademy.ca,Secondary,All Year Round,Site based only,No Association Membership
944,Merit College,668578,Offers credits toward the Ontario Secondary School Diploma (OSSD),Joe Lu,,,,nan,,,,,Central Region,,,Secondary,Not applicable,Online/Site Based,Other
945,Merit College Online,882564,,Joe Lu,,,3601 Hwy 7 Suite 808,Markham,Ontario,L3R0M3,905-604-2915,,Central Region,adm@meritedu.ca,,Secondary,Not applicable,Online Only,Other
946,Merriam High School,885904,Offers credits toward the Ontario Secondary School Diploma (OSSD),Rumiko Sokolowski,,,2359 Bristol Circle,Oakville,Ontario,L6H6P8,905-829-2020,,Central Region,highschool@merriammusic.com,https://highschool.merriammusic.com/,Secondary,Not applicable,Online/Site Based,No Association Membership
947,Mesivta Thornhill,882521,Offers credits toward the Ontario Secondary School Diploma (OSSD),Andrew Palamarchuk,,,7555 Bathurst St.,Thornhill,Ontario,L4J2K3,647-999-2456,,Central Region,info@ohrtemimim.com,,Secondary,All Year Round,Site based only,No Association Membership
948,Metamorphosis Greek Orthodox School,877654,,Anna Saradidis,,,30 Scarsdale Rd,Toronto,Ontario,M3B2R7,416-463-7222,416-463-2971,Central Region,info@mgos.ca,www.mgos.ca,Elementary,Not applicable,Site based only,Other
949,Metro International Secondary Academy,886696,Offers credits toward the Ontario Secondary School Diploma (OSSD),Mary Elizabeth Lecours,,,2 Simonston BLVD,THORNHILL,Ontario,L3T4L1,905-597-4567,,Central Region,info@metroacademy.ca,www.metroacademy.ca,Elem/Sec,All Year Round,Online/Site Based,No Association Membership
950,Metro Virtual Academy,669884,Offers credits toward the Ontario Secondary School Diploma (OSSD),Ashok Madan,1C,,3195 Sheppard Avenue East,Scarborough,Ontario,M1T3K1,647-977-9749,,East Region,contact@metrovirtualacademy.com,https://www.metrovirtualacademy.com/,Elem/Sec,All Year Round,Online Only,No Association Membership
951,Metropolitan Bible Baptist Christian Aca,884742,,Gamaliel Romano,102,,1224 Lawrence Avenue,Toronto,Ontario,M6A1E3,647-220-5609,,Central Region,mbbcatoronto@yahoo.com,,Elem/Sec,Not applicable,Site based only,No Association Membership
952,Metropolitan College,883137,,Tien Minh Khoi Vu,,,146 James Street South,Hamilton,Ontario,L8P3A2,905-529-5000,,West Region,admin@mymc.ca,www.mymc.ca,Secondary,Not applicable,Online/Site Based,No Association Membership
953,Metropolitan Preparatory Academy,882070,Offers credits toward the Ontario Secondary School Diploma (OSSD),Ryan Seeley,3 & 4,,1 Duncan Mill Road,Toronto,Ontario,M3B1Z2,416-285-0870,416-285-0873,Central Region,wmckelvey@metroprep.com,www.metroprep.com,Elem/Sec,Not applicable,Site based only,No Association Membership
954,Middlebrook Parochial School,665576,,Eva Horst,,,6534 8th Line W 1,Elora,Ontario,N0B1S0,519-323-4298,,West Region,,,Elementary,Not applicable,Site based only,No Association Membership
955,Migisi Sahgaigan School,663205,,Sarah Friesen,,1005,42 School Road,Eagle Lake First Nation,Ontario,P0V3H0,807-755-5350,,North Region,principal@migisi.ca,www.eaglelakefirstnation.ca/community-service/migisi-sahgaigan-school/,Elementary,First Nation,nan,
956,Migizi Miigwanan Secondary School,663375,Offers credits toward the Ontario Secondary School Diploma (OSSD),Jennifer Dunbar,,360,"100 Marten Road Road, LL58FN",Longlac,Ontario,P0T2A0,807-876-9607,807-876-4219,North Region,,,Secondary,First Nation,Site based only,No Association Membership
957,Mikinaak Onigaming School,663697,Offers credits toward the Ontario Secondary School Diploma (OSSD),Alonzo Pittman,,Box 339,212 Mikinaak Drive,Nestor Falls,Ontario,P0X1K0,807-484-2510,807-484-2352,North Region,shannonk@onigamingschool.com,,Elem/Sec,First Nation,Site based only,No Association Membership
958,"Mildenhall School, The",887964,,Nicholas Raymond,,,35 OURLAND AVE,ETOBICOKE,Ontario,M8Z4E1,416-259-2822,,Toronto Region,christine@mildenhallmontessori.com,www.mildenhallmontessori.com,Elementary,Not applicable,Site based only,Canadian Council of Montessori Administrators (CCMA)
959,Millers School,887502,,Alvin Shetler,,,244635 Milldale Road 1,Otterville,Ontario,N0J1N0,,,West Region,,,Elementary,Not applicable,Site based only,No Association Membership
960,Millpond Academy,880445,,Julie Millward,,,11 Vincent Street,Innerkip,Ontario,N0J1M0,519-781-7389,,West Region,millpondacademywoodstock@gmail.com,,Elementary,Not applicable,Site based only,No Association Membership
961,Milton Christian School,886543,,Howard Martin,,,45 Bruce Street,Milton,Ontario,L9T2L5,905-878-0550,,Central Region,principal@miltonchristianschool.com,www.miltonchristianschool.com,Elementary,Not applicable,Site based only,EDVance
962,"MindTech Academic Schools, Inc",666408,,Charles Li,,,1 Dickson Hill Rd,Markham,Ontario,L3P3J3,905-640-5333,905-640-0944,Central Region,info@mindtechschools.com,www.mindtechschools.com,Elementary,Not applicable,Site based only,No Association Membership
963,Mindview Academy,668579,Offers credits toward the Ontario Secondary School Diploma (OSSD),Abdelsamie Hamed,Suite 215,,2900 Steeles Ave East,Thornhill,Ontario,L3T4X1,905-370-2201,,Central Region,admin@mindviewacademy.com,mindviewacademy.com,Secondary,All Year Round,Online/Site Based,No Association Membership
964,Mindware Academy,665135,,Susan Mancini,,,985 PINECREST RD,OTTAWA,Ontario,K2B6B4,613-882-3449,,East Region,mancini.susanj@gmail.com,www.mindware.ca,Elementary,Not applicable,Site based only,Ontario Federation of Independent Schools
965,Mindwerx4kids Learning Centre,883933,,Denise Martyn,,,76 Anglesey Blvd.,Etobicoke,Ontario,M9A3C1,416-231-6945,416-231-7332,Toronto Region,dmartyn@mindwerx4kids.ca,www.mindwerx4kids.ca,Elementary,Not applicable,Site based only,No Association Membership
966,Minto Meadow Parochial School,875180,,Mary Lynn Weber,,,6497 Tenth Line 1,Harriston,Ontario,N0G1Z0,,,West Region,,,Elementary,Not applicable,Site based only,No Association Membership
967,Missing Links Academy,665790,,Amardeep Badwall,500,,2317 FAIRVIEW ST,BURLINGTON,Ontario,L7R2E3,289-337-0555,289-337-5231,West Region,info@missinglinks.ca,http://www.missinglinks.ca/,Elementary,Not applicable,Site based only,No Association Membership
968,Mississauga Christian Academy,880647,,Kevin Yee,,,2720 Gananoque Drive,Mississauga,Ontario,L5N2R2,905-826-4114,905-567-5874,Central Region,info@mcalearn.com,http://www.mcalearn.com,Elementary,Not applicable,Site based only,EDVance
969,Mississauga First Nation Adult Education,668852,Offers credits toward the Ontario Secondary School Diploma (OSSD),Stacey Schellekens,,1299,148 Village Road,Blind River,Ontario,P0R1B0,705-356-3197,705-356-1867,North Region,stacey@mississaugi.com,www.mississaugi.com,Secondary,First Nation,Online/Site Based,Independent and Private School Forum
970,Mississauga Secondary Academy,667051,Offers credits toward the Ontario Secondary School Diploma (OSSD),Fang Liu,240,,33 City Centre Drive,Mississauga,Ontario,L5B2N5,905-232-0672,905-232-1672,Central Region,principal@msaedu.ca,www.msaedu.ca,Secondary,Not applicable,Online/Site Based,No Association Membership
971,Mizhakiiwetung Memorial,663719,Offers credits toward the Ontario Secondary School Diploma (OSSD),Gay McDonald,,,General Delivery,White Dog,Ontario,P0X1P0,807-219-1547,807-927-2176,North Region,wea_vp@yahoo.ca,,Elem/Sec,First Nation,Site based only,No Association Membership
972,Modern Montessori Academy,668371,,Areej Hamou,,,74 Florence Dr,OAKVILLE,Ontario,L6K1V6,226-246-1506,,Central Region,areejhamou76@gmail.com,,Elementary,Not applicable,Online/Site Based,No Association Membership
973,Monarch Academy,886414,,Agnesha Mieczkowski,201/202,,626 Burnhamthorpe,Mississauga,Ontario,L5B2C4,416-537-3724,,Central Region,info@monarch-academy.ca,monarch-academy.ca,Elementary,Not applicable,nan,
974,Montcrest School,886955,,Patricia MacDonald,,,658 Broadview Avenue,Toronto,Ontario,M4K2P1,416-469-2008,416-469-0934,Toronto Region,info@montcrest.ca,montcrest.ca,Elementary,Not applicable,Site based only,Conference of Independent Schools of Ontario
975,Montessori Academy of London,887919,,Kristine Brown,,,719 Waterloo Street,London,Ontario,N6A3W1,519-433-9121,519-433-8941,West Region,info@montessori.on.ca,http://www.montessori.on.ca,Elementary,Not applicable,Site based only,Canadian Council of Montessori Administrators (CCMA)
976,Montessori Eco Academy,669043,,Meghan Dunlop,,,21799 Fargo Road,Chatham,Ontario,N7M1G3,519-437-7528,,West Region,montessoriecoacademy@gmail.com,,Elementary,Not applicable,Site based only,No Association Membership
977,Montessori Jewish Day School,665711,,Matthew Cooper,,,55 Yeomans Rd,Toronto,Ontario,M3H3J7,416-784-5071,416-784-2049,Central Region,sarit@mjds.ca,http://www.mjds.ca,Elementary,Not applicable,Site based only,Canadian Council of Montessori Administrators (CCMA)
978,Montessori Leaders School,668375,,Yomna Awad,1 & 2,,20 RED MAPLE DR,BRAMPTON,Ontario,L6X4N7,905-455-7758,905-455-8559,Central Region,info@montessorileaders.ca,www.montessorileaders.ca,Elementary,Not applicable,Site based only,No Association Membership
979,Montessori Learning Centre,882917,,Nicola Phillips-Reece,,,401 Kingston Rd,Pickering,Ontario,L1V1A3,905-509-1722,905-509-8283,East Region,info@montessorilearningcentre.com,www.mlcp.ca,Elementary,Not applicable,Site based only,Canadian Council of Montessori Administrators (CCMA)
980,Montessori School of Cambridge,665379,,Theresa Dejmek,,,7 Roseview Avenue,Cambridge,Ontario,N1R4A5,519-622-1470,,West Region,principal@montessoricambridge.com,www.montessoricambridge.com,Elementary,Not applicable,Site based only,Canadian Council of Montessori Administrators (CCMA)
981,Montessori School of Kleinburg,666440,,Vincenza Marzano,,,10515 27 Highway,Kleinburg,Ontario,L0J1C0,905-893-0560,905-893-9374,Central Region,admin@msk2002.com,www.msk2002.com,Elementary,Not applicable,Site based only,Ontario Federation of Independent Schools
982,Montessori School of Milton Inc,669398,,Amjad Saddique,138,,336 Bronte Street S,Milton,Ontario,L9T7W6,905-876-4001,,Central Region,montessori.milton@outlook.com,www.montessorischoolofmilton.com,Elementary,Not applicable,Site based only,No Association Membership
983,Montessori in the Woods,667489,,Hana Todorova,,,998 Rd Indian,Mississauga,Ontario,L5H1R5,416-887-9096,,Central Region,montessoriinthewoods@gmail.com,montessoriinthewoods@gmail.com,Elementary,Not applicable,Site based only,No Association Membership
984,Moose Factory Academy,877301,,Barbara Chum,,Box 380,18 North,Moose Factory,Ontario,P0L1W0,705-658-4677,705-658-5271,North Region,mface@ontera.net,,Elementary,Not applicable,Site based only,No Association Membership
985,Morning Star Christian School,888583,,Connie Martin,,69,4088 Perth Line 72,Millbank,Ontario,N0K1L0,519-595-4831,519-595-4381,West Region,,,Elem/Sec,Not applicable,Site based only,No Association Membership
986,Morningstar Online School,889055,Offers credits toward the Ontario Secondary School Diploma (OSSD),Christian Bayly,,,209 Lichen Cres,Oshawa,Ontario,L1J7W2,647-818-6479,,East Region,christian.bayly@gmail.com,www.amethystacademy.online,Elem/Sec,All Year Round,Online/Site Based,No Association Membership
987,Mosedale Secondary School,669707,,Stephen Siu,300,,7300 Warden Avenue,Markham,Ontario,L3R9Z6,416-826-6883,,Central Region,info@mosedale.ca,www.mosedale.ca,Secondary,Not applicable,Online/Site Based,No Association Membership
988,Mother Earth's Learning Village,884173,,Stephanie Kozak,,,797 Middletown Road,Waterdown,Ontario,L0R2H2,289-244-4732,,West Region,motherearthlearningvillage@gmail.com,,Elem/Sec,Not applicable,Online/Site Based,No Association Membership
989,Mount Hope Parochial School,885615,,Carolyn Martin,,,1128 Elderslie Arran Townline,Dobbinton,Ontario,N0H1L0,519-934-1408,,West Region,,,Elementary,Not applicable,Site based only,No Association Membership
990,Mount Salem Christian School,884227,,Jonathan Pollnow,,,6560 Springfield Road 6,Aylmer,Ontario,N5H2R5,519-765-3555,,West Region,info@mtscs.ca,www.mtscs.ca,Elem/Sec,Not applicable,Site based only,Other
991,Mount Sinai Education,882392,,Shehreen Zaman,163,,50 Burnhamthorpe Rd W #86,Mississauga,Ontario,L5B3C2,647-835-7925,,Central Region,support@mathproject.ca,,Elem/Sec,Not applicable,Online Only,No Association Membership
992,Moving Art,885416,,Carla Tucker,,,125 Anne St. S,Barrie,Ontario,L4N7B6,705-792-2877,,Central Region,info@movingart.ca,www.movingart.ca,Elem/Sec,Not applicable,Site based only,No Association Membership
993,Mulberry Waldorf School,665100,,Carlina Heins,,,25 Markland St,Kingston,Ontario,K7K1S2,613-542-0669,613-542-0667,East Region,administrator@mulberrywaldorfschool.ca,www.mulberrywaldorfschool.ca,Elementary,Not applicable,Site based only,Waldorf Early Childhood Association of North America
994,Muskoka Christian School,880043,Applied to offer credits toward the Ontario secondary School Diploma (OSSD),Michael Meinema,,,370 South Mary Lake Rd,Port Sydney,Ontario,P0B1L0,705-385-2847,705-219-9739,Central Region,mcs@muskoka.com,http://www.muskokachristianschool.com,Elem/Sec,Not applicable,Site based only,EDVance
995,Muskoka Montessori School,878537,,Jackie Farley,,,228 Chub Lake Rd,Huntsville,Ontario,P1H1S4,705-788-3802,705-788-3802,Central Region,info@muskokamontessori.ca,www.muskokamontessori.ca,Elementary,Not applicable,Site based only,Canadian Council of Montessori Administrators (CCMA)
996,My First Montessori School,668664,,Rishi Bhayani,,,Unit C - 11210 Creditview Road,Brampton,Ontario,L7A4X3,289-401-0650,,Central Region,info@myfirstmontessori.ca,,Elementary,Not applicable,Online Only,No Association Membership
997,NOIC Academy,667013,Offers credits toward the Ontario Secondary School Diploma (OSSD),Mark Lee,,,50 Featherstone Ave,Markham,Ontario,L3S2H4,905-472-2002,,East Region,info@noic.ca,www.noic.ca,Secondary,All Year Round,Online/Site Based,Ontario Federation of Independent Schools
998,NORTH CARIBOU LAKE FIRST NATION HIGH SCHOOL,663405,Offers credits toward the Ontario Secondary School Diploma (OSSD),Kendra Quequish,,,200 WHITEFISH LAKE ROAD,WEAGAMOW LAKE,Ontario,P0V2Y0,807-469-1397,807-469-1493,North Region,richard.llanera@yahoo.com,,Secondary,First Nation,Site based only,No Association Membership
999,NPU Canada,882700,Offers credits toward the Ontario Secondary School Diploma (OSSD),Scott McLeod,704,,4789 Yonge Street,North York,Ontario,M2N0G3,416-402-7462,,Toronto Region,info@npucanada.com,npucanada.com,Elem/Sec,All Year Round,Online/Site Based,No Association Membership
1000,NSRIC International School in Toronto,665414,,"Abdul Fattah, Nazmul Haq",,,1610 Finley Crescent,London,Ontario,N6G0T1,519-860-4462,,West Region,enamulh@nsric.ca,www.nistonline.ca,Elem/Sec,All Year Round,nan,
1001,Nancy Campbell Academy,876623,Offers credits toward the Ontario Secondary School Diploma (OSSD),Gordon Naylor,,,45 Waterloo Street South,Stratford,Ontario,N5A4A8,519-272-1900,,West Region,info@nancycampbell.ca,http://www.nancycampbell.ca,Elem/Sec,Not applicable,Online/Site Based,No Association Membership
1002,National E School,886726,Offers credits toward the Ontario Secondary School Diploma (OSSD),Kevin Huang,,,230 St Clair Ave W,Toronto,Ontario,M4V1R5,647-351-6040,,Toronto Region,info@neschool.ca,https://nationales.ca,Secondary,All Year Round,Online Only,No Association Membership
1003,National Ski Academy,884949,Offers credits toward the Ontario Secondary School Diploma (OSSD),Joanne Hale,,,200 Oak St,Collingwood,Ontario,L9Y2Y1,705-444-1617,705-444-2685,Central Region,info@nsa.on.ca,www.nsa.on.ca,Secondary,Not applicable,Site based only,No Association Membership
1004,Nature School and Education Centre,880133,,Jennifer Grimes,,,4410 Cave Spring Road,Beamsville,Ontario,L0R1B0,289-990-2939,,West Region,natureschoolniagara@gmail.com,www.natureschoolniagara.com,Elementary,Not applicable,Site based only,No Association Membership
1005,Nature's Access Forest School,665241,,,,,37360 Lake Line,Port Stanley,Ontario,N5L1J1,905-715-6844,,West Region,amandalynn99.aw@gmail.com,www.naturesaccessforestschool.com,Elementary,Not applicable,nan,
1006,Nbisiing Secondary School,663824,Offers credits toward the Ontario Secondary School Diploma (OSSD),Lacy Farrell,,,469B Couchie Memorial Drive,North Bay,Ontario,P1B8G5,705-497-9938,705-497-0389,North Region,admin@nbisiing.com,http://www.nbisiing.com,Secondary,First Nation,Site based only,No Association Membership
1007,Ner Israel Yeshiva,887269,Offers credits toward the Ontario Secondary School Diploma (OSSD),Jory Vernon,,,250 Bathurst Glen,Thornhill,Ontario,L4J8A7,905-731-1224,905-731-2104,Central Region,jvernon@neryisroel.org,,Secondary,Not applicable,Site based only,No Association Membership
1008,Neskantaga Education Centre High School,664570,Offers credits toward the Ontario Secondary School Diploma (OSSD),"Emmanuel Ogor, Mdabdus Salam",,,100 School Road,Lansdowne House,Ontario,P0T1Z0,807-479-2757,,North Region,mdabdus.salam@neskantaga.com,,Elem/Sec,First Nation,Site based only,No Association Membership
1009,Netamisakomik Centre for Education,663883,Offers credits toward the Ontario Secondary School Diploma (OSSD),Michael Rethazi,,Box 615,627 6th Street,Mobert,Ontario,P0M2J0,807-822-2011,807-822-2710,North Region,michael.rethazi@picmobert.ca; monique.brownlee@picmbobert.ca,,Elem/Sec,First Nation,Online/Site Based,No Association Membership
1010,Netivot Hatorah Day School,883239,,Reesa Bacher-Karch,,,18 Atkinson Ave,Thornhill,Ontario,L4J8C8,905-771-1234,905-771-1807,Central Region,pbharath@netivot.com,http://www.netivot.com,Elementary,Not applicable,Site based only,No Association Membership
1011,Neustadt Horizon Parochial School,883281,,Megan Weber,,,032226 Sideroad 5 1,Ayton,Ontario,N0G1C0,,,West Region,,,Elementary,Not applicable,Site based only,No Association Membership
1012,New Beginnings Christian Learning Academy,882021,,Iris Lam,,,1140 Gorham St.,Newmarket,Ontario,L3Y8W4,416-904-0404,,Central Region,i.lam@nbcla.ca,www.nbcla.ca,Elem/Sec,Not applicable,Site based only,Other
1013,New City Academy,665191,,Roger Corriveau,,,190 Lynden Road,Brantford,Ontario,N3R8A3,519-759-7990,,West Region,roger.corriveau@newcityacademy.ca,,Elem/Sec,Not applicable,Site based only,No Association Membership
1014,New Covenant Church School,876879,,Sunil Maryil,,,1800 Ellesmere Rd,Toronto,Ontario,M1H2V5,416-289-4401,416-289-4401,East Region,sunilmaryil@gmail.com,,Elementary,Not applicable,Site based only,No Association Membership
1015,New Earth Wonders,886876,,Angela Sena,,,59 Kingdom Street,Toronto,Ontario,M9P1W4,647-525-1789,,Toronto Region,newearthwonders@gmail.com,,Elementary,Not applicable,Site based only,EDVance
1016,New Haven Learning Centre,878308,,Sandra Hughes,,,301 Lanor Ave,Etobicoke,Ontario,M8W2R1,416-259-4445,,Central Region,info@newhavencentre.com,newhavencentre.com,Elem/Sec,Not applicable,Online/Site Based,No Association Membership
1017,New Hope Baptist School,886552,,Greg Friesen,,,56675 Green Line Road,Tillsonburg,Ontario,N4G4V1,519-842-3251,,West Region,gfrisen@newhopetillsonburg.com,,Elem/Sec,Not applicable,Site based only,No Association Membership
1018,New Jerusalem Parochial,887587,,Lovina Martin,,,1505 Scotch Line Road 2,Elmira,Ontario,N3B2Z2,,,West Region,,,Elementary,Not applicable,Site based only,No Association Membership
1019,New Life Christian Academy,885249,,Maria Santos,,,1571 Innisfil Beach Rd,Innisfil,Ontario,L9S4B3,647-654-9800,,Central Region,Newlifechristianacademybarrie@gmail.com,Newlifechristianacademy.ca,Elementary,Not applicable,Site based only,No Association Membership
1020,Newmarket & District Christian Academy,880493,,Natalie Collins,,,221 Carlson Drive,Newmarket,Ontario,L3Y3H4,905-895-1199,,Central Region,ndca-office@ndca.ca,http://www.ndca.ca,Elementary,Not applicable,Site based only,No Association Membership
1021,Newmarket Montessori Christian Academy,668190,,karen Handy,,,145 Pony Drive,Newmarket,Ontario,L3Y7B5,289-500-7775,,Central Region,newmarketmontessori@outlook.com,https://www.nmainc.ca/,Elementary,Not applicable,Site based only,No Association Membership
1022,Newton International College,883695,Offers credits toward the Ontario Secondary School Diploma (OSSD),Rudy Maharaj,,,143 Willowdale Ave,North York,Ontario,M2N4Y5,416-613-9618,647-699-9289,Toronto Region,nicprincipalrudy@gmail.com,www.nictoronto.ca,Elem/Sec,All Year Round,Site based only,No Association Membership
1023,Newton Secondary Academy,666260,Offers credits toward the Ontario Secondary School Diploma (OSSD),Rudy Maharaj,,,2F-143 Willowdale Ave,North York,Ontario,M2N4Y5,416-613-9618,,Toronto Region,yanny.zhong@nictoronto.ca,www.newtonvirtual.lilicampus.com/,Secondary,All Year Round,Online Only,No Association Membership
1024,Newton's Grove School,889709,Offers credits toward the Ontario Secondary School Diploma (OSSD),Cheri Grogan,,,6850 Goreway Drive,Mississauga,Ontario,L4V1V7,416-745-1328,,Central Region,info@newtonsgroveschool.com,www.newtonsgroveschool.com,Elem/Sec,All Year Round,Site based only,No Association Membership
1025,Newton's Grove School Etobicoke Primary Campus,669679,,Eva Diab,,,6850 Str Bloor,Etobicoke,Ontario,M9B1M3,416-294-0198,,Toronto Region,cgrogan@newtonsgroveschool.com,www.newtonsgroveschool.co,Elementary,Not applicable,Site based only,No Association Membership
1026,Niagara Centre Academy,665460,,Jane Li,,,4760 Epworth Circle,Niagara Falls,Ontario,L2E1C6,905-513-1685,206-339-2994,West Region,info@jlicentre.com,,Elem/Sec,Not applicable,Site based only,No Association Membership
1027,Niagara Christian Collegiate,885142,Offers credits toward the Ontario Secondary School Diploma (OSSD),Meredyth Campbell,,,2619 Niagara Parkway,Fort Erie,Ontario,L2A5M4,905-871-6980,905-871-9260,West Region,cbaird@niagaracc.com,http://www.niagaracc.com,Secondary,Not applicable,Site based only,No Association Membership
1028,Niagara Christian Collegiate Middle Scho,669044,,Meredyth Campbell,,,2619 Niagara Parkway,Fort Erie,Ontario,L2A5M4,905-871-6980,905-871-9360,West Region,ncc@niagaracc.com,www.niagaracc.com,Elementary,Not applicable,Site based only,No Association Membership
1029,Niagara Classical Academy,668626,,Ryan Eras,,,11 Rosedale Place,Welland,Ontario,L3B1J2,416-419-3813,,West Region,headmaster@niagaraclassical.com,www.niagaraclassical.com,Elementary,Not applicable,Online/Site Based,Other
1030,Niagara High School,668709,Offers credits toward the Ontario Secondary School Diploma (OSSD),Sassan Mirzai,,,,nan,,,,,North Region,,,Secondary,Not applicable,Online/Site Based,No Association Membership
1031,Nile Academy Blue Haven Campus,669644,Offers credits toward the Ontario Secondary School Diploma (OSSD),Mehmet Gokce,,,5 Blue Haven Crescent,Toronto,Ontario,M9M1W6,647-748-6453,647-352-6453,Central Region,principal@nileacademy.ca,www.nileacademy.ca,Elem/Sec,All Year Round,Online/Site Based,No Association Membership
1032,Nimbus Christian Education,884643,Offers credits toward the Ontario Secondary School Diploma (OSSD),Gwyneth Zylstra,,,11643 Trafalgar Road,Georgetown,Ontario,L7G4S4,289-678-1721,,Central Region,office@nimbuseducation.ca,www.nimbuseducation.ca,Elem/Sec,Not applicable,Online Only,EDVance
1033,No. 1 Chinese School,669570,,Biling Lin,,,212 Hillsview Drive,Richmond Hill,Ontario,L4C1T2,647-998-0928,,Central Region,amandalbl@yahoo.com,,Elementary,Not applicable,Site based only,No Association Membership
1034,Noon Academy,880824,Offers credits toward the Ontario Secondary School Diploma (OSSD),Dana Flynn,6&7,,12 Rutherford Road,Brampton,Ontario,L6W3J1,905-216-3981,905-216-3982,Central Region,noonacademy@gmail.com,www.noonacademy.net,Elem/Sec,Not applicable,Site based only,No Association Membership
1035,Norfolk Forest School,667871,,Bernt Solymar,,,1353 Charlotteville Road 8,Simcoe,Ontario,N3Y4K5,519-410-7376,,West Region,info@naturescalling.ca,www.naturescalling.ca,Elementary,Not applicable,Site based only,Other
1036,North American Islamic Academy,887580,,Arif Ahmad Shaikh,,,8 Donmore Ave.,Toronto,Ontario,M4J3V4,647-872-2475,,Toronto Region,admin@naislamicschool.com,https://naislamicschool.com/,Elementary,Not applicable,Online Only,No Association Membership
1037,North Bay High School,884457,Applied to offer credits toward the Ontario secondary School Diploma (OSSD),Steven Huang,201,,2 Duncan Mill Road,North York,Ontario,M3B2V1,416-676-2370,,Toronto Region,james.shaw@northbayhighschool.com,,Secondary,All Year Round,Online/Site Based,No Association Membership
1038,North Hill Private School,878669,,Doriana Velardo,,,9555 Weston Rd,Woodbridge,Ontario,L4H3A5,905-832-7783,905-832-7751,Central Region,woodbridge@northhillprivate.ca,northhillprivate.ca,Elementary,Not applicable,Site based only,No Association Membership
1039,North Shore Parochial,667285,,Rebecca Bowman,,,4373 Government Road 2,Desbarats,Ontario,P0R1E0,,,North Region,,,Elementary,Not applicable,Site based only,No Association Membership
1040,North Star Christian Day School,889008,,shirly brubacher,,107,Mine Centre Road,Mine Centre,Ontario,P0W1H0,807-599-2798,,North Region,,,Elem/Sec,Not applicable,Site based only,No Association Membership
1041,North Star Forest-School,886625,,Scott Matheson,,,248 Stokes Bay Road,Lions Head,Ontario,N0H1W0,519-379-1366,,West Region,info@campceltic.ca,,Elementary,Not applicable,Site based only,No Association Membership
1042,North Star International School,665408,,Ashwag Ali,101S,,880 ellesmere Rd,scarborough,Ontario,M1P2W6,416-335-4555,,Toronto Region,info@itskytech.com,https://onsic.ca/,Elem/Sec,Not applicable,nan,
1043,North Toronto Christian School,876895,Offers credits toward the Ontario Secondary School Diploma (OSSD),Nicole Brouwer,,,255 Yorkland Blvd,Toronto,Ontario,M2J1S3,416-491-7667,416-491-3806,Central Region,admin@ntcs.on.ca,http://www.ntcs.on.ca,Elem/Sec,All Year Round,Site based only,EDVance
1044,North Uplands School of Canada,669569,Offers credits toward the Ontario Secondary School Diploma (OSSD),Michael Stone,,,5280 Solar Drive,Mississauga,Ontario,L4W5M8,905-629-7888,,Central Region,michael.stone@nuschool.ca,www.nuschool.ca,Secondary,All Year Round,Online/Site Based,No Association Membership
1045,North Valley Parochial School,668014,,Anthony Frey,,,950205 Hwy 569 2,Thornloe,Ontario,P0J1S0,,,North Region,,,Elementary,Not applicable,Site based only,No Association Membership
1046,North Woolwich Parochial School,887641,,Dorothy Brubacher,,,4194 Arthur St N 1,Elmira,Ontario,N3B2Z1,,,West Region,,,Elementary,Not applicable,Site based only,No Association Membership
1047,North York Academy,883987,Offers credits toward the Ontario Secondary School Diploma (OSSD),Demosthenes Aliferis,1,,155 Consumers Road,Toronto,Ontario,M2J0A3,416-725-7517,,Central Region,yan504d@gmail.com,,Secondary,All Year Round,Online/Site Based,No Association Membership
1048,NorthCan Academy,666906,Offers credits toward the Ontario Secondary School Diploma (OSSD),RESHMA MUKADAM,608,,1465 TYNEBURN CRESCENT,MISSISSAUGA,Ontario,L4X1P7,437-522-7459,,Central Region,reshmasmukadam@gmail.com,northcanacademy.ca,Secondary,All Year Round,Online Only,No Association Membership
1049,Northcrest Private School,667092,Offers credits toward the Ontario Secondary School Diploma (OSSD),Hardeep Kaur,213,,"268 Derry Road, West",Mississauga,Ontario,L5W0H6,647-854-0587,,North Region,info.northcrestps@gmail.com,,Secondary,Not applicable,Online/Site Based,No Association Membership
1050,Northern Valley Parochial School,666037,,Sarah Shetler,,,328446 Highway 560 2,Charlton/Dack,Ontario,P0J1H0,,,North Region,,,Elementary,Not applicable,Site based only,No Association Membership
1051,Northmount School,875287,,Nicholas Kovacs,,,26 Mallard Rd,Toronto,Ontario,M3B1S3,416-449-8823,416-449-1244,Central Region,info@northmount.com,http://www.northmount.com,Elementary,Not applicable,Site based only,No Association Membership
1052,Northside Christian School,881877,,Anthony Horst,,,6020 Perth Line 87,Listowel,Ontario,N4W3G6,226-767-1344,,West Region,office@northsidechristianschool.org,,Elem/Sec,Not applicable,Site based only,Mennonite school community
1053,Northstar Montessori Private School,878022,,Maria Ramirez,,,4900 Tomken Rd,Mississauga,Ontario,L4W1J8,905-890-7827,905-890-6771,Central Region,admin@northstarmontessori.com,http://northstarmontessori.com,Elementary,Not applicable,Site based only,Canadian Council of Montessori Administrators (CCMA)
1054,Northumberland Christian School,880027,,Ginette Mack,,,8861 Danforth Rd East Road,Cobourg,Ontario,K9A4J8,905-372-8766,905-372-6299,East Region,office@northumberlandchristian.ca,ncschool.wix.com/ncschool,Elementary,Not applicable,Site based only,Ontario Alliance of Christian Schools (OACS)
1055,Northumberland Montessori School Inc.,878545,,Claudia Langlois,,,8681 Danforth Road West RR#6,Cobourg,Ontario,K9A0T6,905-377-1439,,East Region,nms@bellnet.ca,www.northumberlandmontessorischool.ca,Elementary,Not applicable,Site based only,Canadian Council of Montessori Administrators (CCMA)
1056,Northway Collegiate,880672,Offers credits toward the Ontario Secondary School Diploma (OSSD),Taher Saifuddin,,,700-55 Town centre court,Scarborough,Ontario,M1P4X4,647-286-1602,,East Region,northwaycollegiate@gmail.com,,Secondary,All Year Round,Online/Site Based,No Association Membership
1057,Nova Bridge School,887376,,Mohammad Haddad,,,2390 Coho Way,Oakville,Ontario,L6M0G6,289-644-5751,,Central Region,info@novabridgeschool.com,www.novabridgeschool.com,Elementary,Not applicable,nan,
1058,Nova High School Canada,884881,Offers credits toward the Ontario Secondary School Diploma (OSSD),Sassan Mirzai,215,,4699 Keele Street,North York,Ontario,M3J2N8,647-802-6682,,Central Region,Sandeeplubana9@gmail.com,www.NovahsCanada.com,Secondary,Not applicable,Online/Site Based,No Association Membership
1059,Nova Independent School,668441,,Linsey Scotch,,,1002 Beaverbrook Road,Ottawa,Ontario,K2K1L1,613-869-6386,,East Region,linseyscotch@gmail.com,,Elementary,Not applicable,Online/Site Based,No Association Membership
1060,Nucleus High School,665736,Offers credits toward the Ontario Secondary School Diploma (OSSD),Shaminderpal Makh,415,,2250 Bovaird Drive East,Brampton,Ontario,L6R0W3,416-924-7111,289-201-8848,Central Region,info@nucleushs.ca,www.nucleushs.com,Secondary,All Year Round,Online/Site Based,No Association Membership
1061,Nurture the Nature Forest School,665034,,Brittany Gillingham,,,337 390 Morningside Avenue,Scarborough,Ontario,M1C1B9,647-857-6289,,East Region,Brittany.nicole1591@gmail.com,,Elementary,Not applicable,Site based only,No Association Membership
1062,OSA Private School,882692,Offers credits toward the Ontario Secondary School Diploma (OSSD),Lori Bouzane,,,1565 Maple Grove Road,Kanata,Ontario,K2V1A3,613-884-2762,,East Region,lori@osaprivateschool.com,www.osaprivateschool.com,Elem/Sec,Not applicable,Online/Site Based,No Association Membership
1063,OVS,665804,Offers credits toward the Ontario Secondary School Diploma (OSSD),GARY MICHAEL,705,,4789 Yonge Street,North York,Ontario,M2N0G3,416-907-4899,416-840-4911,Central Region,info@ontariovirtualschool.ca,www.ontariovirtualschool.ca,Elem/Sec,All Year Round,Online/Site Based,No Association Membership
1064,Oak Bridge Academy,667858,Offers credits toward the Ontario Secondary School Diploma (OSSD),Reta Boone,,,55 Franklin Blvd,Cambridge,Ontario,N1R5S2,519-242-6111,,West Region,info@oakbridge.ca,www.oakbridge.ca,Elem/Sec,Not applicable,Site based only,Ontario Federation of Independent Schools
1065,Oak Bridge Academy Hespeler Campus,668791,,Reta Boone,102,,250 Hespeler Road,Cambridge,Ontario,N1R3H3,519-242-6111,,West Region,kathie.shaw@oakbridge.ca,www.oakbridge.ca,Elem/Sec,Not applicable,Site based only,Ontario Federation of Independent Schools
1066,Oak Creek Parochial School,886118,,Nancy Martin,,,73 Huron Kincardine East,Ripley,Ontario,N0G2R0,,,West Region,,,Elementary,Not applicable,Site based only,No Association Membership
1067,Oak Hill Academy,666942,,Jesse Newton,,40,1886 Governors Road,Copetown,Ontario,L0R1J0,905-297-5521,,West Region,admin@oakhillhamilton.ca,www.oakhillhamilton.ca,Elem/Sec,Not applicable,Site based only,Other
1068,Oak Learners,669623,,Kelly Farrell,,,394 Royal York Road,Etobicoke,Ontario,M8V3B8,416-820-5233,,Toronto Region,info@oaklearners.ca,www.oaklearners.ca,Elementary,Not applicable,Site based only,No Association Membership
1069,OakHaven Academy,669166,,Julie Yocom Armstrong,,,3410 Mainway,Burlington,Ontario,L7M1A8,905-577-2423,,Central Region,julie.armstrong@oakhavenacademy.ca,www.oakhavenacademy.ca,Elementary,Not applicable,Site based only,No Association Membership
1070,Oakdale Academy,667174,Offers credits toward the Ontario Secondary School Diploma (OSSD),Bryan Ho,1201,,80 Bloor St. W,Toronto,Ontario,M5S2V1,416-847-7860,,Toronto Region,bryan.h@oakdaleacademy.ca,https://www.oakdaleacademy.ca/,Secondary,All Year Round,Online/Site Based,No Association Membership
1071,Oakville Christian School,882240,,Jeffrey Kennedy,,,112 Third Line,Oakville,Ontario,L6L3Z6,905-825-1247,905-825-3398,Central Region,jkennedy@oakvillechristianschool.com,www.oakvillechristianschool.com,Elementary,Not applicable,Site based only,EDVance
1072,Oakville Online Academy,888585,Offers credits toward the Ontario Secondary School Diploma (OSSD),Richard Kalvaitis,,,1329 Elgin Crescent,Oakville,Ontario,L6H2J9,647-889-3896,,Central Region,info@oakvilleonlineacademy.com,,Secondary,Not applicable,Online Only,No Association Membership
1073,Oakwood Academy,668475,,Trillian Taylor,,,2150 Torquay Mews,Mississauga,Ontario,L5N2M6,905-814-0202,905-814-0299,Central Region,info@oakacademy.ca,www.oakwoodacademy.ca,Elementary,Not applicable,Site based only,No Association Membership
1074,Ohahase Education Centre,664035,Offers credits toward the Ontario Secondary School Diploma (OSSD),Sandy Maracle,,,1825 York Road,Tyendinaga Mohawk Territory,Ontario,K0K1X0,613-847-3886,,East Region,principal@ohahase.org,mbq-tmt.org/ohahase,Secondary,First Nation,Site based only,Other
1075,Old Colony Christian Academy,884901,,Jacob Hildebrand,,,21311 Campbell Road 1,Wheatley,Ontario,N0P2P0,519-825-9188,519-825-9122,West Region,wheatleyocca@gmail.com,,Elem/Sec,Not applicable,Site based only,No Association Membership
1076,Old Colony Christian Academy Cottam,882733,,Henry Teichroeb,,,294 County Road 34 East,Ruthven,Ontario,N0P2G0,519-839-5998,519-839-5054,West Region,justinakethler@gmail.com,,Elem/Sec,Not applicable,Site based only,No Association Membership
1077,Old Colony Christian Academy- Kingsville,875236,,John Fehr,,,1521 Road 4 West,Kingsville,Ontario,N9Y2E5,519-733-8308,519-733-2167,West Region,johfehr26@emypeople.net,,Elem/Sec,Not applicable,Site based only,No Association Membership
1078,Old Colony Christian School,884855,,Paul Reimer,,127,7283 Hacienda Road 6,Aylmer,Ontario,N5H2R5,519-773-2288,519-773-2120,West Region,,,Elem/Sec,Not applicable,Site based only,No Association Membership
1079,Olive Grove High School,886795,Offers credits toward the Ontario Secondary School Diploma (OSSD),Sarah Attia,,,2270 Speakman Drive,Mississauga,Ontario,L5K1B4,905-855-8557,905-855-7917,Central Region,oghs@olivegroveschool.ca,oghs.ca,Secondary,Not applicable,Online/Site Based,Muslim Association of Canada
1080,Olive Grove School,666478,,Sarah Attia,,,2300 Speakman Dr,Mississauga,Ontario,L5K1B4,905-855-8557,905-855-7917,Central Region,info@olivegroveschool.ca,www.olivegroveschool.ca,Elementary,Not applicable,Online/Site Based,No Association Membership
1081,Olivet School,886807,,Emily Crampton,,,279 Burnhamthorpe Rd,Etobicoke,Ontario,M9B1Z6,416-239-3054,416-239-4935,Central Region,school@olivetnewchurch.org,www.olivetschool.ca,Elementary,Not applicable,Site based only,Ontario Federation of Independent Schools
1082,OnCourse Education,666956,Offers credits toward the Ontario Secondary School Diploma (OSSD),Jennifer Scott-Penich,,,775 Upper Wentworth Street,Hamilton,Ontario,L9A4V7,905-525-1234,905-525-5678,West Region,jennifer@oncourseeducation.com,www.oncourseeducation.com,Secondary,All Year Round,Site based only,No Association Membership
1083,OnScholars,887462,,Essam Ismail,,,23 Moonstream Court,Mississauga,Ontario,L5N2P8,416-677-3364,,Central Region,essam.murad@gmail.com,onscholars.ca,Elem/Sec,Not applicable,Online Only,No Association Membership
1084,One Direction Academy,886298,Offers credits toward the Ontario Secondary School Diploma (OSSD),Yousif Nissan,,,220 Lesmill Road,Toronto,Ontario,M3B2T5,416-391-5551,416-391-5557,Toronto Region,info@1direction.ca,www.1direction.ca,Secondary,All Year Round,Online/Site Based,No Association Membership
1085,OneSchool Global - Hamilton,669302,Offers credits toward the Ontario Secondary School Diploma (OSSD),Karen Lake,,,441 Old Brock Rd,Dundas,Ontario,L9H6A7,905-627-0494,905-633-9439,West Region,karen.lake@na.oneschoolglobal.com,,Elem/Sec,Not applicable,Online/Site Based,No Association Membership
1086,OneSchool Global - Mossley,669276,,Scott FRANSKY,,,4189 Mossley Drive,Mossley,Ontario,N0L1V0,519-269-3239,519-269-3268,West Region,scott.fransky@na.oneschoolglobal.com,oneschoolglobal.com,Elem/Sec,Not applicable,Online/Site Based,No Association Membership
1087,OneSchool Global - Rideau Lakes,666012,,Matthew Robinson,,,64 Harry Seeley Street,Elgin,Ontario,K0G1E0,613-359-5178,613-359-6258,East Region,kristina.daoust@na.oneschoolgobal.com,oneschoolglobal.com,Elem/Sec,Not applicable,Online/Site Based,No Association Membership
1088,Online SS Ontario,669989,,Jeongok Choi,3410,,225 Webb Drive,Mississauga,Ontario,L5B4P2,416-553-6939,,Toronto Region,guidance@onlinessontario.com,www.onlinessontario.com/,Secondary,All Year Round,nan,
1089,Onondaga Camp,666963,Offers credits toward the Ontario Secondary School Diploma (OSSD),J. Duncan Robertson,,,1120 Rackety Trail Road 3,Minden,Ontario,K0M2K0,416-482-0782,416-482-6237,East Region,camp@onondagacamp.com,www.onondagacamp.com,Secondary,Summer,Site based only,No Association Membership
1090,Ontario Academy,668514,,Shiva Esmaeili Azad,,,469 Norfolk St North,Simcoe,Ontario,N3Y3P8,647-507-4120,,Central Region,shiva@canadaonlineeducation.com,www.ontarioacademy.org,Elem/Sec,Not applicable,nan,
1091,Ontario Academy of International Education,883784,Offers credits toward the Ontario Secondary School Diploma (OSSD),SEAN FAZL,,,21 Mullen Drive,Thornhill,Ontario,L4J2T6,416-209-2286,,Central Region,sean.fazl@ontarioacademy.com,www.oaie.ca,Secondary,All Year Round,Online Only,No Association Membership
1092,Ontario Education Online,882902,Offers credits toward the Ontario Secondary School Diploma (OSSD),Andrew Ramos,,,383 Indian Grove,Toronto,Ontario,M6P2H6,416-671-1326,,Toronto Region,a.ramos@ontarioeducationonline.ca,https://ontarioeducationonline.ca/,Secondary,All Year Round,Online Only,No Association Membership
1093,Ontario Hockey Academy,880161,Offers credits toward the Ontario Secondary School Diploma (OSSD),Jesse Ferguson,,,1541 Vincent Massey Drive,Cornwall,Ontario,K6H5R6,613-938-5009,613-936-0542,East Region,principal@ontariohockeyacademy.com,www.ohacanada.com,Secondary,Not applicable,Site based only,No Association Membership
1094,Ontario International Academy,889394,,Shiva Esmaeili Azad,200,,801 York Mills Rd.,North York,Ontario,M3B1X7,647-507-4120,,Central Region,shiva@canadaonlineeducation.com,www.ontarioacademy.org,Elem/Sec,Not applicable,nan,
1095,Ontario International High School,668712,Offers credits toward the Ontario Secondary School Diploma (OSSD),Erhan Erkut,606,,33 Bloor Street,Toronto,Ontario,M4W3H1,437-446-5771,,Central Region,principal@oihs.ca,www.oihs.ca,Elem/Sec,All Year Round,Online/Site Based,No Association Membership
1096,Ontario International Institute,667498,,Chanjithcumar Vijayacumar,229,,"80 Nashdene Ave, Building F",Scarborough,Ontario,M1V5E4,416-701-1763,416-701-9542,East Region,vijayacumar@gmail.com,,Secondary,Not applicable,Site based only,Canadian Council of Christian Charities (CCCC)
1097,Ontario International Private School,669289,Applied to offer credits toward the Ontario secondary School Diploma (OSSD),Jaspal Shreter,,,95 Peachtree Lane,Grimsby,Ontario,L3M0C2,437-385-6868,,West Region,admin@ontarioips.com,ontarioips.ca,Secondary,All Year Round,Online Only,No Association Membership
1098,Ontario International School,881793,Offers credits toward the Ontario Secondary School Diploma (OSSD),Amjad Abdalbari,,,1884 Foster Brook St,Oshawa,Ontario,L1K3G5,647-455-5622,,North Region,amjadhelmi@gmail.com,www.oisch.ca,Elem/Sec,Not applicable,Online Only,No Association Membership
1099,Ontario International Secondary School,882938,Offers credits toward the Ontario Secondary School Diploma (OSSD),Mandeep Dhaliwal,7A,,7071 Airport Road Road,Mississauga,Ontario,L4T4J3,437-436-3158,,West Region,info@myontarioschool.ca,www.myontarioschool.ca,Secondary,Not applicable,Online/Site Based,No Association Membership
1100,Ontario Maple Academy,669314,Offers credits toward the Ontario Secondary School Diploma (OSSD),Ding Liu,,,1742 Sir Monty's Drive,Mississauga,Ontario,L5N4R6,647-993-4543,888-919-2918,Central Region,info@omapleacademy.com,omapleacademy.com,Secondary,All Year Round,Online/Site Based,No Association Membership
1101,Ontario Muslim Academy,885901,,Ebrahim Chhapra,,,82 Beverly Street,cambridge,Ontario,N1R3Z7,519-618-9357,519-618-9357,West Region,omacademy@hotmail.com,www.omacademy.ca,Elementary,Not applicable,Site based only,No Association Membership
1102,Ontario Nexus Academy,666625,Offers credits toward the Ontario Secondary School Diploma (OSSD),Mohamed Faizalla,,,15 Nebula Star Way,North York,Ontario,M2J1M7,647-854-5011,,Toronto Region,info@ontarionexusacademy.com,https://ontarionexusacademy.com/,Elem/Sec,All Year Round,Online Only,No Association Membership
1103,Ontario Online Schools,885338,Offers credits toward the Ontario Secondary School Diploma (OSSD),Daniel Maveneka,84,,1055 Shawnmarr Drive,Mississauga,Ontario,L5H3V2,416-357-1386,,Central Region,principal@ontarioonlineschools.ca,www.ontarioonlineschools.ca,Secondary,All Year Round,Online Only,No Association Membership
1104,Ontario Open School,884576,Offers credits toward the Ontario Secondary School Diploma (OSSD),Oluwasijibomi Awofala,100,,29 Gervais Drive,North York,Ontario,M3C1Y9,416-561-4353,,Central Region,admin@ontarioopenschool.com,www.ontarioopenschool.com,Secondary,All Year Round,Online Only,No Association Membership
1105,Ontario Premier School,885032,Offers credits toward the Ontario Secondary School Diploma (OSSD),Angela Jin,3A,,2570 Haines Road,mississauga,Ontario,L4Y4A3,,,Central Region,,,Elem/Sec,All Year Round,Online/Site Based,No Association Membership
1106,Ontario Preparatory Academy,669795,Offers credits toward the Ontario Secondary School Diploma (OSSD),Chris Sarellas,,,3 Frizzell Ave,Toronto,Ontario,M4K1H8,416-554-8163,,Toronto Region,chris.sarellas@ontarioprepacademy.ca,http://ontarioprepacademy.ca,Secondary,All Year Round,Online Only,No Association Membership
1107,Ontario eSchool,882694,Offers credits toward the Ontario Secondary School Diploma (OSSD),Nazzareno Fiscaletti,17,,8611 Weston Road,Vaughan,Ontario,L4L9P1,647-888-1408,,Central Region,info@ontarioeschool.com,www.ontarioeschool.com,Secondary,All Year Round,Online Only,No Association Membership
1108,Ontario eSecondary School,667186,Offers credits toward the Ontario Secondary School Diploma (OSSD),Ibrahim Baig,4,,2131 Williams Parkway,Brampton,Ontario,L6S5Z4,416-845-8717,647-313-3010,Central Region,principal@oeshighschool.com,www.oeshighschool.com,Secondary,All Year Round,Online Only,No Association Membership
1109,Open World School Inc.,668957,Offers credits toward the Ontario Secondary School Diploma (OSSD),RESHMA MUKADAM,,,14 Cockburn Drive,Scarborough,Ontario,M1C2T2,647-949-3769,,West Region,reshmasmmukadam@gmail.com,,Secondary,All Year Round,Online Only,No Association Membership
1110,OpenMind Alliance,665831,,Siuhan Co,14 - 15,,70 East Beaver Creek Road,Richmond Hill,Ontario,L4B3B2,905-918-3852,905-918-3852,Central Region,info@openmindalliance.ca,www.openmindalliance.ca,Elementary,Not applicable,Site based only,No Association Membership
1111,Or Haemet Sephardic School,880248,,Rabbi Elishai Kohananoo,,,7026 Bathurst St,Thornhill,Ontario,L4J8K3,905-669-7653,905-669-5138,Central Region,,www.jdohss.org,Elementary,Not applicable,Site based only,Centre for Jewish Education
1112,Orangeville Christian School,880744,,Jenny Bakker,,,553281 County Rd 16,Mono,Ontario,L9W6M1,519-941-3381,877-404-3128,Central Region,information@orangevillechristianschool.com,www.orangevillechristianschool.com,Elementary,Not applicable,Site based only,EDVance
1113,Orangeville Forest School,884416,,Karen Riedler,,,673067 Hurontario Street,Orangeville,Ontario,L9W2Y9,519-379-6383,,Central Region,orangevilleforestschool@gmail.com,,Elementary,Not applicable,Site based only,No Association Membership
1114,Orchard Elementary School,880005,,Sidra Farid,216,,50 Steeles Ave,Milton,Ontario,L9T4W9,416-579-5422,,Central Region,admin@orchardlearningacademy.com,,Elementary,Not applicable,Site based only,No Association Membership
1115,Orillia Christian School,880442,,Jeremy Kuikman,,,505 Gill St,Orillia,Ontario,L3V1G6,705-326-0532,705-327-9856,Central Region,info@orilliachristianschool.com,orilliachristianschool.com,Elementary,Not applicable,Site based only,EDVance
1116,Oro Medonte Forest School,884377,,Melissa Marchand,,,Line 9 3288,Coldwater,Ontario,L0K1E0,416-459-5461,,Central Region,info@oromedonteforestschool.ca,https://oromedonteforestschool.ca/,Elementary,Not applicable,Site based only,No Association Membership
1117,Ottawa Adventist Elementary School,885339,,Michelle Richards-Mignott,,,2191 Benjamin Ave,Ottawa,Ontario,K2A1P6,613-722-3770,613-722-3767,East Region,principal@ottawaadventistschool.org,www.ottawaadventistschool.org,Elementary,Not applicable,Site based only,Ontario Conference of the Seventh Day Adventist Church
1118,Ottawa Christian School,887358,,Pauline Naftel,,,255 Tartan Drive,Ottawa,Ontario,K2J3T1,613-825-3000,,East Region,info@ocschool.org,http://www.ocschool.org,Elementary,Not applicable,Site based only,EDVance
1119,Ottawa Islamic School,884146,Offers credits toward the Ontario Secondary School Diploma (OSSD),Muna Egeh,,,10 Coral Ave,Nepean,Ontario,K2E5Z6,613-727-5066,613-727-8486,East Region,principal@myois.org,http://www.ottawaislamicschool.org/,Elem/Sec,Not applicable,Site based only,No Association Membership
1120,Ottawa Jewish Community School,669700,,Keren Gordon,,,31 NADOLNY SACHS PVT,OTTAWA,Ontario,K2A1R9,613-722-0020,613-722-7346,East Region,k.gordon@theojcs.ca,www.theojcs.ca,Elementary,Not applicable,Site based only,No Association Membership
1121,Ottawa Montessori School/Ecole Montessor,881238,,Carrie Whalen,,,335 Lindsay Street,Ottawa,Ontario,K1G0L6,613-521-5185,613-521-6796,East Region,info@omsmontessori.com,www.omsmontessori.com,Elementary,Not applicable,Site based only,Canadian Council of Montessori Administrators (CCMA)
1122,Ottawa Victory Christian Academy,667913,,Danielle Broughton Oke,,,1080B St. Pierre Street,Orleans,Ontario,K1C1L3,343-880-4004,613-912-1511,East Region,ottawavictoryca@rogers.com,ovcacademy.ca,Elem/Sec,Not applicable,Online/Site Based,No Association Membership
1123,Otter Lake Christian School,888788,,Steven Weber,,,24 Rankin Lake,Seguin,Ontario,P2A0B2,705-378-4960,,North Region,,,Elem/Sec,Not applicable,Site based only,No Association Membership
1124,Otter Valley Christian School,668714,,Josh Barkman,,,54571 Eden Line,Eden,Ontario,N5H2R3,519-773-3057,,West Region,ovcs.2011@gmail.com,,Elem/Sec,Not applicable,Site based only,No Association Membership
1125,Our Lady of Mount Carmel Academy,665195,,Marcel Stannus,,,2483 BLEAMS RD,New Hamburg,Ontario,N3A3J2,519-634-4932,519-634-9395,West Region,office@olmca.ca,www.olmca.ca,Elem/Sec,Not applicable,Site based only,No Association Membership
1126,Our Lady of Victory Academy,886660,,Genevieve Picard,,,5030 Westchester Bourne Road,Belmont,Ontario,N0L1B0,519-670-4407,,West Region,olvcmd@gmail.com,ourladyofvictory.ca,Elem/Sec,Not applicable,Site based only,No Association Membership
1127,Our Lady of the Pillar Academy,881566,,Gregory Borris,,,6100 Calvert Drive 3,Strathroy,Ontario,N7G3H5,519-245-6000,,West Region,ourladyofpillar@ciaccess.com,www.pillaracademy.com,Elementary,Not applicable,Site based only,No Association Membership
1128,Our Lady of the Wayside Catholic School,877689,,Daniel Pei,,,575 Centre Line 4,Peterborough,Ontario,K9J6X5,705-749-3658,,East Region,school@olwayside.ca,http://olwayside.ca,Elem/Sec,Not applicable,Site based only,No Association Membership
1129,Out to Play,881468,,Lara Purvis,,,,Kanata,Ontario,K2H8C3,819-318-0759,,East Region,lpurvis@outtoplay.ca,www.outtoplay.ca,Elementary,Not applicable,Site based only,No Association Membership
1130,Outstanding International Academy,883495,Offers credits toward the Ontario Secondary School Diploma (OSSD),Bessie Moros,901,,7191 Yonge Street,Toronto,Ontario,L3T0C4,905-889-3999,905-889-3996,Central Region,bessie@outstandingedu.com,www.outstandingedu.com,Secondary,All Year Round,Online/Site Based,No Association Membership
1131,Outward Bound Canada,884103,Offers credits toward the Ontario Secondary School Diploma (OSSD),SEAN HUME,Bldg 10b,,550 Bayview Ave,Toronto,Ontario,M4W3X8,866-233-0966,705-224-5959,Toronto Region,sean_hume@outwardbound.ca,http://www.outwardbound.ca,Secondary,All Year Round,Site based only,No Association Membership
1132,Owen Sound Canadian Reformed School,876658,,James Meinen,,,177551 Concession Road 5,Owen Sound,Ontario,N4K5N5,519-371-4498,519-371-6532,West Region,principal.oscrs@gmail.com,harvestschool.ca,Elem/Sec,Not applicable,Site based only,League of Canadian Reformed School Societies
1133,Oxford College of Canada,667315,Offers credits toward the Ontario Secondary School Diploma (OSSD),Aida Stefani,108,,155 Consumers Road,TORONTO,Ontario,M2J0A3,416-488-5035,416-488-2944,Central Region,info@oxfordcollege.ca,www.oxfordcollege.ca,Secondary,All Year Round,Online/Site Based,No Association Membership
1134,Oxford Learning Academy,668186,,Naghmeh Razmpoosh,,,741 Main Street East,Milton,Ontario,L9T3Z3,905-693-9978,,Central Region,milton@oxfordlearning.com,www.oxfordlearning.com/milton,Elementary,Not applicable,Site based only,Independent and Private School Forum
1135,Oxford Reformed Christian School,667985,Offers credits toward the Ontario Secondary School Diploma (OSSD),William Van Brugge,,,333182 Plank Line,Mt. Elgin,Ontario,N0J1N0,519-485-1142,519-485-6352,West Region,principal@orcschool.ca,www.orcschool.ca,Elem/Sec,Not applicable,Site based only,Other
1136,P.E.N. Academy,668890,Offers credits toward the Ontario Secondary School Diploma (OSSD),Joseph Amato,106,,165 Cross Ave,Oakville,Ontario,L6J0A9,289-835-0181,,Central Region,joseph.amato@pen-international.com,,Secondary,Not applicable,Online/Site Based,No Association Membership
1137,P.T.Montessori,666343,,Linda Harrison,,,280 Culford Road,Toronto,Ontario,M6L2V3,416-242-3725,,Central Region,ptmontessori@bellnet.ca,www.ptmontessori.com,Elementary,Not applicable,Site based only,No Association Membership
1138,Parry Sound Forest School,668691,,Kira Jordan,,,1 College Dr.,Parry Sound,Ontario,P2A0A9,705-938-4298,,Central Region,admin@psforestschool.com,psforestschool.com,Elementary,Not applicable,Site based only,No Association Membership
1139,Parry Sound International School,885187,Offers credits toward the Ontario Secondary School Diploma (OSSD),Zarmina Nekzai,,,5 Hunter Glen Rd,Dunchurch,Ontario,P0A1G0,647-309-6830,,West Region,parrysound@gmail.com,www.parrysoundis.com,Elem/Sec,All Year Round,Online/Site Based,No Association Membership
1140,Pascal High Academy,884747,Offers credits toward the Ontario Secondary School Diploma (OSSD),Sedigheh Yazdanpanah,,,194 Avondale Avenue,North York,Ontario,M2N2V5,647-767-3738,,Toronto Region,info@phaprivateschool.com,www.phaprivateschool.com,Elem/Sec,Not applicable,Online/Site Based,No Association Membership
1141,Passage Centre,882007,,Kristina House,,,310 Danforth Ave,Toronto,Ontario,M4K1N6,416-735-8353,,Toronto Region,info@passagescentre.ca,www.passagescentre.ca,Elem/Sec,Not applicable,Site based only,No Association Membership
1142,Pathfinder Christian School,888311,,Sheldon Martin,,39,7244 Line 86 3,Wallenstein,Ontario,N0B2S0,519-669-2273,,West Region,pathfinderchristianschool@gmail.com,,Elem/Sec,Not applicable,Site based only,No Association Membership
1143,Pathways Academy & Early Learning Centre,878880,,Michelle Walker,,,6642 ST. Thomas More Drive,NIAGARA FALLS,Ontario,L2G5N4,905-358-7284,905-358-7286,West Region,info@mypathwaysacademy.com,www.mypathwaysacademy.com,Elementary,Not applicable,Site based only,No Association Membership
1144,Pathways Centre for Education,669919,,Robin Konstantopoulos,,,23324 Woodbine Avenue,Keswick,Ontario,L4P3E9,905-252-4273,,Central Region,robin@pathwayscfe.com,https://www.pathwayscfe.com/,Elem/Sec,Not applicable,Site based only,No Association Membership
1145,Pathways Educational Services Inc,669660,,Jennifer Wilkins,5A,,650 Woodlawn Road,Guelph,Ontario,N1K1B8,519-772-1477,519-772-1480,West Region,amanda@pathways4u.com,www.pathways4u.com,Secondary,Not applicable,Online/Site Based,No Association Membership
1146,Pathways Educational Services Inc.,889191,Offers credits toward the Ontario Secondary School Diploma (OSSD),Amanda Edwin,3,,248 Stirling Ave South,Kitchener,Ontario,N2G4L1,519-766-1477,519-766-1478,West Region,jennifer@pathways4u.com,www.pathways4u.com,Secondary,All Year Round,Online/Site Based,No Association Membership
1147,Paul Penna Downtown Jewish Day School,878685,,Amy Platt,,,750 Spadina Ave,Toronto,Ontario,M5S2J2,416-928-3537,416-533-7471,Toronto Region,cheryl@djds.ca,http://djds.ca/,Elementary,Not applicable,Site based only,Other
1148,Peace School,888160,,Baran Yousefi Ghasabsaraei,,,12 Morgan Avenue,Thornhill,Ontario,L3T1R1,,,Central Region,info@childrenforpeace.ca,,Elementary,Not applicable,Online/Site Based,No Association Membership
1149,Peak Centre Academy,665848,Offers credits toward the Ontario Secondary School Diploma (OSSD),Shaun Quinn,100,,340 TERRY FOX DR,KANATA,Ontario,K2K3A2,613-737-7325,613-280-3844,East Region,squinn@peakcentre.ca,www.peakcentreacademy.ca,Elem/Sec,All Year Round,Site based only,No Association Membership
1150,Pebblestone Parochial School,884670,,Ellen Sauder,,,223798 Southgate Road 22,Holstein,Ontario,N0G2A0,226-668-9512,,Central Region,,,Elementary,Not applicable,Site based only,No Association Membership
1151,Peel Montessori School,875732,,Santina Cowdrey,,,964 Meadow Wood Rd,Mississauga,Ontario,L5J2S6,905-823-6522,905-823-5397,Central Region,info@peelmontessori.com,www.peelmontessori.com,Elementary,Not applicable,Site based only,Ontario Federation of Independent Schools
1152,Peetabeck Academy,664875,Offers credits toward the Ontario Secondary School Diploma (OSSD),Mary Anne Davis,,211,1 School Road,FORT ALBANY,Ontario,P0L1H0,705-278-3340,705-278-1031,North Region,principal@mpea.ca,,Elem/Sec,First Nation,Site based only,No Association Membership
1153,Pelican Falls First Nations High School,663700,Offers credits toward the Ontario Secondary School Diploma (OSSD),Nathan Hunter,,,650 Pelican Falls Road,Sioux Lookout,Ontario,P8T0A7,807-737-1110,807-737-1449,North Region,,http://www.nnec.on.ca,Secondary,First Nation,Site based only,Other
1154,Penfield Academy,885315,,Khairoon Adam,736,,736 York Road,Niagara-on-the-Lake,Ontario,L0S1J0,365-880-3264,,West Region,info@penfieldacademy.com,https://penfieldacademy.com/,Elementary,Not applicable,Site based only,No Association Membership
1155,Penguin Private School,669450,,Pushkareva Larissa,,,3461 Lakeshore Blvd West,Etobicoke,Ontario,M8W1N2,416-904-6842,,Central Region,hello@penguinprivateschool.ca,www.penguinprivateschool.ca,Elementary,Not applicable,Site based only,No Association Membership
1156,Peoples Christian Academy,665160,Offers credits toward the Ontario Secondary School Diploma (OSSD),Alexander Abdulnour,,,245 Renfrew Drive,Markham,Ontario,L3R6G3,416-733-2010,416-733-2011,Central Region,aabdulnour@pca.ca,www.pca.ca,Elem/Sec,Not applicable,Site based only,Other
1157,Perth Children's House,884630,,Amy Neron,2345,,Scotch Line,Perth,Ontario,K7H0E7,613-267-2668,,East Region,amyneron@perthchildrenshouse.ca,,Elementary,Not applicable,Site based only,Other
1158,Petre College,883640,Offers credits toward the Ontario Secondary School Diploma (OSSD),Irene Petre,,,3359 YONGE ST,TORONTO,Ontario,M4N2M6,416-802-9992,416-802-9992,Toronto Region,irene@tutorite.com,,Secondary,All Year Round,Site based only,Ontario Federation of Independent Schools
1159,Petrolia Primary School Ltd,886070,,Jenna Simpson,,,414 Oil Street,Petrolia,Ontario,N0N1R0,,,West Region,montessoripetrolia@gmail.com,www.petroliaprimaryschool.com,Elementary,Not applicable,Site based only,No Association Membership
1160,Philopateer Christian College,878626,Offers credits toward the Ontario Secondary School Diploma (OSSD),Phoebe Wasfy,,,6341 Mississauga Road,Mississauga,Ontario,L5N1A5,905-814-5181,905-567-2648,Central Region,phoebe.wasfy@pccnet.ca,www.pccnet.ca,Elem/Sec,Not applicable,Online/Site Based,Other
1161,Phoenix Montessori School Inc,665010,,Lori Priolo,,,2 Station ROAD,Etobicoke,Ontario,M8V2P9,416-695-1212,416-695-1095,Toronto Region,lpriolo@phoenixmontessori.ca,www.phoenixmontessorischool.ca,Elementary,Not applicable,Site based only,Montessori Quality Assurance in Canada (MQA)
1162,Phoenix Private Academy,668010,,Maja Maricic,,,31 Nadolny Sachs Private Private,Ottawa,Ontario,K2A1R9,613-225-9273,,East Region,majamaricicepa@gmail.com,www.edelweissprivateacademy.com,Elementary,Not applicable,Site based only,No Association Membership
1163,Pickering Christian School,884359,,Dave Park,,,162 Rossland Rd East,Ajax,Ontario,L1T4V2,905-427-3120,905-427-0211,East Region,office@pickeringcs.on.ca,http://www.pickeringcs.on.ca,Elementary,Not applicable,Site based only,EDVance
1164,Pickering College,885827,Offers credits toward the Ontario Secondary School Diploma (OSSD),Cinde Lock,,,16945 Bayview Ave,Newmarket,Ontario,L3Y4X2,905-895-1700,905-895-9076,Central Region,info@pickeringcollege.on.ca,www.pickeringcollege.on.ca,Elem/Sec,Not applicable,Site based only,Conference of Independent Schools of Ontario
1165,Pine Mountain Parochial,887324,,Martha Martin,,,880 South Kinloss Avenue 5,Lucknow,Ontario,N0G2H0,,,West Region,,,Elementary,Not applicable,Site based only,No Association Membership
1166,Pine Ridge Amish School,665443,,Esther Stoll,,,53500 Eden Line,Aylmer,Ontario,N5H2R3,,,West Region,,,Elementary,Not applicable,Site based only,No Association Membership
1167,Pine and Pasture Academy,668618,,Joseph Frenette,,,30 Pifer Road,Kakabeka Falls,Ontario,P0T1W0,807-630-6287,,North Region,pineandpasture@gmail.com,pineandpastureacademy.com,Elementary,Not applicable,Site based only,No Association Membership
1168,Pinehaven Christian School,883938,,Shawn Jantzi,,,41 Mackannas Road,Warren,Ontario,P0H2N0,705-967-5508,,North Region,,,Elementary,Not applicable,Site based only,No Association Membership
1169,Pineview Mennonite School,888435,,Philip Brubacher,,,270 Hwy 617,Stratton,Ontario,P0W1N0,807-487-2443,807-487-2443,North Region,,,Elem/Sec,Not applicable,Site based only,No Association Membership
1170,Pious Islamic Association,884123,,Mirfat Mohamed,,,1970 Tourangeau RD,Windsor,Ontario,N8W4N3,519-968-2443,,West Region,admin@piousmosque.com,www.piousmosque.com,Elementary,Not applicable,Online/Site Based,No Association Membership
1171,Plattsville Christian Private Elementary,875228,,Jane Valenta,,,19 Albert St,Plattsville,Ontario,N0J1S0,519-684-7531,519-684-7531,West Region,plattsvillechristian@gmail.com,www.plattsvillechristianschool.com,Elementary,Not applicable,Site based only,Other
1172,Pleasant View Parochial School,878820,,Carolyn Martin,,,4969 Line 80 4,Listowel,Ontario,N4W3G9,519-595-7065,,West Region,,,Elementary,Not applicable,Site based only,No Association Membership
1173,Plymouth Canadian Academy,884230,,Mo Abdel,,,2734 Midland Ave. M1S 1S1 Cana,Scarborough,Ontario,M2J1M7,647-848-8084,,Central Region,m.faizalla@aol.com,http://www.plymouthcanadianacademy.com,Elementary,Not applicable,Online Only,No Association Membership
1174,Polaris Learning Centre,883443,Offers credits toward the Ontario Secondary School Diploma (OSSD),Mary-Louise Taselos,202,,1560 BAYVIEW AVE,TORONTO,Ontario,M4G3B8,647-350-7827,,Toronto Region,mary-louise@polarislearning.ca,www.polarislearning.ca,Secondary,Not applicable,Site based only,No Association Membership
1175,Polaris School and Centre,669974,,Yasmeen Osman,,,1805 Gaspe Ave,Ottawa,Ontario,K1K0A4,613-842-4322,,East Region,info@polarisschool.ca,www.polarisschool.ca,Elementary,Not applicable,Site based only,Waldorf Early Childhood Association of North America
1176,Polkadots Playland & Montessori Centre,882469,,Josette Drummond,P&Q,,305 Royal West Drive,Brampton,Ontario,L6X5K8,905-455-3687,,Central Region,polkadots.montessorischool@gmail.com,www.polkadotsplayland.com,Elementary,Not applicable,Site based only,No Association Membership
1177,Poplar Grove Parochial School,875406,,Rueben Martin,,,90078 McIntosh Line 1,Wroxeter,Ontario,N0G2X0,,,West Region,,,Elementary,Not applicable,Site based only,No Association Membership
1178,Portlock Parochial School,887834,,Louisa Martin,,,773 Fisher Road 1,Bruce Mines,Ontario,P0R1C0,,,North Region,,,Elementary,Not applicable,Site based only,No Association Membership
1179,Prairie View School,884983,,Lewis Miller,,,36642 Belfast Road 7,Lucknow,Ontario,N0G2H0,,,West Region,,,Elementary,Not applicable,Site based only,No Association Membership
1180,Premium Institute of Excellence,883927,Offers credits toward the Ontario Secondary School Diploma (OSSD),Prem Parashar,213,,4515 Ebenezer Road,Brampton,Ontario,L6P2K7,416-460-5046,,Central Region,premium.canada@gmail.com,www.premium-institute.com,Secondary,All Year Round,Online/Site Based,No Association Membership
1181,"Prestige School, The -Richmond Hill",665949,Offers credits toward the Ontario Secondary School Diploma (OSSD),Olga Margold,8,,11 Headdon Gate,Richmond Hill,Ontario,L4C9W9,905-780-6565,,Central Region,prestige@prestigeschool.com,www.prestigeprivateschool.ca,Elem/Sec,Not applicable,Site based only,Ontario Federation of Independent Schools
1182,"Prestige School, The -Toronto",666394,Offers credits toward the Ontario Secondary School Diploma (OSSD),Olga Margold,,,21 Eddfield Avenue,Toronto,Ontario,M2N2M5,416-250-5873,416-250-5873,Central Region,theprestigeschool@bell.net,www.prestigeprivateschool.ca,Elem/Sec,Not applicable,Online/Site Based,Ontario Federation of Independent Schools
1183,Pretty River Academy,878154,,Valerie Turner,,,11521 Hwy 26 West,Collingwood,Ontario,L9Y5E7,705-444-5376,,Central Region,info@prettyriveracademy.com,www.prettyriveracademy.com,Elementary,Not applicable,Site based only,No Association Membership
1184,Prime Academy,882751,Offers credits toward the Ontario Secondary School Diploma (OSSD),John Cassels,,,40 Strathearn Blvd,Toronto,Ontario,M5P1T1,647-285-1966,,Toronto Region,casselstutoring@gmail.com,,Secondary,Not applicable,Online Only,No Association Membership
1185,Prosperity Parochial School,880862,,Donnie Shetler,,,84556 Prosperity Line,Auburn,Ontario,N0M1E0,,,West Region,,,Elementary,Not applicable,Site based only,No Association Membership
1186,Providence Christian School,885401,,Kevin Bouwers,,,542 Ofield Road North,Dundas,Ontario,L9H5E2,905-627-1411,,West Region,office@providencecs.ca,http://www.providencecs.ca,Elementary,Not applicable,Site based only,EDVance
1187,Providence Reformed Collegiate,877999,Offers credits toward the Ontario Secondary School Diploma (OSSD),Mike Vander Deen,,,93 Queen St,Komoka,Ontario,N0L1R0,519-471-0661,,West Region,office@providencerc.com,www.providencerc.com,Secondary,Not applicable,Site based only,League of Canadian Reformed School Societies
1188,Pucks and Pencils,669229,,Phillip Poss,,,108 St George Street,Port Dover,Ontario,N0A1N0,519-429-5958,,West Region,phillippossvic@gmail.com,www.pucksandpencils.com,Elementary,Not applicable,Site based only,No Association Membership
1189,Quantum Academy,883813,Offers credits toward the Ontario Secondary School Diploma (OSSD),Tarana Oumoudova,305,,9555 Yonge Street,Richmond Hill,Ontario,L4C9M5,905-787-9720,905-787-9720,Central Region,easylp@bellnet.ca,www.quantumacademy.ca,Secondary,All Year Round,Site based only,No Association Membership
1190,Quark West School,882297,Offers credits toward the Ontario Secondary School Diploma (OSSD),Dimple Khatri,8,,7895 Tranmere,Mississauga,Ontario,L5S1V9,866-983-0192,,Central Region,info@qwschool.ca,https://www.qwschool.ca/,Elem/Sec,All Year Round,Online/Site Based,No Association Membership
1191,Quba Elementary School,883811,,Mohiuddin Shaikh,,,1501 Harwood Ave N,AJAX,Ontario,L1T4T9,647-999-0605,,East Region,swaqqas@yahoo.com,www.ajaxmasjid.ca,Elementary,Not applicable,Site based only,No Association Membership
1192,Queen Elizabeth Academy,882306,Offers credits toward the Ontario Secondary School Diploma (OSSD),Victor Lee,5,,1020 Johnson's Lane,Mississauga,Ontario,L5J2P7,905-257-9009,,Central Region,vwlee2008@gmail.com,www.QETutoring.com,Secondary,Not applicable,Online/Site Based,No Association Membership
1193,Queen's Elite Academy of Canada,883297,Offers credits toward the Ontario Secondary School Diploma (OSSD),KETH KINSEY,,,2850 John St.,Markham,Ontario,L3R2W4,416-498-7322,,Central Region,info@queenscanada.com,www.queenscanada.com,Secondary,All Year Round,Online/Site Based,No Association Membership
1194,Queen's Glen,665321,Offers credits toward the Ontario Secondary School Diploma (OSSD),Ian Sands,51-53,,40 Vogell Road,Richmond Hill,Ontario,L4B3N6,365-887-5989,,Central Region,,QueensGlen.com,Elem/Sec,All Year Round,Site based only,No Association Membership
1195,Queens Gate Academy,669065,,Balneet Singh,1A,,255 Queen Street East,Brampton,Ontario,L6W2B8,905-846-0220,,Central Region,info@queensgateacademy.ca,www.queensgateacademy.ca,Elementary,Not applicable,Online/Site Based,No Association Membership
1196,Queens Grove School,666920,Offers credits toward the Ontario Secondary School Diploma (OSSD),Svitlana Maystrenko,200,,200 Ronson Drive,Toronto,Ontario,M9W5Z9,416-479-3893,,Central Region,admissions@queensgroveschool.com,www.queensgroveschool.com,Elem/Sec,All Year Round,Online/Site Based,Ontario Federation of Independent Schools
1197,Queensland High School,666457,,Xinxin Zhang,45B,,45B West Wilmot St,Richmond Hill,Ontario,L4B2P3,647-875-3091,,Toronto Region,contact@queenslandhighschool.com,www.queenslandhighschool.com,Secondary,Not applicable,nan,
1198,Quinte Christian High School,889830,Offers credits toward the Ontario Secondary School Diploma (OSSD),Frederick Breukelman,,,138 Wallbridge-Loyalist Road 2,Belleville,Ontario,K8N4Z2,613-968-7870,613-968-7970,East Region,admin@qchs.ca,http://www.qrcs.ca,Secondary,Not applicable,Site based only,EDVance
1199,Quintilian Private School of Kingston,668682,,Laura DeSousa,,,41 Baiden Street,KINGSTON,Ontario,K7M2J9,613-542-0400,,East Region,admin@quintilianschool.ca,,Elementary,Not applicable,Site based only,No Association Membership
1200,Quo Vadis Elementary School,882507,,Katherine Ros,,,4258 Bloor St W,Toronto,Ontario,M9C1Z7,647-493-5033,,Toronto Region,quovadisschool@gmail.com,quovadisschool.ca,Elementary,Not applicable,Site based only,Ontario Federation of Independent Schools
1201,R.I.S.E. Academy,669731,Offers credits toward the Ontario Secondary School Diploma (OSSD),Rebecca Chambers,,,70 Bongard Avenue,Ottawa,Ontario,K2E7Z9,613-296-7346,,East Region,rebecca@riseacademy.ca,www.riseacademy.ca,Secondary,All Year Round,Online/Site Based,Ontario Federation of Independent Schools
1202,READ WRITE THINK,667746,Offers credits toward the Ontario Secondary School Diploma (OSSD),"Julia Paykin, YULIA GORINSKY",10,,8481 KEELE STREET,CONCORD,Ontario,L4K1Z6,416-878-4550,,Central Region,info@readwritethink.ca,www.readwritethink.ca,Elem/Sec,All Year Round,Online/Site Based,No Association Membership
1203,ROYAL JAMES INTERNATIONAL SCHOOL,880714,Offers credits toward the Ontario Secondary School Diploma (OSSD),RESHMA MUKADAM,3D,,7035 Maxwell Rd,Mississauga,Ontario,L5S1R5,647-949-3769,,Toronto Region,mukadamreshma24@gmail.com,novainternational.ca,Secondary,All Year Round,Online Only,No Association Membership
1204,"RWS, Richmond Hill World School",666572,Offers credits toward the Ontario Secondary School Diploma (OSSD),Mehrdad Sabouhi,,,10087 Yonge St.,Richmond Hill,Ontario,L4C1T7,416-221-2111,416-221-7274,Central Region,sabouhiacademy@yahoo.ca,,Secondary,All Year Round,Online/Site Based,No Association Membership
1205,Rawan Online School,889790,,Mustafa Ramazan,,,1352 Hunter Street,Innisfil,Ontario,L9S0J2,514-575-6130,,Central Region,mustafah002@gmail.com,www.roschool.ca,Elem/Sec,Not applicable,Online Only,No Association Membership
1206,Ready Global Academy,885829,Offers credits toward the Ontario Secondary School Diploma (OSSD),Christian Bayly,,,205 Placer Court,North York,Ontario,M2H0A9,647-818-6479,,Central Region,info@readyglobalacademy.ca,www.readyglobalacademy.ca,Elem/Sec,All Year Round,Online/Site Based,Independent and Private School Forum
1207,Red Deer Global Academy,885883,Offers credits toward the Ontario Secondary School Diploma (OSSD),Antonietta Ramagnano,Unit 203,,205 Placer Crt,North York,Ontario,M2H0A9,647-938-1899,,Central Region,aramagnano@reddeerglobalacademy.ca,www.reddeerglobalacademy.ca,Elem/Sec,All Year Round,Online/Site Based,No Association Membership
1208,Red Hill Parochial School,887765,,Adeline Bowman,,,4107 Moser-Young Road 3,Wallenstein,Ontario,N0B2S0,519-698-0790,,West Region,,,Elementary,Not applicable,Site based only,No Association Membership
1209,Red Leaf Education,665298,Offers credits toward the Ontario Secondary School Diploma (OSSD),Justin Wismer,,,3460 Settlement Court,London,Ontario,N6P0A7,226-559-8066,,Central Region,jhwismer@yahoo.com,www.redleafeducation.ca,Secondary,All Year Round,Online Only,No Association Membership
1210,Redeemer Christian High School,889067,Offers credits toward the Ontario Secondary School Diploma (OSSD),John Naftel,,,82 Colonnade Rd N,Nepean,Ontario,K2E7L2,613-723-9262,613-723-9321,East Region,principal@rchs.on.ca,http://www.rchs.on.ca,Secondary,Not applicable,Site based only,EDVance
1211,Regalo Montessori,665532,,Nadia Lannder,,,45 Millard AVE W,Newmarket,Ontario,L3Y7P6,647-773-0794,,Central Region,nadia.lannder@gmail.com,www.regalomontessori.ca,Elementary,Not applicable,Site based only,No Association Membership
1212,Rehoboth Christian School,880108,Offers credits toward the Ontario Secondary School Diploma (OSSD),Adam Kloostra,,P.O. Box 70,198 Inksetter Road,Copetown,Ontario,L0R1J0,905-627-5977,905-628-4422,West Region,principal@rehoboth.on.ca,www.rehoboth.on.ca,Elem/Sec,Not applicable,Site based only,EDVance
1213,Rehoboth Christian School,889016,Offers credits toward the Ontario Secondary School Diploma (OSSD),"Andrew Korevaar, Gerrit Ten Hove",,,43 Main St E,Norwich,Ontario,N0J1P0,519-863-2403,519-863-3984,West Region,office@rcsnorwich.com,www.rcsnorwich.com,Elem/Sec,Not applicable,Site based only,Other
1214,Resurrection Christian Academy,667185,,Bernice Lageer,,,400 Speedvale Avenue E,Guelph,Ontario,N1E1N9,519-836-5395,,West Region,mgrant@rcaflames.com,www.rcaflames.com,Elementary,Not applicable,Site based only,No Association Membership
1215,Revel Academy,885146,,Erin Anderson,100,,1550 Laperriere Ave.,Ottawa,Ontario,K1Z7T2,613-700-2132,,East Region,info@revelacademy.ca,www.revelacademy.ca,Elem/Sec,Not applicable,Site based only,Other
1216,Reverend Eleazar Winter Education Centre,663284,Offers credits toward the Ontario Secondary School Diploma (OSSD),Darryl Brown,,,1 School Road,Wapekeka,Ontario,P0V1B0,807-737-1178,,North Region,darryl.brown@wapekekaed.ca,,Secondary,First Nation,Site based only,No Association Membership
1217,Rhema Christian School,880574,,Shawn McPhail,,,29 COUNTY RD 4,Peterborough,Ontario,K9L1B8,705-743-1400,705-743-1415,East Region,office@rhema.ca,www.rhema.ca,Elementary,Not applicable,Site based only,EDVance
1218,Richland Academy,665754,Offers credits toward the Ontario Secondary School Diploma (OSSD),Sandi Fischer,,,11570 Yonge St,Richmond Hill,Ontario,L4E3N7,905-224-5600,,Central Region,info@richlandacademy.ca,www.richlandacademy.ca,Elem/Sec,Not applicable,Site based only,IB Schools of Ontario
1219,Richmond Hill Christian Academy,667056,,John Yip,,,9711 Bayview Ave,Richmond Hill,Ontario,L4C9X7,905-770-4055,416-621-0930,Central Region,rhca@rogers.com,rhcaweb.ca,Elementary,Not applicable,Site based only,No Association Membership
1220,Richmond Hill Montessori Private School,886313,,Cristina Ingravalle,,,189 Weldrick Road East,Richmond Hill,Ontario,L4C0A6,905-508-2228,905-508-2229,Central Region,reception@rhms.ca,https://www.rhms.ca,Elementary,Not applicable,Site based only,Ontario Federation of Independent Schools
1221,Ridley College,886335,Offers credits toward the Ontario Secondary School Diploma (OSSD),John Kidd,,Box 3013,#2 Ridley Road,St Catharines,Ontario,L2R7C3,905-684-1889,905-684-8875,West Region,ed_kidd@ridleycollege.com,http://www.ridleycollege.com,Elem/Sec,Not applicable,Online/Site Based,Conference of Independent Schools of Ontario
1222,River Road Nature School,881705,,Carrie Loyer,,,2355 River Rd.,Cayuga,Ontario,N0A1E0,905-741-6101,,West Region,riverroadnatureschool@gmail.com,,Elementary,Not applicable,Site based only,No Association Membership
1223,Riverbend Academy,887603,,Yvette Graystone,,,2436 Gideon Drive,Delaware,Ontario,N0L1E0,519-652-0052,226-785-0902,West Region,info@riverbendacademy.ca,www.riverbendacademy.ca,Elementary,Not applicable,Site based only,No Association Membership
1224,Riverforest Montessori School,882110,,Jennifer Mahoney,,,1595 3RD AVE W,OWEN SOUND,Ontario,N4K4R2,519-371-2313,519-371-1178,West Region,riverforestmontessori@hotmail.com,www.riverforestmontessori.com,Elementary,Not applicable,Site based only,No Association Membership
1225,Riverside Christian Montessori School,665725,,Roshika Dias,,,3 Front Street South,York,Ontario,N0A1R0,289-523-0999,,West Region,info@rcmontessori.com,www.rcmontessori.com,Elementary,Not applicable,Site based only,Canadian Council of Montessori Administrators (CCMA)
1226,Riverside Parochial School,880876,,Anita Martin,,,401 Pappin Rd 1,Beachburg,Ontario,K0J1C0,,,East Region,,,Elementary,Not applicable,Site based only,No Association Membership
1227,Riyadh Alsalehin School,666726,Offers credits toward the Ontario Secondary School Diploma (OSSD),Lubaba Aboughodda,,,1324 Lorne Park Rd,Mississauga,Ontario,L5H3B1,647-999-7869,,Central Region,info@raschool.ca,http://www.raschool.ca,Elem/Sec,Not applicable,Online/Site Based,No Association Membership
1228,Robbins Hebrew Academy,887153,,Claire Sumerlus,,,1700 Bathurst Street,Toronto,Ontario,M5P3K3,416-224-8737,855-271-2236,Toronto Region,info@rhacademy.ca,www.rhacademy.ca,Elementary,Not applicable,Site based only,Other
1229,Rockway Mennonite Collegiate Inc,885681,Offers credits toward the Ontario Secondary School Diploma (OSSD),Joshua HILL,,,110 DOON RD,KITCHENER,Ontario,N2G3C8,519-743-5209,519-743-5935,West Region,principal@rockway.ca,http://www.rockway.ca,Elem/Sec,Not applicable,Site based only,Ontario Federation of Independent Schools
1230,Rocky Ridge Parochial,885879,,Onias Weber,,,442 Boundary Road 1,Bruce Mines,Ontario,P0R1C0,,,North Region,,,Elementary,Not applicable,Site based only,No Association Membership
1231,Roman Holiday Summer Studies,668582,Offers credits toward the Ontario Secondary School Diploma (OSSD),Sante Bellisario,,,53 Lorraine Drive,Toronto,Ontario,M2N2E3,416-223-8618,416-223-8618,Toronto Region,santino.bellisario@romanholiday.ca,www.romanholiday.ca,Secondary,All Year Round,Online/Site Based,No Association Membership
1232,Ronald McDonald House Charities Toronto,667188,,Katie Doering,,,240 McCaul St,Toronto,Ontario,M5T1W5,416-977-0458,416-977-8807,Toronto Region,kdoering@rmhctoronto.ca,www.rmhctoronto.ca,Elementary,Not applicable,Site based only,No Association Membership
1233,Roots Private School,882010,,Anastassia Mikoian,,,10195 Keele Street,Maple,Ontario,L6A3Y9,905-832-1252,,Central Region,office@rootsprivateschool.ca,https://www.rootseducation.ca/rps-private-school.php,Elementary,Not applicable,Site based only,No Association Membership
1234,Roots to Routes Academy,665779,Offers credits toward the Ontario Secondary School Diploma (OSSD),Ramya Selladurai,,,33 Magpie Way,Whitby,Ontario,L1N0K7,365-358-3662,,Toronto Region,info@rootstoroutes.ca,www.rootstoroutes.ca,Secondary,All Year Round,Online Only,No Association Membership
1235,"Rosedale Day School, The",877085,,John Reid,Suite 426,,131 Bloor Street West,Toronto,Ontario,M5S1R1,416-923-4726,416-923-7379,Toronto Region,office@rds-on.com,http://www.rds-on.com,Elementary,Not applicable,Site based only,Conference of Independent Schools of Ontario
1236,Rosedale Global High School,668726,Offers credits toward the Ontario Secondary School Diploma (OSSD),Fernando Oliveira,800,,7030 Woodbine Avenue,Markham,Ontario,L3R6G2,905-604-7533,,Central Region,,https://rosedaleedu.com/program/,Secondary,All Year Round,Online/Site Based,No Association Membership
1237,Rosemary International Academy,667158,Offers credits toward the Ontario Secondary School Diploma (OSSD),Juncheng Chen,,,135 Laurier Avenue West,Ottawa,Ontario,K1P5J2,343-362-2809,,Central Region,info@rosemaryacademy.com,,Secondary,Not applicable,Online/Site Based,No Association Membership
1238,Rosseau Lake College Private School,887617,Offers credits toward the Ontario Secondary School Diploma (OSSD),David Krocker,,50,1967 Bright Street Street,Rosseau,Ontario,P0C1J0,705-732-4351,705-732-6319,North Region,school.office@rosseaulakecollege.com,http://www.rosseaulakecollege.com,Elem/Sec,Not applicable,Site based only,Conference of Independent Schools of Ontario
1239,Rotherglen School,880957,,Marie Lanigan,,,3553 South Common Crt,Mississauga,Ontario,L5L2B3,905-569-7400,905-569-1569,Central Region,elanigan@rotherglen.com,www.rotherglen.com,Elementary,Not applicable,Site based only,No Association Membership
1240,Rotherglen School - Oakville Elementary,884950,Offers credits toward the Ontario Secondary School Diploma (OSSD),Laura Crumb,,,2050 Neyagawa Boulevard,Oakville,Ontario,L6H6R2,905-849-1897,905-849-1354,Central Region,erotherglen@rotherglen.com,www.rotherglen.com,Elem/Sec,Not applicable,Site based only,No Association Membership
1241,Rotherglen School Meadowvale Campus,885074,,Jacinta Snyder,,,929 Old Derry Road,Mississauga,Ontario,L5W1A1,905-565-8707,,Toronto Region,gerotherglen@rotherglen.com,www.rotherglen.com,Elementary,Not applicable,Site based only,No Association Membership
1242,Rotman Arts and Science School,667420,Offers credits toward the Ontario Secondary School Diploma (OSSD),Trung Thanh Pham,,,7 Bradwick Drive,Vaughan,Ontario,L4K2T4,647-309-1699,,Central Region,info@rotmanschool.com,rotmanschool.com,Elem/Sec,Not applicable,Online/Site Based,No Association Membership
1243,Rouge Valley Education Center,668261,Offers credits toward the Ontario Secondary School Diploma (OSSD),Nathiya Gnanapragasam,,,3351 Ellesmere Road,Scarborough,Ontario,M1C1H1,416-282-5139,416-282-8615,East Region,selvinrvec@gmail.com,www.rvec.ca,Secondary,All Year Round,Site based only,No Association Membership
1244,Rowan Tree Children's School,666615,,Sabrina Hale,,,780 Argyle Street,Peterborough,Ontario,K9H5T2,705-768-9967,,East Region,info@rowantreeschool.ca,www.rowantreeschool.ca,Elementary,Not applicable,Site based only,Waldorf Early Childhood Association of North America
1245,Rowntree Montessori Schools,886530,,Darlene Schewske,,,3 Sunforest Drive,Brampton,Ontario,L6Z2Z2,905-790-3838,905-790-5686,Central Region,admin@rowntreemontessori.com,www.rowntreemontessori.com,Elementary,Not applicable,Site based only,Ontario Federation of Independent Schools
1246,Royal Cachet Montessori School,883869,,Kathy Bobotsis,,,9921 Woodbine Avenue,Markham,Ontario,L6C1H7,905-888-7700,,Central Region,info@rcmschool.ca,,Elementary,Not applicable,Site based only,Canadian Council of Montessori Administrators (CCMA)
1247,Royal Cachet Montessori School Stouffvil,881253,,Kathy Bobotsis,,,160 Mostar Street,Whitchurch-Stouffville,Ontario,L4A0Y2,905-640-8088,,Central Region,info@rcmschool.ca,,Elementary,Not applicable,Site based only,Canadian Council of Montessori Administrators (CCMA)
1248,Royal Canadian High School,665214,Offers credits toward the Ontario Secondary School Diploma (OSSD),Eddie Oz,,,78 Allure St.,Newmarket,Ontario,L3X0L1,587-966-4401,,East Region,eddieoz@royalcanadianhighschool.ca,https://www.royalcanadianhighschool.ca/,Secondary,Not applicable,Online Only,No Association Membership
1249,Royal City Baptist Academy,882744,,Wayne Boadway,,,100 RIDGEWOOD AVE,Guelph,Ontario,N1H6C5,519-221-0483,,West Region,wayne.boadway@bell.net,,Elem/Sec,Not applicable,Site based only,Other
1250,Royal Crown Academic School,887482,Offers credits toward the Ontario Secondary School Diploma (OSSD),Michael Burke,,,4620 Finch Avenue East,Scarborough,Ontario,M1S4G2,416-519-0476,416-519-0471,East Region,admissions@royalcrowncollege.com,www.royalcrownschool.com,Elem/Sec,Not applicable,Online/Site Based,No Association Membership
1251,Royal Oak Community School,885094,,Julia Murray,,419,176 Wellington Street,Niagara-On-The-Lake,Ontario,L0S1J0,905-328-9592,,West Region,admin@royaloakschool.ca,www.royaloakschool.ca,Elementary,Not applicable,Site based only,No Association Membership
1252,Royal Ontario Academy,669115,Offers credits toward the Ontario Secondary School Diploma (OSSD),Lori DeAngelis,,,121 Brunel Road,Mississauga,Ontario,L4Z3E9,647-205-3788,,Central Region,info@royalontarioacademy.com,,Secondary,All Year Round,Online/Site Based,No Association Membership
1253,Royal SCITS Academy,669859,Offers credits toward the Ontario Secondary School Diploma (OSSD),Taylor Dark,,,275 Wellington street,Sarnia,Ontario,N7T1H1,,,West Region,admin@royalscits.ca,www.royalscits.ca,Elem/Sec,All Year Round,Online/Site Based,No Association Membership
1254,Royal St George's College,887005,Offers credits toward the Ontario Secondary School Diploma (OSSD),Stephen Beatty,,,120 Howland Ave,Toronto,Ontario,M5R3B5,416-533-9481,416-533-0028,Toronto Region,contactus@rsgc.on.ca,http://www.rsgc.on.ca,Elem/Sec,Not applicable,Site based only,Independent and Private School Forum
1255,Rutherford Private School,665178,Offers credits toward the Ontario Secondary School Diploma (OSSD),Igor Sarjinsky,1220,,4789 Yonge Street,Toronto,Ontario,M2N0G3,905-532-0229,,Central Region,info@rutherfordschool.ca,https://rutherfordschool.ca/,Secondary,Not applicable,Online/Site Based,No Association Membership
1256,SIMRA Academy Private School,668952,Offers credits toward the Ontario Secondary School Diploma (OSSD),Shaukat Ali,209,,2929 Lawrence Avenue East,Toronto,Ontario,M1P2S8,647-889-4356,,East Region,simra.academy@live.com,,Secondary,All Year Round,Site based only,No Association Membership
1257,SITPI ACADEMY,886251,,Abiramy Tharmendra,24,,3031 MARKHAM ROAD,SCARBOROUGH,Ontario,M1X1K9,416-214-9300,,East Region,ABIRAMY.THARMENDRA@SITPI.ACADEMY,WWW.SITPI.ACADEMY,Elem/Sec,Not applicable,Online/Site Based,No Association Membership
1258,SLI The Sidney Ledson School,883145,,Rumina Shivji,107,,220 Duncan Mill Road,North York,Ontario,M3B3J5,416-447-5355,416-447-5283,Central Region,sidney.ledson@bellnet.ca,www.sidneyledsoninstitute.net,Elementary,Not applicable,Online/Site Based,No Association Membership
1259,SNMC Albushra School,886178,,Sara El Arbid,,,3020 Woodroffe Ave,Nepean,Ontario,K2J4G3,613-440-6300,,East Region,Albushraschool@snmc.ca,https://albushraschool.ca/,Elementary,Not applicable,Site based only,No Association Membership
1260,ST.CUTHBERT CLASSICAL ACADEMY,669557,Offers credits toward the Ontario Secondary School Diploma (OSSD),Bryan Ho,220,,550 Highway 7 East,Richmond Hill,Ontario,L5M6E3,647-838-6466,,Central Region,INFO@STCUTHBERTACADEMY.COM,www.stcuthbertacademy.ca,Secondary,All Year Round,Online/Site Based,No Association Membership
1261,STEM Montessori Academy of Canada,669377,,Vonnie Robinson,,,24 Alexander Street,Brampton,Ontario,L6V1H6,416-244-3719,,Central Region,info@stemcanada.ca,stemcanada.ca,Elementary,Not applicable,Online/Site Based,No Association Membership
1262,STEM-E,883447,,Dwight Stewart,308,,701 Sheppard Avenue E,North York,Ontario,M2K2Z3,647-354-2287,,Toronto Region,admin@stem-e.net,stem-e.net,Secondary,Not applicable,nan,
1263,STEMVOX Academy,885826,,Timothy Gard,1,,1130 8th Street East,Owen Sound,Ontario,N4K5N8,416-433-5209,,West Region,timg@stemvox.com,https://stemvox.com/stemvox-school,Elementary,Not applicable,Site based only,No Association Membership
1264,STRATHROY PRIVATE MENNONITE CHRISTIN SCHOOL,882132,,G KLASSEN,,,24542 MELBOURN RD 3,STRATHROY,Ontario,N7G3H5,519-403-5565,,West Region,principal.strath@gmail.com,,Elem/Sec,Not applicable,Site based only,Mennonite school community
1265,Saba's Academy,887085,,Saba Ahmed,27,,1675 The Chase Road,Mississauga,Ontario,L5M5Y7,647-272-1745,,Central Region,sabas.academy@yahoo.com,www.sabasacademy.com,Elementary,Not applicable,Online/Site Based,No Association Membership
1266,Sacred Heart Private School,887694,,Amanda Dudfield,,,1 Edward Street,Welland,Ontario,L3C5H2,905-732-4542,,West Region,sacredheartprivateschool22@gmail.com,,Elementary,Not applicable,Site based only,No Association Membership
1267,Safa & Marwa Islamic School,668541,Offers credits toward the Ontario Secondary School Diploma (OSSD),Elham Abdel-Hamid,,,5585 McAdam Rd,Mississauga,Ontario,L4Z1N4,905-566-8533,866-565-6628,Central Region,elhamhindy@yahoo.ca,www.safaandmarwa.ca,Elem/Sec,All Year Round,Online/Site Based,No Association Membership
1268,Safa & Marwa Islamic School,884856,,Elham Abdel-Hamid,,,5550 Mcadam Road,Mississauga,Ontario,L4Z1P1,905-566-8533,866-565-6628,Central Region,admin@safaandmarwa.ca,www.safaandmarwa.ca,Elementary,Not applicable,Online/Site Based,No Association Membership
1269,Safinah Academy,883135,,Abbas Piparawala,,,139 King Street E,Bowmanville,Ontario,L1C1N6,289-675-7868,,East Region,abbaspip@gmail.com,,Elementary,Not applicable,Online/Site Based,No Association Membership
1270,Saint Sava Serbian Orthodox Elementary School,882815,,Jovana Vujinovic,,,2520 Dixie Rd.,Mississauga,Ontario,L4Y2A5,647-862-7792,,Central Region,admin@svetisavaskola.com,https://svetisavaskola.com/,Elementary,Not applicable,Site based only,No Association Membership
1271,Sakatcheway Anishinabe,663794,Offers credits toward the Ontario Secondary School Diploma (OSSD),Pauline Davis,,,1 Education Drive,Grassy Narrows,Ontario,P0X1B0,807-925-2626,807-925-2855,North Region,pdavis@gnea.ca,,Elem/Sec,First Nation,Site based only,No Association Membership
1272,Salaheddin Islamic School,878170,Offers credits toward the Ontario Secondary School Diploma (OSSD),Aly Hindy,,,741 Kennedy Road,Scarborough,Ontario,M1K2C6,416-264-9495,416-264-3343,East Region,principal@salaheddin.org,,Elem/Sec,Not applicable,Site based only,No Association Membership
1273,Salem Valley Parochial School,875392,,Henry Bauman,,,42609 Salem Road 1,Wingham,Ontario,N0G2W0,,,West Region,,,Elementary,Not applicable,Site based only,No Association Membership
1274,Sandy Lake Christian School,886146,,Mark Boese,,,"RR1, Site 7A",Keewatin,Ontario,P0X1C0,204-326-8507,,North Region,sandylakeschool@gmail.com,,Elem/Sec,Not applicable,Site based only,No Association Membership
1275,Sarnia Christian School,886416,,Len Smit,,,1273 Exmouth Street,Sarnia,Ontario,N7S1W9,519-383-7750,519-383-6304,West Region,info@sarniachristian.com,http://www.sarniachristian.com/index.php,Elementary,Not applicable,Site based only,EDVance
1276,Sarnia Islamic Academy,666269,,Rahaf Abou Shaar,,,1609 London Line,Sarnia,Ontario,N7W1A9,226-776-4444,226-776-4644,West Region,sarniaacademy@gmail.com,Www.SarniaAcademy.ca,Elementary,Not applicable,Online/Site Based,No Association Membership
1277,"Sathya Sai School, Toronto, Canada",665134,,Liet Hau,,,451 Ellesmere Rd,Toronto,Ontario,M1R4E5,416-297-7970,416-297-0945,East Region,info@sathyasaischool.ca,http://www.sathyasaischool.ca/,Elementary,Not applicable,Site based only,No Association Membership
1278,Sauder Academy,881786,Offers credits toward the Ontario Secondary School Diploma (OSSD),Nidhi Vyas,200,,440 Laurier Avenue West,Ottawa,Ontario,K1R7X6,613-508-0262,,East Region,info@sauderacademy.ca,www.sauderacademy.ca,Secondary,All Year Round,Online Only,No Association Membership
1279,Saugeen Pines Parochial School,882644,,Michelle Brubacher,,,042100 Road 71 4,Mount Forest,Ontario,N0G2L0,,,West Region,,,Elementary,Not applicable,Site based only,No Association Membership
1280,Saugeen Riverside Parochial School,884138,,Marie Knorr,,,044432 Southgate Road 04 1,Mount Forest,Ontario,N0G2L0,519-323-4261,,West Region,,,Elementary,Not applicable,Site based only,No Association Membership
1281,Scholars Academy,883917,,Edward Kalnins,,,3111 Universal Dr,Mississauga,Ontario,L4X2E2,866-636-3250,,Central Region,ted@scholarsed.com,www.scholarsed.com,Elementary,Not applicable,Site based only,No Association Membership
1282,Scholars' Hall Private School,882216,Offers credits toward the Ontario Secondary School Diploma (OSSD),Cherylynne McKee,,,888 Trillium Dr,Kitchener,Ontario,N2R1K4,519-888-6620,519-884-0316,West Region,mckee.cheryl@gmail.com,http://www.scholarshall.com,Elem/Sec,Not applicable,Site based only,No Association Membership
1283,Scriven Christian Academy,889954,,Donna Hicks,,,184 Toronto Rd RR 1,Port Hope,Ontario,L1A3V5,905-885-2900,905-885-8640,East Region,donnahicks@bellnet.ca,,Elementary,Not applicable,Site based only,Other
1284,Second Nature,886053,,Emily Ellwood,250,,36 Antares Drive,Nepean,Ontario,K2E8A9,613-247-7900,,East Region,anastasia.machan@secondnaturefamily.com,https://www.secondnaturefamily.com/,Elementary,Not applicable,Site based only,No Association Membership
1285,Seedlings Forest School,665111,,Stephanie Klein,,,4472 Long Lake Road,Sudbury,Ontario,P3G1K4,705-822-9143,,North Region,seedlingsforestschool@gmail.com,www.seedlingsforestschool.org,Elementary,Not applicable,Site based only,No Association Membership
1286,Seedlings Forest School,669005,,Stephanie Klein,,,4472 Long Lake,Sudbury,Ontario,P3G1K4,705-822-9143,,North Region,seedlingsforestschool@gmail.com,www.seedlingsforestschool.org,Elementary,Not applicable,Site based only,No Association Membership
1287,Seerah Mission School,668400,,Salma Ali,3,,43 Railside Road,Toronto,Ontario,M3A3L9,416-285-5999,,Central Region,info@seerahmission.com,www.seerahmission.com,Elementary,Not applicable,Site based only,Independent and Private School Forum
1288,Selm Academy,668906,,Mohammadreza Ardehali,,,845 Graham Sideroad,King,Ontario,L3Y4V9,647-727-1192,,Central Region,ardehali@selmacademy.com,selmacademy.com,Elementary,Not applicable,Online/Site Based,No Association Membership
1289,Seminary of Sacred Knowledge,668502,,ibrahim sharif,,,6101 Essex county Road 20,Amherstburg,Ontario,N0R1G0,226-899-7266,,West Region,ibrahimsharif@seminaryofsk.com,seminaryofsk.com,Elementary,Not applicable,Online/Site Based,No Association Membership
1290,Seneca Hill Private School,877328,,Nicolas Esper,,,33 Overland Dr,North York,Ontario,M3C2C3,416-499-8790,,Central Region,admin@senecahill.ca,www.senecahill.ca,Elementary,Not applicable,Site based only,Independent and Private School Forum
1291,Seven Bridges Parochial School,669301,,Beulah Martin,,,9326 Wellington Road 6 1,Harriston,Ontario,N0G1Z0,,,West Region,,,Elementary,Not applicable,Site based only,No Association Membership
1292,Seven Generations Secondary School,663743,Offers credits toward the Ontario Secondary School Diploma (OSSD),Sean Taggart,,Box 297,1452 Idylwild Drive,Fort Frances,Ontario,P9A3M6,807-274-8569,807-274-8761,North Region,,7generations.org,Secondary,First Nation,Site based only,No Association Membership
1293,Sevenoaks Academy,880718,,CHERIE HUGHES,,,190 Cook Street,Barrie,Ontario,L4M4H5,705-722-0397,,Central Region,administrator@sevenoaksacademy.ca,www.sevenoaksacademy.ca,Elementary,Not applicable,Site based only,No Association Membership
1294,Seventh Fire Secondary School,884686,Offers credits toward the Ontario Secondary School Diploma (OSSD),Omer Belisle,,,175 High Street North,Thunder Bay,Ontario,P7A8C7,807-699-0233,807-475-4882,North Region,agraham@lacdesmillelacs.ca,,Elem/Sec,First Nation,Site based only,No Association Membership
1295,Sharp Eagles,665708,Offers credits toward the Ontario Secondary School Diploma (OSSD),Mehri Chehreh Arae Ziabari,211,,8108 Yonge Street,Thornhill,Ontario,L4J1W4,416-602-0121,,Central Region,norozha70@yahoo.com,www.sharpeagles.com,Secondary,All Year Round,Site based only,No Association Membership
1296,Sharp Minds Academy,668566,Applied to offer credits toward the Ontario secondary School Diploma (OSSD),Fahim Khan,Unit C6,,2200 Brock Road,Pickering,Ontario,L1X2R2,905-239-3400,,East Region,learn@sharpminds.ca,www.sharpminds.ca,Secondary,Summer,Online/Site Based,No Association Membership
1297,Sharpminds Tutoring Inc.,666978,Offers credits toward the Ontario Secondary School Diploma (OSSD),Fahim Khan,308,,137 Main Street N,Markham,Ontario,L3P1Y2,905-471-7333,,Central Region,fahim@sharpminds.ca,www.sharpminds.ca,Secondary,All Year Round,Online/Site Based,No Association Membership
1298,Shekinah Christian School,886218,,Shane Steckly,,,410 Sideroad 20 North,Mildmay,Ontario,N0G2J0,519-291-0441,,West Region,,,Elem/Sec,Not applicable,Site based only,No Association Membership
1299,Sherwood Heights School,875643,Offers credits toward the Ontario Secondary School Diploma (OSSD),Anthony Mutlak,,,3650 Platinum Dr,Mississauga,Ontario,L5M0Y7,905-569-8999,905-569-9034,Central Region,info@sherwoodheights.com,http://www.sherwoodheights.com,Elem/Sec,Not applicable,Site based only,Independent and Private School Forum
1300,Sherwood Heights School - Mississauga,668543,Offers credits toward the Ontario Secondary School Diploma (OSSD),Christine Mutlak,,,5870 Kennedy Road,Mississauga,Ontario,L4Z4G6,905-712-4343,905-569-9034,Central Region,info@sherwoodheights.com,www.sherwoodheights.com,Elem/Sec,Not applicable,Site based only,Independent and Private School Forum
1301,Shewfelt Creek Parochial School,882342,,Louisa Martin,,,2608 Government Road 1,Desbarats,Ontario,P0R1E0,,,North Region,,,Elementary,Not applicable,Site based only,No Association Membership
1302,Shiloh Christian Institute,877190,,Edward McHugh,,,1166 Cardiff Blvd,Mississauga,Ontario,L5S1P7,905-458-6383,905-458-8545,Central Region,emchugh672@gmail.com,www.shilohci.com,Elem/Sec,Not applicable,Site based only,No Association Membership
1303,Shiloh Christian School,882005,,Walter Kauenhofen,,,47334 Church Street 3,St. Thomas,Ontario,N5P3S7,226-980-6672,,West Region,contact@shilohmennonitechurch.ca,,Elem/Sec,Not applicable,Site based only,No Association Membership
1304,Shining Stars School,669169,,Rania Ghobrial,,,1700 Mazo Crescent,MISSISSAUGA,Ontario,L5J1Y6,289-400-4099,,Central Region,raniaghobrial@shiningstarssupport.com,shiningstarssupport.com,Elementary,Not applicable,Site based only,No Association Membership
1305,Shiridi Sai School of Canada,666674,,Suwendrini Nirmalchandran,,,2701 Markham Road,Scarborough,Ontario,M1X1M4,416-298-3030,,East Region,suenirmal@gmail.com,,Elementary,Not applicable,Site based only,No Association Membership
1306,Shmuel Zahavy Cheder Chabad School,665643,,Israel Bard-Wigdor,,,148 Thornridge Drive,Thornhill,Ontario,L4J1E3,416-663-1972,,Central Region,administrator@chederchabad.com,www.chederchabad.com,Elementary,Not applicable,Site based only,No Association Membership
1307,Shokoofa Toronto,882701,,Ashraf Jamali,201,,85 Broadway Street,Tillsonburg,Ontario,N4G3P5,647-709-4242,,Toronto Region,a.jamali.school@gmail.com,,Elem/Sec,Not applicable,Online/Site Based,No Association Membership
1308,Sid Academy,885639,,S Anjum,,,311 Brock St North,Whitby,Ontario,L1N4H8,647-832-8378,,Central Region,info@thesidacademy.com,thesidacademy.com,Secondary,Not applicable,Online/Site Based,No Association Membership
1309,Sikhi Maarag School,882490,,Sidak-Kaur Mangat,151 A/B,,2960 Drew Dr,Mississauga,Ontario,L4T0A5,647-830-6909,,Central Region,info@sikhimaaragchool.com,https://sikhimaaragschool.com/,Elementary,Not applicable,Site based only,No Association Membership
1310,Silver Lake Parochial School,876780,,Brubacher Annie,,,307 Hayes Lake Avenue 1,Holyrood,Ontario,N0G2B0,,,West Region,,,Elementary,Not applicable,Site based only,No Association Membership
1311,Silverwoods International School,666374,Offers credits toward the Ontario Secondary School Diploma (OSSD),Muhammad Asim Latif,205,,5871 Highway 7,Markham,Ontario,L3P1A3,289-554-2422,,Central Region,Info@intl-silverwoodschool.ca,https://intl-silverwoodschool.ca,Elem/Sec,All Year Round,Online/Site Based,No Association Membership
1312,Simcoe High School,669034,Offers credits toward the Ontario Secondary School Diploma (OSSD),Taher Saifuddin,202,,100 Pertosa Drive,Brampton,Ontario,L6X0H9,647-883-5851,,Central Region,tahersaifuddin36@gmail.com,http://mysimcoe.ca/,Secondary,All Year Round,Online/Site Based,No Association Membership
1313,Simon Jacob Memorial Education Centre,663786,Offers credits toward the Ontario Secondary School Diploma (OSSD),Mary Gardiner,,240,240 Main Street,WEBEQUIE,Ontario,P0T3A0,807-353-6491,807-353-1306,North Region,maryrvn7@gmail.com,,Elem/Sec,First Nation,Site based only,No Association Membership
1314,Six Nations Polytechnic Secondary School,664813,Offers credits toward the Ontario Secondary School Diploma (OSSD),Reva Bomberry,,,411 Elgin Street,Brantford,Ontario,N3S7P5,226-493-1234,519-445-4416,West Region,reception@snpsteam.com,snpsteam.com,Secondary,First Nation,Site based only,No Association Membership
1315,Smithside Parochial School,887773,,Dorcas Martin,,,3621 Boomer Line 1,St. Clements,Ontario,N0B2M0,519-699-1313,,West Region,,,Elementary,Not applicable,Site based only,No Association Membership
1316,Smithville District Christian High Schoo,881066,Offers credits toward the Ontario Secondary School Diploma (OSSD),Linda DELEAN,,,6488 Townline Rd,Smithville,Ontario,L0R2A0,905-957-3255,905-957-3431,West Region,office@smithvillechristian.ca,http://www.smithvillechristian.ca,Secondary,Not applicable,Site based only,EDVance
1317,Socrates,669969,Offers credits toward the Ontario Secondary School Diploma (OSSD),Konstantinos Flegas,,,135 Overlea Blvd,Toronto,Ontario,M4K1M8,416-425-2485,,Toronto Region,kflegas@hotmail.com,www.greekcommunity.org,Secondary,Not applicable,Site based only,No Association Membership
1318,Solid Foundations School,669530,,Dirk de Bruin,,,640 Main Street South,Burgessville,Ontario,N0J1C0,519-424-7233,,West Region,admin@sfschool.ca,www.sfschool.ca,Elem/Sec,Not applicable,Site based only,EDVance
1319,Solid Rock Academy,886237,,Heena McKoy,10,,44 Blv Steinway,Etobicoke,Ontario,M9W6Y7,416-213-0201,,Toronto Region,info@solidrockacademy.ca,www.solidrockacademy.ca,Elementary,Not applicable,Site based only,Other
1320,Somerset Academy,889300,,Cathleen Barogianis,,,7700 Brimley Rd,Markham,Ontario,L3R0E5,905-940-8990,905-940-8992,Central Region,administration@somersetacademy.ca,http://www.somersetacademy.ca/,Elementary,Not applicable,Site based only,No Association Membership
1321,Songbirds Montessori School,888588,,Preeti Paul,11,,2 Fisherman Drive,Brampton,Ontario,L7A1B5,905-846-4044,800-285-1068,Central Region,ppaul@songbirdsmontessorischool.com,www.songbirdsmontessorischool.com,Elementary,Not applicable,Site based only,No Association Membership
1322,Sonrise Christian Academy,888702,,Holly Verkuyl,,,58 Johnson St,Picton,Ontario,K0K2T0,613-476-7883,,East Region,office@sonrisechristianacademy.com,www.sonrisechristianacademy.com,Elementary,Not applicable,Site based only,EDVance
1323,Sophio,669986,,Nojan Norouzi,,,60 Nahanni Drive,Richmond Hill,Ontario,L4B4L4,647-308-5938,,Central Region,info@sophio.ca,www.sophio.ca,Secondary,Not applicable,Online/Site Based,No Association Membership
1324,South Belmore Parochial School,883009,,Eli Hoover,,,42634 Glenannon Road 2,Wingham,Ontario,N0G2W0,,,West Region,,,Elementary,Not applicable,Site based only,No Association Membership
1325,South Bend Parochial School,882097,,Nancy Bearinger,,,391486 Grey Road 109 3,Mount Forest,Ontario,N0G2L0,,,West Region,,,Elementary,Not applicable,Site based only,No Association Membership
1326,South Heidelberg Parochial School,887781,,Martha Weber,,,2568 Kressler Road 1,St. Clements,Ontario,N0B2M0,,,West Region,,,Elementary,Not applicable,Site based only,No Association Membership
1327,South Point Christian School,668485,,Eugene Amstutz,,,1947 Fox Run Road 4,Leamington,Ontario,N8H3V7,519-326-8522,519-326-4654,West Region,esamstutz@icloud.com,,Elem/Sec,Not applicable,Site based only,No Association Membership
1328,South Ridge High School,888538,,Alex Fan,718,,920 Yonge Street,Toronto,Ontario,M4W3C8,819-328-6489,,Toronto Region,info@southridgehighschool.ca,www.southridgehighschool.ca,Secondary,All Year Round,nan,
1329,South Shore Christian School,665245,,Paul Cooper,,,134 Mill St E Street East,Leamington,Ontario,N8H1S6,519-819-2202,,West Region,southshorechristianschool@gmail.com,southshorecs.ca,Elementary,Not applicable,Site based only,EDVance
1330,Spadina International School,886215,Offers credits toward the Ontario Secondary School Diploma (OSSD),Luis Narvaez,,,42 Radison Lane,Hamilton,Ontario,L8H0B5,647-573-7394,,Toronto Region,sis@spadinainternationalschool.ca,www.spadinainternationalschool.ca,Secondary,All Year Round,Online Only,No Association Membership
1331,Spark Asher Academy,886311,Offers credits toward the Ontario Secondary School Diploma (OSSD),Samantha Schmidt,200,,4291 Village Centre Court,Mississauga,Ontario,L4Z1S2,647-227-9920,,Central Region,info@sparkasher.com,sparkasheracademy.com,Elem/Sec,All Year Round,Online/Site Based,Independent and Private School Forum
1332,Speak Spanish Academy,880006,,Celina Gutierrez,13,,71 Speers Road,Oakville,Ontario,L6K0H9,905-815-9777,,Central Region,celina@speakspanishacademy.com,www.SpeakSpanishAcademy.com,Secondary,Not applicable,nan,
1333,Spruce Ridge Parochial School,884405,,Eva Bauman,,,1408 Halm Road 1,West Montrose,Ontario,N0B2V0,,,West Region,,,Elementary,Not applicable,Site based only,No Association Membership
1334,Spruce Vale Parochial School,878219,,Melissa Bauman,,,8276 14th Concession 1,Moorefield,Ontario,N0G2K0,519-638-3224,,West Region,,,Elementary,Not applicable,Site based only,No Association Membership
1335,St Andrew's College,885649,Offers credits toward the Ontario Secondary School Diploma (OSSD),Kevin McHenry,,,15800 Yonge St.,Aurora,Ontario,L4G3H7,905-727-3178,905-841-6911,Central Region,st.andrews@sac.on.ca,http://www.sac.on.ca,Elem/Sec,Not applicable,Site based only,Conference of Independent Schools of Ontario
1336,St Clement's School,887013,Offers credits toward the Ontario Secondary School Diploma (OSSD),Martha Perry,,,21 St. Clements Ave,Toronto,Ontario,M4R1G8,416-483-4835,416-483-5040,Toronto Region,,http://www.scs.on.ca,Elem/Sec,Not applicable,Site based only,Conference of Independent Schools of Ontario
1337,St George Academy,666564,Offers credits toward the Ontario Secondary School Diploma (OSSD),Alvin Ma,120,,5 Park Home Avenue,North York,Ontario,M2N6L4,416-590-7771,416-590-7809,Central Region,principal@stgeorgeacademy.com,http://www.stgeorgeacademy.com,Secondary,All Year Round,Site based only,No Association Membership
1338,St John's-Kilmarnock School,888672,Offers credits toward the Ontario Secondary School Diploma (OSSD),Donald Kawasoe,,,2201 Shantz Station Rd,Breslau,Ontario,N0B1M0,519-648-2183,519-648-2186,West Region,hatice.incekol@sjkschool.org,http://www.sjkschool.org,Elem/Sec,Not applicable,Site based only,Conference of Independent Schools of Ontario
1339,St Michael's College School,887145,Offers credits toward the Ontario Secondary School Diploma (OSSD),Patrick Daly,,,1515 Bathurst St,Toronto,Ontario,M5P3H4,416-653-3180,416-653-7704,Toronto Region,dinunzio@smcsmail.com,http://www.stmichaelscollegeschool.com/,Elem/Sec,All Year Round,Site based only,Conference of Independent Schools of Ontario
1340,St Mildred's-Lightbourn School,885932,Offers credits toward the Ontario Secondary School Diploma (OSSD),Catherine Hant,,,1080 Linbrook Rd,Oakville,Ontario,L6J2L1,905-845-2386,905-845-4799,Central Region,contact@smls.on.ca,http://www.smls.on.ca,Elem/Sec,Not applicable,Online/Site Based,Conference of Independent Schools of Ontario
1341,St. Anne's School,885220,Offers credits toward the Ontario Secondary School Diploma (OSSD),Sabrina D'Angelo,,,306 St. John's Sideroad,Aurora,Ontario,L4G4B4,905-727-2008,,Central Region,info@stannes.ca,stannes.ca,Elem/Sec,Not applicable,Site based only,Conference of Independent Schools of Ontario
1342,St. Catherine Academy,665384,Offers credits toward the Ontario Secondary School Diploma (OSSD),Andrew Edwards,202,,124 Cedar Street,Sudbury,Ontario,P3E3L6,825-975-1698,,North Region,stcatherineacademy@yahoo.com,,Secondary,Not applicable,Online/Site Based,No Association Membership
1343,St. Clement's Early Learning,888849,,Marsha Hamilton-Chung,,,70 St. Clements Avenue,Toronto,Ontario,M4R1H2,416-489-0822,416-488-8228,Toronto Region,marsha.hamilton@scels.ca,www.scels.ca,Elementary,Not applicable,Site based only,No Association Membership
1344,St. George Christian Academy,886302,,Dalia Henein,,,3175 Dundas Street West,Oakville,Ontario,L6M4J4,905-337-5811,,Central Region,info@stgcacademy.ca,www.stgcacademy.ca,Elementary,Not applicable,Site based only,EDVance
1345,St. Helen's Parochial School,882748,,Josey Shetler,,,37823 Belfast Road 2,Lucknow,Ontario,N0G2H0,,,West Region,,,Elementary,Not applicable,Site based only,No Association Membership
1346,St. Joseph Academy,884886,,Roberta Skoko,,,156 Martindale Road,St. Catharines,Ontario,L2S2X9,905-401-0174,,West Region,connect@stjosephacademy.ca,www.stjosephacademy.ca,Elementary,Not applicable,Site based only,No Association Membership
1347,St. Joseph Island Christian School,882120,,Katherine Henshell,,,1188 Richards Street,Richard's Landing,Ontario,P0R1J0,705-246-7860,,North Region,stjoechristianschool@gmail.com,,Elementary,Not applicable,Site based only,No Association Membership
1348,St. Jude's Academy,883829,Offers credits toward the Ontario Secondary School Diploma (OSSD),"Aaron Sawatsky, Ben Milburn",,,2150 Torquay Mews,Mississauga,Ontario,L5N2M6,905-814-0202,905-814-0299,Central Region,info@stjudesacademy.ca,www.stjudesacademy.com,Elem/Sec,Not applicable,Site based only,No Association Membership
1349,St. Jude's School Inc,667690,,Cherylynne McKee,,,888 Trillium Drive,Kitchener,Ontario,N2R1K4,519-888-6620,519-884-0316,West Region,director@stjudes.com,www.stjudes.com,Elementary,Not applicable,Site based only,No Association Membership
1350,St. Laurent Academy,885799,Offers credits toward the Ontario Secondary School Diploma (OSSD),Colleen Long,,,50 Maple Lane,Ottawa,Ontario,K1M1G8,613-842-8047,613-842-9956,East Region,admin@st-laurentacademy.com,www.st-laurentacademy.com,Elem/Sec,All Year Round,Site based only,No Association Membership
1351,"St. Lawrence Academy, The",668619,,Sandra Nandoo,,1673,560 Edward Street South,Prescott,Ontario,K0E1T0,613-925-5600,613-925-0775,East Region,office@stlawrenceacademy.ca,http://www.stlawrenceacademy.ca,Elementary,Not applicable,Site based only,No Association Membership
1352,St. Mary Secondary School,665688,Offers credits toward the Ontario Secondary School Diploma (OSSD),Sheileen Krone,101,,2450 Victoria Park Avenue,North York,Ontario,M2J4A2,905-597-5889,,Central Region,info.stmary.ss@gmail.com,https://www.stmaryss.ca/,Secondary,All Year Round,Online/Site Based,No Association Membership
1353,St. Thomas Community Christian Elem Sch,669373,,Katie Vergeer,,,77 Fairview Avenue,St Thomas,Ontario,N5R4X7,519-633-0690,,West Region,info@stthomaschristian.org,http://www.stthomaschristian,Elementary,Not applicable,Site based only,EDVance
1354,St. Thomas Community Christian School,886351,Offers credits toward the Ontario Secondary School Diploma (OSSD),Jason Schouten,,,345 Fairview Ave,St Thomas,Ontario,N5R6M7,519-633-0690,519-633-0019,West Region,info@stthomaschristian.org,http://www.stthomaschristian.org,Elem/Sec,Not applicable,Site based only,Ontario Alliance of Christian Schools (OACS)
1355,St. Thomas of Villanova College School,878561,Offers credits toward the Ontario Secondary School Diploma (OSSD),Rosalie Naworynski,,,2480 15th Sideroad,King City,Ontario,L7B0P5,905-833-1909,905-833-1915,Central Region,pjparadiso@villanovacollege.com,http://villanovacollege.org,Elem/Sec,Not applicable,Site based only,Conference of Independent Schools of Ontario
1356,St. Timothy's Classical  Academy,667099,,Jennifer Small,Annex,,1061 Pinecrest Rd.,Ottawa,Ontario,K2B6B7,613-794-1750,,East Region,administrator@st-timothys.ca,www.st-timothys.ca,Elementary,Not applicable,Site based only,EDVance
1357,Stanford Academy,884819,Offers credits toward the Ontario Secondary School Diploma (OSSD),Jessica Bowden,,,137 Queen St S,Kitchener,Ontario,N2G1W2,519-895-8866,519-895-8810,West Region,office@stanfordacademy.ca,www.stanfordacademy.ca,Secondary,All Year Round,Site based only,No Association Membership
1358,Stanford Online Academy,668603,Offers credits toward the Ontario Secondary School Diploma (OSSD),Jessica Bowden,Room 201,,137 Queen St S,Kitchener,Ontario,N2G1W2,905-598-2199,,West Region,office@stanfordonlineacademy.ca,https://shop.stanfordonlineacademy.ca/,Secondary,All Year Round,Online Only,No Association Membership
1359,Star Academy,668877,,Julie Benneyworth,,,1400A South Sercice Road,Mississauga,Ontario,L5E1V5,905-891-1555,,Central Region,info@staracademy.ca,www.staracademy.ca,Elementary,Not applicable,Site based only,No Association Membership
1360,Stemlar Academy,665302,Offers credits toward the Ontario Secondary School Diploma (OSSD),Grace Gong,,,27 Peterman Street,Aurora,Ontario,M5V3R7,416-605-6902,,Central Region,c.erine91@gmail.com,www.stemlaracademy.com,Secondary,Not applicable,Online Only,No Association Membership
1361,"Sterling Hall School, The",884189,,Richard Parsons,,,99 Cartwright Ave,Toronto,Ontario,M6A1V4,416-785-3410,416-785-6616,Central Region,shardy@sterlinghall.com,http://www.sterlinghall.com,Elementary,Not applicable,Site based only,No Association Membership
1362,Stirling Montessori Academy Inc,669099,,Caley Ruzzier,,,200 Main Street East,Milton,Ontario,L9T1N8,905-864-6000,,Central Region,info@stirlingmontessori.com,www.stirlingmontessori.com,Elementary,Not applicable,Site based only,Canadian Council of Montessori Administrators (CCMA)
1363,Stirton Parochial School,883188,,Kendrick Weber,,,7939 Eighth Line,Drayton,Ontario,N0G1P0,519-731-3612,,West Region,,,Elementary,Not applicable,Site based only,No Association Membership
1364,Stone Haven Parochial School,666142,,Adeline Weber,,,2146 Stone Road,Renfrew,Ontario,K7V3Z5,,,East Region,,,Elementary,Not applicable,Site based only,No Association Membership
1365,Stouffville Christian School,881554,,David Burns,,,3885 Stouffville Road,Stouffville,Ontario,L4A3X1,905-887-3330,905-887-3355,Central Region,info@stouffvillechristianschool.com,www.stouffvillechristianschool.com,Elementary,Not applicable,Site based only,Other
1366,Strata Montessori Adolescent School,884266,Offers credits toward the Ontario Secondary School Diploma (OSSD),Tony Evans,,,575 Lions Club Road,Dundas,Ontario,L9G5E3,905-627-1073,289-494-0102,West Region,director@dvms.ca,,Elem/Sec,All Year Round,Site based only,Canadian Council of Montessori Administrators (CCMA)
1367,Stratford District Christian School,889695,,David Straatsma,,,190 Queensland Rd,Stratford,Ontario,N4Z0A3,519-271-0051,519-271-9108,West Region,sdcsoffice@sdcs.on.ca,www.sdcs.on.ca,Elementary,Not applicable,Site based only,EDVance
1368,Stratford Middle Years School,889120,,Flynn McLaughlin,,,35 WATERLOO ST,STRATFORD,Ontario,N5A5H6,519-301-2128,,West Region,smysprincipal@gmail.com,www.stratfordmiddleyears.com,Elementary,Not applicable,Site based only,No Association Membership
1369,Strathroy Community Christian,886459,,Alison Lise,,,7880 Walkers Dr,Strathroy,Ontario,N7G3H4,519-245-1934,519-245-4424,West Region,office@sccs.ca,http://www.sccs.ca/,Elementary,Not applicable,Site based only,EDVance
1370,Streetsville Academy Elementary School,878464,,Karandeep Kaur,50-52,,6535 Millcreek Dr,Mississauga,Ontario,L5N2M2,905-813-7318,905-813-8151,Central Region,Office@Sccacademy.com,http://www.sccacademy.com/,Elementary,Not applicable,Site based only,No Association Membership
1371,StudentScholars Private School,884885,,Lakmini Serasingha,2,,60 Riviera Drive,Markham,Ontario,L3R5M1,905-604-7740,,Central Region,info@studentscholarscentre.com,studentscholarscentre.com,Elementary,Not applicable,Online/Site Based,No Association Membership
1372,SuOn Academy,667183,Offers credits toward the Ontario Secondary School Diploma (OSSD),IAN BOTNICK,,,5 Queenslea Avenue,Toronto,Ontario,M9N3X9,416-255-8808,416-241-2043,Central Region,tracy.lu@suon.ca,www.suon.ca,Secondary,All Year Round,Site based only,No Association Membership
1373,SuOn Academy Queenslea,887855,Offers credits toward the Ontario Secondary School Diploma (OSSD),IAN BOTNICK,,,5 Queenslea Avenue,Toronto,Ontario,M9N3X9,416-255-8808,416-241-2043,Central Region,tracy.lu@suon.ca,www.suon.ca,Secondary,All Year Round,Online/Site Based,No Association Membership
1374,Success Academy Canada,885808,Offers credits toward the Ontario Secondary School Diploma (OSSD),Muhammad Hashir,,,27 Blue Haven Cresent,Toronto,Ontario,M9M1W6,416-740-1114,416-740-1115,Central Region,principal@successacademycanada.com,SUCCESSACADEMYCANADA.COM,Elem/Sec,All Year Round,Online/Site Based,No Association Membership
1375,Sudbury Christian Academy,883310,,Luke Morse,,,1096 Dublin Street,Sudbury,Ontario,P3A1R6,705-522-1649,705-222-6318,North Region,reception@scacademy.ca,www.scacademy.ca,Elementary,Not applicable,Site based only,Other
1376,Suffah Academy of Learning,665668,,nazia hakim,,,100 Nipissing Road,Milton,Ontario,L9T5B2,,,Central Region,nazia.hakim@suffahacademy.ca,,Elementary,Not applicable,Site based only,No Association Membership
1377,Summit Micro School,665192,,Amanda Dervaitis,A,,291 Jane Street,Toronto,Ontario,M6S3Z3,416-645-7440,,Toronto Region,kristin@summitmicroschool.ca,www.summitmicroschool.ca,Elementary,Not applicable,Site based only,Ontario Federation of Independent Schools
1378,Sunny Summit,885658,,Elias Martin,,,540 Braniff Road 1,Bruce Mines,Ontario,P0R1C0,,,North Region,,,Elementary,Not applicable,nan,
1379,Sunnybrook,888150,,Teralee Brunn,,,469 Merton St,Toronto,Ontario,M4S1B4,416-487-5308,416-487-5381,Toronto Region,info@sunnybrookschool.ca,http://www.sunnybrookschool.com/,Elementary,Not applicable,Site based only,IB Schools of Ontario
1380,Sunnybrook Secondary School,668381,Offers credits toward the Ontario Secondary School Diploma (OSSD),Kathleen D'Uva,,,45A West Wilmot Street,Richmond Hill,Ontario,L4B2P2,647-222-5257,,Central Region,info@sunnybrooksecondary.com,http://www.sunnybrooksecondaryschool.com,Secondary,Not applicable,Online/Site Based,No Association Membership
1381,Sunray Academy of Canada,883283,Offers credits toward the Ontario Secondary School Diploma (OSSD),Sonia Gupta,Suite 200,,245 Yorkland Blvd,Toronto,Ontario,M2J4W9,226-218-7265,,Toronto Region,sonia.gupta@sunrayacademy.com,www.sunrayacademy.com,Secondary,All Year Round,Online Only,No Association Membership
1382,Sunrise Christian School,668864,,Allison Bartel,,,7892 PERTH ROAD 121,LISTOWEL,Ontario,N4W3G9,519-595-7434,,West Region,board@sunrisechristianschool.ca,,Elem/Sec,Not applicable,Site based only,Mennonite school community
1383,Sunrise Echo Parochial School,666886,,Charmaine Brubacher,,,5945 14th Line 3,Clifford,Ontario,N0G1M0,,,West Region,,,Elementary,Not applicable,Site based only,No Association Membership
1384,Sunrise Montessori School,667501,,Grace Koo,,,180 Amber St,Markham,Ontario,L3R3L2,905-477-2833,905-477-2833,Central Region,office@sunrisemontessori.ca,,Elementary,Not applicable,Site based only,No Association Membership
1385,Sunshine Montessori School,884369,,Cynthia Bradshaw,,,10 Boniface Avenue,Kitchener,Ontario,N2C1L9,519-744-1423,519-744-9929,West Region,BradshawC@smsschool.ca,www.smsschool.ca,Elementary,Not applicable,Site based only,Canadian Council of Montessori Administrators (CCMA)
1386,T.E.A.M. School,881864,,Lorraine McDonald,,,275 Rudar Rd,Mississauga,Ontario,L5A1S2,905-279-7200,905-279-1561,Central Region,info@teamschool.com,http://www.teamschool.com,Elementary,Not applicable,Site based only,No Association Membership
1387,TAIE International Institute,878510,Offers credits toward the Ontario Secondary School Diploma (OSSD),Sara Mousavinasab,,,21 Mullen Drive,Vaughan,Ontario,L4J2T6,416-368-2882,416-955-0023,Toronto Region,info@taie.ca,www.taie.ca,Elem/Sec,All Year Round,Site based only,No Association Membership
1388,TBMS-Canada's International School,884892,,Hongying Zhang,410,,Goldhawk Trail,Toronto,Ontario,M1V4E7,416-551-9188,,East Region,tbms789@gmail.com,www.tbms789.com,Elementary,Not applicable,Online/Site Based,Independent and Private School Forum
1389,TFS,876313,Offers credits toward the Ontario Secondary School Diploma (OSSD),Mastaneh Rezaei,204,,5635 Yonge St,Toronto,Ontario,M2M3S9,416-843-3387,416-850-1336,Central Region,info@torontofarsischool.com,www.tfshighschool.com,Secondary,All Year Round,Online/Site Based,No Association Membership
1390,TG Academy,884434,Offers credits toward the Ontario Secondary School Diploma (OSSD),Muhammad Arslan Arif,62,,6733 Mississauga Rd,Mississauga,Ontario,L5N6J5,647-983-3062,,Central Region,arslanarif@tgacademy.ca,tgacademy.ca,Secondary,All Year Round,Online Only,No Association Membership
1391,THINNOX School,881756,Offers credits toward the Ontario Secondary School Diploma (OSSD),Keka Nag,,,755 Lakeshore Road East,Mississauga,Ontario,L5E1C6,416-809-3947,,Central Region,info@thinnox.com,www.thinnox.com,Secondary,Not applicable,Online/Site Based,No Association Membership
1392,TORONTO ISLAMIC ACADEMY,665638,,ABDUL LATIF MOHAMMED,,,3334 DANFORTH AVE.,SCARBOROUGH,Ontario,M1L1C6,647-710-2381,,East Region,,,Elementary,Not applicable,Site based only,Independent and Private School Forum
1393,TORONTO MAPLE LEAF ACADEMY INC.,669401,,Yusuf Ali TALUKDER,206,,3092 AVE DANFORTH AVE,SCARBOROUGH,Ontario,M1L1B1,416-520-9585,,East Region,yusuftalukder.tmlai@gmail.com,www.tmlai.ca,Elementary,Not applicable,Online/Site Based,No Association Membership
1394,Taddle Creek Montessori School,882025,,Katherine Szczechowicz,,,39 SPADINA RD,TORONTO,Ontario,M5R2S9,416-413-9493,,Toronto Region,taddlecreek@mildenhallmontessori.com,mildenhallmontessori.com,Elementary,Not applicable,Site based only,Canadian Council of Montessori Administrators (CCMA)
1395,Talenta Academy,885040,Offers credits toward the Ontario Secondary School Diploma (OSSD),Sivam Mahalingam,2,,2020 Ellesmere Road,Scarborough,Ontario,M1H2Z8,416-396-3344,416-396-3343,East Region,admin@talentaacademy.ca,www.talentaacademy.ca,Secondary,All Year Round,Site based only,No Association Membership
1396,Tall Pines School,884081,Offers credits toward the Ontario Secondary School Diploma (OSSD),Mark Murakami,,,8525 Torbram Road,Brampton,Ontario,L6T5K4,905-458-6770,,Central Region,info@tallpinesschool.com,http://www.tallpinesschool.com,Elem/Sec,Not applicable,Site based only,IB Schools of Ontario
1397,Tamarack West Outdoor School,666855,,Jay Field,103,,2480 Dundas Street West,Toronto,Ontario,M6P1W9,416-606-4584,,Toronto Region,info@tamarackwest.com,www.tamarackwest.com,Elementary,Not applicable,Site based only,No Association Membership
1398,Tamim Academy York Region,883894,,Michele Sankar,,,9600 Bathurst St.,Maple,Ontario,L6A3Z8,416-505-0480,905-886-0421,Central Region,chaim@tamimyr.org,tamimyr.org,Elementary,Not applicable,Site based only,Centre for Jewish Education
1399,TanenbaumCHAT Wallenberg Campus,887170,Offers credits toward the Ontario Secondary School Diploma (OSSD),Renee Cohen,,,200 Wilmington Ave,Toronto,Ontario,M3H5J8,416-636-5984,416-636-7717,Central Region,info@tanenbaumchat.org,http://www.tanenbaumchat.org,Secondary,Not applicable,Site based only,No Association Membership
1400,Tapply Binet College,666351,,Sue Davidson,,,245 Garner Rd W,Ancaster,Ontario,L9G3K9,905-648-2737,905-648-8762,West Region,tapplybinetcollege@cogeco.net,tapply.ca,Secondary,Not applicable,nan,
1401,Tarbiyah Elementary School,668379,,Yani Sauders,,,89 Ontario Street North,Milton,Ontario,L9T2T2,289-270-5306,,Central Region,admin@tarbiyah.ca,www.tarbiyah.ca,Elementary,Not applicable,Site based only,Other
1402,Tarbiyah Learning,669947,,Ghazala Choudhary,2,,3990 Old Richmond Rd Road,Nepean,Ontario,K2H8R5,613-421-1700,,East Region,ghazala.choudhary@tarbiyahlearning.ca,www.tarbiyahlearning.ca,Elementary,Not applicable,Site based only,Independent and Private School Forum
1403,Tayba Elementary School,669852,,Minnat-Allah Aboul-Ella,2,,435 King Street North,Waterloo,Ontario,N2J2Z5,519-781-6445,,West Region,admin@taybaelementaryschool.ca,www.taybaelementaryschool.ca,Elementary,Not applicable,Site based only,No Association Membership
1404,Terra Viva Montessori Bilingual,669149,,Andrea Lopez,,,92 Main Street,St. Catherines,Ontario,L2N4V2,289-990-1320,,West Region,terravivamontessori@gmail.com,,Elementary,Not applicable,Site based only,No Association Membership
1405,Thaler's Amish Parochial School,666688,,Rebecca Kuepfer,,,217 Concession 14 Brockton East 1,Chesley,Ontario,N0G1L0,,,West Region,,,Elementary,Not applicable,Site based only,No Association Membership
1406,The ACE Foundation & Bee Connected Academy,666578,Applied to offer credits toward the Ontario secondary School Diploma (OSSD),"Edward Appiah-Gyasi, Laura Hammond",,,4030 Sheppard Avenue East,Scarborough,Ontario,M1S1S6,647-738-8674,,Toronto Region,stephanie.whyte@theacefoundation.ca,www.theacefoundation.ca,Elem/Sec,All Year Round,Site based only,No Association Membership
1407,The Ambassadors of God Academy,669489,,Prophet Joseph Eniolorunda,,,807 Arrow Road,North York,Ontario,M9M2L4,416-827-7570,,Central Region,ambassadors_on@yahoo.com,,Elementary,Not applicable,Site based only,No Association Membership
1408,The Autism Centre of Toronto,669006,,Carly Eby,,,2180 Bayview Ave,North York,Ontario,M4N3K7,416-544-8228,,Toronto Region,carly@autismtoronto.ca,www.autismtoronto.ca,Elementary,Not applicable,Site based only,No Association Membership
1409,The Boundless School,667064,Offers credits toward the Ontario Secondary School Diploma (OSSD),Mary-Michelle Bolland,,,7513 River Road 1,Palmer Rapids,Ontario,K0J2E0,613-758-2702,613-758-2196,East Region,office@theboundlessschool.com,www.theboundlessschool.com,Secondary,Not applicable,Site based only,No Association Membership
1410,The Children's Nurtury,665756,,Navjot Dhami,,,10209 Bramalea Rd,Brampton,Ontario,L6R0C4,416-831-4495,,Central Region,director@thechildresnurtury.ca,www.thechildrensnurtury.ca,Elementary,Not applicable,Site based only,No Association Membership
1411,The Clover School,668055,,Tracy Durisin,,,3180 Bathurst Street,Toronto,Ontario,M6A2A9,416-781-4449,,Toronto Region,mtoffice@cloverschool.com,cloverschool.com,Elementary,Not applicable,Site based only,Canadian Council of Montessori Administrators (CCMA)
1412,The Country Day School,885584,Offers credits toward the Ontario Secondary School Diploma (OSSD),John Liggett,,,13415 Dufferin St,King City,Ontario,L7B1K5,905-833-1220,905-833-1350,Central Region,questions@cds.on.ca,http://www.cds.on.ca,Elem/Sec,Not applicable,Site based only,Conference of Independent Schools of Ontario
1413,The Country Learning Centre,668668,,Lyndee Codinha,,,840 County Road 20,Kingsville,Ontario,N9Y2E6,519-818-1190,,West Region,admin@countrylearningcentre.ca,https://countrylearningcentre.ca,Elementary,Not applicable,nan,
1414,The Dandelion Cafe and Student Achievement Centre,880289,Offers credits toward the Ontario Secondary School Diploma (OSSD),Jennifer Graham,505,,700 ave Industrial,Ottawa,Ontario,K1G0Y9,873-355-3971,,East Region,jennifer.graham@thedandelioncafe.org,www.thedandelioncafe.org,Secondary,Not applicable,Online/Site Based,No Association Membership
1415,The Educators Academy,888750,Offers credits toward the Ontario Secondary School Diploma (OSSD),Anila Shakeel,201 & 202,,9715 James Potter Road,Brampton,Ontario,L6X3B9,905-654-4646,905-654-4646,Central Region,educatoracademy.can@gmail.com,www.educatorsacademy.ca,Secondary,Not applicable,Site based only,No Association Membership
1416,The Element,886025,Offers credits toward the Ontario Secondary School Diploma (OSSD),Carrie Whalen,201,,425 Marché Way,Ottawa,Ontario,K1S5J3,613-422-8578,613-521-6796,East Region,sarah@elementhighschool.com,www.elementhighschool.com,Elem/Sec,Not applicable,Site based only,Canadian Council of Montessori Administrators (CCMA)
1417,The Elite Academy of Exellence,665434,,Bilal Rashid,503,,3050 Confederation Pkwy,Mississauga,Ontario,L5B3Z6,647-460-5053,,Central Region,theeliteacademy15@gmail.com,,Elem/Sec,Not applicable,nan,
1418,The Erindale Academy,883442,Offers credits toward the Ontario Secondary School Diploma (OSSD),Tam Daws - Huynh,,,1576 Dundas Street West,Mississauga,Ontario,L5C1E5,905-232-1576,,Central Region,info@teacademy.ca,www.teacademy.ca,Elem/Sec,All Year Round,Online/Site Based,No Association Membership
1419,The Forest Courtyard Initiative,669033,,Shannon McMaster,,,6380 2nd Line,Tottenham,Ontario,L0G1W0,905-939-0656,,Central Region,the forestcourtyard@gmail.com,,Elementary,Not applicable,Online/Site Based,No Association Membership
1420,The Girls Academy,669143,,LUKE ERB,5121,,89 Perth Line,Gowanstown,Ontario,N0G1Y0,519-292-9284,,West Region,erbluke@yahoo.com,,Elem/Sec,Not applicable,Site based only,Mennonite school community
1421,The Laurel School,667258,,Mary Kindos,,,44 Upjohn Road,Toronto,Ontario,M3B2W1,416-510-2500,,Central Region,admin@laurelschool.ca,www.laurelschool.ca,Elementary,Not applicable,Site based only,No Association Membership
1422,The Learning Common,667275,,Robyn Keystone,,,851 Royal York Road,Etobicoke,Ontario,M8Y2V3,416-731-3005,,Toronto Region,info@thelearningcommon.org,,Elementary,Not applicable,Site based only,No Association Membership
1423,The Learning Garden,880430,,Amal Abu-Hamatteh,,,729 River Rd,Manotick,Ontario,K4M0E2,613-505-5111,,East Region,info@thelearningarden.ca,thelearningarden.ca,Elementary,Not applicable,nan,
1424,The Learning Hive,669994,,Laura Bloxsidge,2,,1295 Dundas Street,Woodstock,Ontario,N4S7V9,519-535-9664,,West Region,hello@learninghive.ca,learninghive.ca,Elementary,Not applicable,nan,
1425,The Lighthouse Learning and Development,884612,Offers credits toward the Ontario Secondary School Diploma (OSSD),Jennifer Cheung,,,222 Edward Street,Aurora,Ontario,L4G1W6,905-727-6666,905-727-6662,Central Region,serena@lhldc.com,www.lhldc.com,Elem/Sec,Not applicable,Site based only,No Association Membership
1426,The Maples Independent Country,665806,,Gregory Playford,,,513047 2nd Line,Amaranth,Ontario,L9W0S3,519-942-3310,519-942-8041,Central Region,info@themaplesschool.com,www.themaplesschool.com,Elementary,Not applicable,Site based only,IB Schools of Ontario
1427,The Nature School,885922,,Adrian O'Driscoll,,,9550 Pine Valley Drive,Woodbridge,Ontario,L4L1A6,416-278-1468,,Central Region,adrian.odriscoll@trca.ca,https://kortright.org/the-nature-school/,Elementary,Not applicable,Site based only,No Association Membership
1428,The New Educator,669484,Offers credits toward the Ontario Secondary School Diploma (OSSD),Antonette Ramagnano,201-205,,6660 Kennedy RD,Mississauga,Ontario,L5T2M9,437-677-6278,,Central Region,aramagnano@gmail.com ; ontario@theneweducator.com,,Secondary,All Year Round,Online Only,No Association Membership
1429,The New Glenn Arbour Academy Inc. (O/A The New GAA),669614,,Kathryn Grovum,,,,nan,,,,,West Region,,,Elementary,Not applicable,Site based only,No Association Membership
1430,The Orchard Montessori School Ltd. (Elem,669642,,Holly Venable,2nd Fl,,375 Dovercourt Road,Toronto,Ontario,M6J3E5,416-534-7979,416-981-8940,Toronto Region,holly@theorchardmontessori.com,www.theorchardmontessori.com,Elementary,Not applicable,Site based only,No Association Membership
1431,The Owl's Nest Holistic Alternative Scho,668822,,Carly Ogryzlo,,,5642 11 Line,Harriston,Ontario,N0G1Z0,519-546-9834,,West Region,Carly@theowlsnestschool.com,,Elem/Sec,Not applicable,Site based only,No Association Membership
1432,The Oxford School,665096,,Renee Phillips,,,595459 Hwy 59,Woodstock,Ontario,N4S7W1,519-421-3435,,West Region,info@theoxfordschool.ca,theoxfordschool.ca,Elementary,Not applicable,Site based only,No Association Membership
1433,The Shire School,886217,,Min Wang,,,35 Prince Arthur Avenue,Toronto,Ontario,M5R1B2,647-338-1338,,Toronto Region,info@theshireschool.ca,www.theshireschool.ca,Elementary,Not applicable,Site based only,No Association Membership
1434,The Study,889391,,Bradley Gunter,,,20 Glebe Road East,Toronto,Ontario,M4S1N6,416-929-1630,,Toronto Region,admin@thestudyacademy.ca,thestudyacademy.ca,Elementary,Not applicable,Site based only,Independent and Private School Forum
1435,The Study Academy,665121,Offers credits toward the Ontario Secondary School Diploma (OSSD),Sioned Taylor,300,,2040 Yonge Street,Toronto,Ontario,M4S1Z9,416-929-1630,,Toronto Region,admin@thestudyacademy.ca,thestudyacademy.ca,Secondary,Not applicable,Site based only,Independent and Private School Forum
1436,The Sycamore School,882978,Offers credits toward the Ontario Secondary School Diploma (OSSD),Cora McNamara,,,20850 Muncey Road 1,Muncey,Ontario,N0L1Y0,519-495-2643,,West Region,c.mcnamara@thelondonschool.ca,www.thelondonschool.ca,Secondary,Not applicable,Site based only,No Association Membership
1437,The Three Hierarchs Academy,884356,,PARASKEVI THARRENOS,,,1108 GREENWOOD AVENUE,EAST YORK,Ontario,M4J4E6,647-986-4848,,Toronto Region,info@thethreehierarchsacademy.com,www.thethreehierarchsacademy.com,Elementary,Not applicable,Site based only,No Association Membership
1438,The Three Sisters Village,669845,,Marie-Michele Sorensen,,,6600 County Road 21,Alliston,Ontario,L9R1V2,905-252-3633,,Central Region,connect@thethreesistersvillage.com,www.thethreesistersvillage.com,Elementary,Not applicable,Site based only,No Association Membership
1439,The Toronto French School - Mississauga,881961,,Ulrik Bédos,,,1293 Meredith Avenue,Mississauga,Ontario,L5E2E6,905-278-7243,905-278-9626,Central Region,,www.tfs.ca,Elementary,Not applicable,Site based only,Conference of Independent Schools of Ontario
1440,The Village Schoolhouse,882567,,Jennifer Woudenberg,102-103,,15 Queen Street East,Cambridge,Ontario,N3C2A7,519-498-6706,,West Region,learn@thevillageschoolhouse.ca,www.thevillageschoolhouse.ca,Elementary,Not applicable,Site based only,No Association Membership
1441,The York School,880132,Offers credits toward the Ontario Secondary School Diploma (OSSD),Kathryn Barnes,,,1320 Yonge St,Toronto,Ontario,M4T1X2,416-926-1325,416-926-9592,Toronto Region,info@yorkschool.com,www.yorkschool.com,Elem/Sec,Not applicable,Site based only,Conference of Independent Schools of Ontario
1442,"The York School, Junior School",884326,,Sara Sankari,,,1639 Yonge Street,Toronto,Ontario,M4T2W6,416-926-1325,647-258-4113,Toronto Region,info@yorkschool.com,www.yorkschool.com,Elementary,Not applicable,Site based only,Independent and Private School Forum
1443,Thomas Fiddler Memorial Private High School,663530,Offers credits toward the Ontario Secondary School Diploma (OSSD),Ralph Bekintis,,8,,Sandy Lake,Ontario,P0V1V0,807-774-1229,807-774-1228,North Region,rdbekint@lakeheadu.ca,http://sandylaketfms.ca/,Elem/Sec,First Nation,Site based only,No Association Membership
1444,Thornhill High School,669687,Offers credits toward the Ontario Secondary School Diploma (OSSD),Hassan Mirzai,109,,124 Cedar Street,Sudbury,Ontario,P3E3L6,905-787-3131,,North Region,Hassan@FutureSchool.org,www.ThornhillHighSchool.org,Elem/Sec,Not applicable,Online/Site Based,No Association Membership
1445,Three Bridges Old Colony Christian Schoo,668569,,Eva Zacharias,,,2043 Three Bridges Road 1,St. Jacobs,Ontario,N0B2N0,519-664-0430,519-664-0430,West Region,tboccs2016@gmail.com,,Elementary,Not applicable,Site based only,No Association Membership
1446,Thrive Academy,885393,,Noelle Martin,,,890 Sarnia Rd.,London,Ontario,N6H0J7,519-671-0409,,West Region,ryoung.thriveacademy@gmail.com,https://www.thrivehybridacademy.com/,Elementary,Not applicable,Site based only,No Association Membership
1447,Thunder Bay Christian School,886203,Offers credits toward the Ontario Secondary School Diploma (OSSD),Jolene Makkinga,,,37 Cooper Rd,Rosslyn,Ontario,P7K0E2,807-939-1209,807-939-2843,North Region,office@tbcs.school,www.tbcs.school,Elem/Sec,Not applicable,Online/Site Based,EDVance
1448,Tiferes Bais Yaakov High School,666181,Offers credits toward the Ontario Secondary School Diploma (OSSD),Fraidy Schachter,,,85 Stormont Avenue,Toronto,Ontario,M5N2C3,416-785-4044,416-785-4046,Toronto Region,nzippin@tbyhs.org,www.tiferesbaisyaakov.com,Secondary,Not applicable,Site based only,Other
1449,Tillsonburg Christian School,665607,,David Peters,,,165 Goshen Road 2,Tillsonburg,Ontario,N4G4G7,519-688-9521,,West Region,tillsonburgchristianschool@gmail.com,,Elementary,Not applicable,Site based only,No Association Membership
1450,Timothy Canadian Reformed School,886068,,Kim Harsevoort,,,430 East 25th St,Hamilton,Ontario,L8V3B4,905-385-3953,905-385-8073,West Region,,,Elementary,Not applicable,Site based only,The League of Canadian Reformed School Societies
1451,Timothy Christian School,885096,,Rodney Berg,,,750 Essa Rd,Barrie,Ontario,L4N9E9,705-726-6621,705-726-8571,Central Region,tcsgen@timothychristianschool.ca,http://www.timothychristianschool.ca/,Elementary,Not applicable,Site based only,Ontario Alliance of Christian Schools (OACS)
1452,Timothy Christian School,885770,,Heidi Blokland,,179,12600 County Road 18 Road,Williamsburg,Ontario,K0C2H0,613-535-2687,,East Region,office@tcswilliamsburg.ca,http://www.tcswilliamsburg.ca,Elementary,Not applicable,Site based only,EDVance
1453,Timothy Christian School,886831,,Vanessa Chiang,,,28 Elmhurst Dr,Rexdale,Ontario,M9W2J5,416-741-5770,,Central Region,office@timothycs.com,www.timothycs.com,Elementary,Not applicable,Site based only,Ontario Alliance of Christian Schools (OACS)
1454,Timothy Christian School,889458,,Matthew Bittel,,,1735 4th Ave W,Owen Sound,Ontario,N4K4X7,519-371-9151,519-371-8607,West Region,office@tcsowensound.com,www.tcsowensound.com,Elementary,Not applicable,Site based only,EDVance
1455,Tiny Forest Academy,888492,,WHITNEY GLAGE,,,200 Concession Rd 8 East,Tiny,Ontario,L0L2J0,705-529-6443,,Central Region,info@tinyforestacademy.ca,www.tinyforestacademy.ca,Elementary,Not applicable,Site based only,No Association Membership
1456,Tiny Oaks Forest School,884244,,Natasha Marchant,,,5597 Line 6,Beeton,Ontario,L4N8G6,705-220-1702,,Central Region,tinyoaksforestschool@gmail.com,,Elementary,Not applicable,Site based only,No Association Membership
1457,Todd Parochial,882853,,Alvin Yoder,,,85872 St Helen's Line 2,Lucknow,Ontario,N0G2H0,,,West Region,,,Elementary,Not applicable,Site based only,No Association Membership
1458,Tollgate Parochial,882432,,Lowell Wideman,,,7121 Sideroad 2 5,Mount Forest,Ontario,N0G2L0,,,West Region,,,Elementary,Not applicable,Site based only,No Association Membership
1459,Torah Academy/Yeshiva HS of Ottawa,878065,Offers credits toward the Ontario Secondary School Diploma (OSSD),Nachum Kutnowski,,,1119 Lazard St,Ottawa,Ontario,K2C2R5,613-274-0110,,East Region,office@torahday.ca,www.torahday.ca,Elem/Sec,Not applicable,Site based only,No Association Membership
1460,Torah High,668220,Offers credits toward the Ontario Secondary School Diploma (OSSD),Yehudis Cagen,,,1072 Eglinton Avenue West,Toronto,Ontario,M6C2E2,905-761-6279,905-761-9115,Toronto Region,info@torahhigh.org,www.torahhigh.org,Secondary,Not applicable,Site based only,No Association Membership
1461,Torah High - Maple,883462,Offers credits toward the Ontario Secondary School Diploma (OSSD),Yehudis Cagen,,,9600 Bathurst Street,Maple,Ontario,L6A3Z8,905-761-6279,,Central Region,info@torahhigh.org,www.torahhigh.org,Secondary,Not applicable,Site based only,No Association Membership
1462,Torah High - Thornhill,886634,Offers credits toward the Ontario Secondary School Diploma (OSSD),Yehudis Cagen,305A,,1 Promenade Circle,Thornhill,Ontario,L4J4P8,905-761-6279,,Central Region,info@torahhigh.org,www.torahhigh.org,Secondary,Not applicable,Site based only,No Association Membership
1463,Torah High - Toronto,667402,Offers credits toward the Ontario Secondary School Diploma (OSSD),Yehudis Cagen,,,4600 Bathurst Street,Toronto,Ontario,M2R1W6,905-761-6279,,Central Region,info@torahhigh.org,www.torahhigh.org,Secondary,Not applicable,Site based only,No Association Membership
1464,Torah High Ottawa,883058,Offers credits toward the Ontario Secondary School Diploma (OSSD),David Rotenberg,05-Feb,,261 Centrepointe Dr,Ottawa,Ontario,K2G6E8,613-889-3283,613-798-9839,East Region,rabbidave@ncsy.ca,,Secondary,Not applicable,Site based only,Other
1465,Toronto Academy of EMC,886229,Offers credits toward the Ontario Secondary School Diploma (OSSD),Cashmeira-Dove Nagulesvaran,6000A,,10 Gurney Crescent,Toronto,Ontario,M6B1S8,416-262-5721,,Central Region,academyemc@gmail.com,Torontoemc.ca,Elem/Sec,Not applicable,Online/Site Based,No Association Membership
1466,Toronto Central Academy,885489,Offers credits toward the Ontario Secondary School Diploma (OSSD),George Vanderkuur,,,1576 Dundas St. West,Mississauga,Ontario,L5C1E5,416-850-8889,416-225-9606,Central Region,georgev@tacademy.ca,www.tacademy.ca,Secondary,All Year Round,Online Only,No Association Membership
1467,"Toronto Cheder, The",877140,,ARTHUR BIRENBAUM,,,475 Patricia Ave,Toronto,Ontario,M2R2N1,416-636-2987,416-636-9346,Central Region,info@torontocheder.org,torontocheder.org,Elementary,Not applicable,Site based only,No Association Membership
1468,Toronto District Christian High School,886777,Offers credits toward the Ontario Secondary School Diploma (OSSD),Joel Dykxhoorn,,,377 Woodbridge Avenue,Woodbridge,Ontario,L4L2V7,905-851-1772,905-851-9992,Central Region,principal@tdchristian.ca,http://www.tdchristian.ca,Secondary,All Year Round,Site based only,EDVance
1469,Toronto Elite School,882668,Offers credits toward the Ontario Secondary School Diploma (OSSD),Agnes Wu,,,79 Warren Bradley Street,Markham,Ontario,L6C2X4,647-809-0222,,Central Region,estoronto2021@gmail.com,,Secondary,Not applicable,Online/Site Based,No Association Membership
1470,Toronto Eschool,886520,Offers credits toward the Ontario Secondary School Diploma (OSSD),Dan Bowyer,Unit 217,,445 Apple Creek Blvd,Toronto,Ontario,L3R9X7,416-637-2632,,East Region,admin@torontoeschool.com,https://ossd.torontoeschool.com/,Secondary,All Year Round,Online Only,No Association Membership
1471,Toronto Flair Academy,668629,Offers credits toward the Ontario Secondary School Diploma (OSSD),Abigail Dong,502,,4002 Sheppard Avenue East,Scarborough,Ontario,M1S4R5,647-861-3966,,East Region,info@torontoflairacademy.ca,torontoflairacademy.ca,Secondary,All Year Round,Online Only,No Association Membership
1472,Toronto French Montessori School,666718,,Rhoda Mousa,,,38 Ellerslie Ave. Avenue,North York,Ontario,M2N1X8,416-250-9952,,Central Region,mme.marie@torontofrenchmontessori.com,www.torontofrenchmontessori.com,Elementary,Not applicable,Site based only,No Association Membership
1473,Toronto French School,887072,Offers credits toward the Ontario Secondary School Diploma (OSSD),Ann François,,,306 Lawrence Ave E,Toronto,Ontario,M4N1T7,416-484-6533,416-488-2928,Toronto Region,ngaudet@tfs.ca,www.tfs.ca,Elem/Sec,Not applicable,Site based only,Conference of Independent Schools of Ontario
1474,"Toronto Heschel School, The",877638,,Alan Rusonik,,,819 Sheppard Ave W,Toronto,Ontario,M3H2T3,416-635-1876,416-635-1800,Central Region,admin@torontoheschel.org,http://www.torontoheschel.org,Elementary,Not applicable,Site based only,Centre for Jewish Education
1475,Toronto Heuristic International Academy,883858,Offers credits toward the Ontario Secondary School Diploma (OSSD),Huan Liu,,,513 McNicoll Avenue,Toronto,Ontario,M2H2C9,416-800-7638,,Central Region,info@thiacademy.ca,www.thiacademy.ca,Secondary,All Year Round,Online/Site Based,No Association Membership
1476,Toronto High School,882401,Offers credits toward the Ontario Secondary School Diploma (OSSD),Hassan Mirzai,213,,7191 Yonge Street,Markham,Ontario,L4C9M5,416-227-1177,,Central Region,study@TorontoHighSchool.ca,www.TorontoHighSchool.ca,Elem/Sec,Not applicable,Online/Site Based,No Association Membership
1477,Toronto Imperial School,881941,Offers credits toward the Ontario Secondary School Diploma (OSSD),Salman Qureshi,22,,217 Birmingham Street,Etobicoke,Ontario,M8V0J5,289-952-2058,,Central Region,oleksandrbresler@gmail.com,https://torontoimperial.com?,Secondary,Not applicable,Online Only,No Association Membership
1478,Toronto International Academy,666629,Offers credits toward the Ontario Secondary School Diploma (OSSD),Martin Melkoumian,223,,1140 Burnhamthorpe Road West,Mississauga,Ontario,L5C4E9,905-615-1011,905-615-1029,Central Region,info@tiaschools.com,www.tiaschools.com,Elem/Sec,All Year Round,Online/Site Based,No Association Membership
1479,Toronto International College,665800,Offers credits toward the Ontario Secondary School Diploma (OSSD),Anchuan Jiang,430,,3550 Victoria Park Avenue,Toronto,Ontario,M2H2N5,416-498-9299,416-498-8366,Central Region,c.qian@ticedu.ca,www.ticedu.ca,Secondary,Not applicable,Online/Site Based,No Association Membership
1480,Toronto International Collegiate,669195,Offers credits toward the Ontario Secondary School Diploma (OSSD),Chenxi Helen Gao,105,,80 Acadia Avenue,Markham,Ontario,L3R9V1,905-470-2728,,Central Region,helengtic@hotmail.com,www.ticollegiate.com,Secondary,All Year Round,Site based only,No Association Membership
1481,Toronto International Oslife School,665471,Offers credits toward the Ontario Secondary School Diploma (OSSD),Patty Seravalle,204,,2227 South Millway,Mississauga,Ontario,L5L3R6,905-276-4545,,Central Region,admissions@tioschool.com,www.tioschool.com,Secondary,All Year Round,Online/Site Based,No Association Membership
1482,Toronto International School,667508,Applied to offer credits toward the Ontario secondary School Diploma (OSSD),Zahra Hemmati,,,"20 Tangreen Court, 2nd Floor",North York,Ontario,M2M3Y9,647-996-9137,,Central Region,int@alborzschool.com,,Secondary,All Year Round,Online Only,No Association Membership
1483,Toronto Nature School,883117,,Julia Donnelly ONeill,,,"2245 Queen Street East, lower level",Toronto,Ontario,M4E1G1,416-629-9105,,Toronto Region,Juliadonnellyoneill@gmail.com,Www.Toronto nature school.ca,Elementary,Not applicable,Site based only,No Association Membership
1484,Toronto Prep School,886362,Offers credits toward the Ontario Secondary School Diploma (OSSD),Peter Tsimikalis,200 & 500,,250 Davisville Avenue,Toronto,Ontario,M4S1H2,416-545-1020,,Toronto Region,ptsimikalis@torontoprepschool.com,,Elem/Sec,Not applicable,Site based only,No Association Membership
1485,Toronto STEM School,884354,Offers credits toward the Ontario Secondary School Diploma (OSSD),Hamed Bahador,,,285 Eglinton Avenue East,Toronto,Ontario,M4P1L3,647-350-0628,,Toronto Region,info@torontostemschool.com,www.torontostemschool.com,Secondary,All Year Round,Site based only,No Association Membership
1486,Toronto Scholars' Collegiate,665640,Offers credits toward the Ontario Secondary School Diploma (OSSD),Sneha Abraham,Unit 8,,60 Riviera Drive,Markham,Ontario,L3R5M1,647-346-7460,,East Region,admin@torontosc.com,www.torontosc.com,Secondary,Not applicable,Online/Site Based,No Association Membership
1487,Toronto Science Academy,667107,Offers credits toward the Ontario Secondary School Diploma (OSSD),Abdurrahman Cetin,314,,1110 Finch Ave W,North York,Ontario,M3J2T2,613-876-9960,,Toronto Region,admin@tsacademy.ca,tsacademy.ca,Secondary,All Year Round,Online Only,No Association Membership
1488,Toronto Secondary School of Art,669411,,stephen Harris,1,,730 Cochrane drive,Markham,Ontario,L3R8E1,647-771-2739,,Central Region,info@torontotssa.com,torontotssa.com,Secondary,Not applicable,Site based only,No Association Membership
1489,Toronto Seed Care High School,886611,Offers credits toward the Ontario Secondary School Diploma (OSSD),Timothy Kim,10th Floor,,4711 Yonge St,Toronto,Ontario,M2N6K8,647-446-2580,,Toronto Region,timothy.kim@tschighschool.com,tschighschool.com,Secondary,All Year Round,Online Only,No Association Membership
1490,Toronto Trinity Collegiate,669020,Offers credits toward the Ontario Secondary School Diploma (OSSD),Simon Huynh,401,,200 Town Centre Boulevard,Markham,Ontario,L3R8G5,905-763-8788,,Central Region,krisshao@yahoo.com,www.torontotrinity.ca,Secondary,All Year Round,Online/Site Based,No Association Membership
1491,Toronto Waldorf School,887790,Offers credits toward the Ontario Secondary School Diploma (OSSD),Helene Gross,Unit 1,,9100 Bathurst St,Thornhill,Ontario,L4J8C7,905-881-1611,905-881-6710,Central Region,mhuppeler@torontowaldorfschool.com,www.torontowaldorfschool.com,Elem/Sec,Not applicable,Site based only,Other
1492,Toronto World School,885305,Offers credits toward the Ontario Secondary School Diploma (OSSD),Simon Gallo,205,,5170 Dixie Road,Mississauga,Ontario,L4W1E3,416-857-3704,,East Region,masimlatif@yahoo.com,www.torontoworldschool.com,Secondary,All Year Round,Online/Site Based,No Association Membership
1493,Toronto Zoo,888183,Offers credits toward the Ontario Secondary School Diploma (OSSD),Steve Jones,A,,361 OLD FINCH AVE,TORONTO,Ontario,M1B5K7,416-392-5944,,East Region,zooschool@torontozoo.ca,www.torontozoo.com,Secondary,Summer,Online/Site Based,No Association Membership
1494,Toronto eLearning School,883367,Offers credits toward the Ontario Secondary School Diploma (OSSD),Dan Bowyer,Unit 218,,445 Apple Creek Blvd,Toronto,Ontario,L3R9X7,647-313-0131,,Central Region,admin@torontoelearningschool.com,https://torontoelearningschool.com,Secondary,All Year Round,Online Only,No Association Membership
1495,Towards Ahimsa Secondary School,884635,Offers credits toward the Ontario Secondary School Diploma (OSSD),Ambika Jain,,,73 George Henry Blvd,North York,Ontario,M2J1E8,416-494-3448,,Toronto Region,info@imjmcanada.org,,Secondary,All Year Round,Online Only,Other
1496,Town Centre Private School - Pre-School,883875,,Rocco Lamanna,,,155 Clayton Dr,Markham,Ontario,L3R7P3,905-470-1200,905-470-0184,Central Region,admin@tcmps.com,www.tcmps.com,Elementary,Not applicable,Online/Site Based,Ontario Federation of Independent Schools
1497,Town Centre Private Schools - High School,666810,Offers credits toward the Ontario Secondary School Diploma (OSSD),Leepy Hajra,,,155 CLAYTON DR,MARKHAM,Ontario,L3R7P3,905-470-1200,905-470-1721,Central Region,leepy.hajra@tcmps.com,www.tcphs.com,Secondary,All Year Round,Online/Site Based,Ontario Federation of Independent Schools
1498,Trafalgar Castle School,886700,Offers credits toward the Ontario Secondary School Diploma (OSSD),Melissa Knight-Johnson,,,401 Reynolds St,Whitby,Ontario,L1N3W9,905-668-3358,905-668-4136,East Region,admin@trafalgarcastle.ca,http://www.trafalgarcastle.ca,Elem/Sec,Not applicable,Site based only,Conference of Independent Schools of Ontario
1499,Trafalgar Ridge Montessori School,665967,,Sandrine Lescure,Unit 6,,2379 Trafalgar Rd,Oakville,Ontario,L6H6K7,905-257-5955,,Central Region,director@trms.ca,www.trms.ca,Elementary,Not applicable,Site based only,Ontario Federation of Independent Schools
1500,Trail Ridge Montessori School,884483,,Ada DeLong,,,18 Elizabeth St,Grimsby,Ontario,L3M3K3,905-945-1490,,West Region,ada.delong@trailridge.ca,www.trailridge.ca,Elementary,Not applicable,Site based only,Other
1501,Trails Youth Initiatives,665231,Offers credits toward the Ontario Secondary School Diploma (OSSD),Mel Millward,,,15599 Warden Ave,Stouffville,Ontario,L4A2M9,905-836-0100,,Central Region,admin@trails.ca,www.trails.ca,Secondary,Not applicable,Site based only,No Association Membership
1502,Trenton Christian,886572,,Stacey Siebenga,,,340 Second Dug Hill Rd 4,Trenton,Ontario,K8V5P7,613-392-3600,613-392-6316,East Region,office@trentonchristianschool.com,www.qrcs.ca,Elementary,Not applicable,Site based only,EDVance
1503,Trenton Collegiate Institute,669949,Offers credits toward the Ontario Secondary School Diploma (OSSD),Yufan Zheng,,,83 Marmora,Trenton,Ontario,K8V2J2,705-345-9499,,East Region,office@CanadaTCI.ca,https://canadatci.ca,Elem/Sec,All Year Round,Online/Site Based,No Association Membership
1504,Trillium School,875511,Offers credits toward the Ontario Secondary School Diploma (OSSD),Lily Moon,,,4277 14th Ave,Markham,Ontario,L3R0J2,905-946-1181,905-946-8267,Central Region,lmoon@trilliumschool.ca,http://www.trilliumschool.ca/,Elem/Sec,Not applicable,Site based only,No Association Membership
1505,Trillium Waldorf School,877549,,Sophie Wilmer,,,540 Victoria Road North,Guelph,Ontario,N1E6Z4,519-821-5140,,West Region,admin@trilliumwaldorfschool.com,www.guelphwaldorf.ca,Elementary,Not applicable,Site based only,Waldorf Early Childhood Association of North America
1506,Trinity Academy of Canada,887000,Offers credits toward the Ontario Secondary School Diploma (OSSD),Jay Z,102,,27 West Beaver Creek Road,Richmond Hill,Ontario,L4B1M8,647-272-3166,,Central Region,info@trinitycanada.ca,www.trinitycanada.ca,Secondary,Not applicable,Online/Site Based,No Association Membership
1507,Trinity Christian School,885240,,Jean-Daniel Lussier,,,2170 Itabashi Way,Burlington,Ontario,L7M5B3,905-634-3052,905-634-9382,West Region,trinity@tcsonline.ca,www.tcsonline.ca,Elementary,Not applicable,Site based only,Ontario Alliance of Christian Schools (OACS)
1508,Trinity College School,886254,Offers credits toward the Ontario Secondary School Diploma (OSSD),Jennifer Reid,,,55 Deblaquire St N,Port Hope,Ontario,L1A4K7,905-885-3217,905-885-9690,East Region,sgrainger@tcs.on.ca,http://www.tcs.on.ca,Elem/Sec,Not applicable,Site based only,Conference of Independent Schools of Ontario
1509,Trinity International School,887123,Offers credits toward the Ontario Secondary School Diploma (OSSD),Manal Labib,101B,,60 Granton Dr,Richmond Hill,Ontario,L4B2N6,416-820-6770,,Central Region,info@TISSchool.ca,www.TISSchool.ca,Elem/Sec,All Year Round,Online Only,No Association Membership
1510,Trinity Montessori School,665215,,Elena Ho,,,9211 Woodbine Ave,Markham,Ontario,L3R0K1,905-948-8993,905-948-8983,Central Region,info@trinitymontessori.ca,www.trinitymontessori.ca,Elementary,Not applicable,Site based only,Canadian Council of Montessori Administrators (CCMA)
1511,Trinity Ontario High School,669198,Offers credits toward the Ontario Secondary School Diploma (OSSD),Reshma Mukadam,200,,5700 Yonge St,North York,Ontario,M2M4K2,647-949-3769,,Central Region,reshmashadab1@gmail.com,www.cfaonline.ca,Secondary,All Year Round,Online/Site Based,No Association Membership
1512,Triple Hills,886194,,Betsy Sherk,,,90848 Jeffray Line 2,Wingham,Ontario,N0G2W0,,,West Region,,,Elementary,Not applicable,Site based only,No Association Membership
1513,True North Academy,884816,,Lisa Cooke,,1270,202 Ontario Street,Stayner,Ontario,L0M1S0,705-428-5144,,Central Region,info@truenorthacademy.ca,www.truenorthacademy.ca,Elementary,Not applicable,Site based only,Other
1514,True North Christian Academy,876496,,David Wilson,,,599 Government St.,Dryden,Ontario,P8N0A2,807-223-5504,,North Region,truenorth@dfgc.ca,,Elem/Sec,Not applicable,Site based only,No Association Membership
1515,Turnberry Parochial School,876305,,Louisa Martin,,,89913 Powell Line 1,Wingham,Ontario,N0G2W0,,,West Region,,,Elementary,Not applicable,Site based only,No Association Membership
1516,Turnbull School,668681,,Brenda Cole,,,1132 Fisher Avenue,Ottawa,Ontario,K1Z6P7,613-729-2273,613-729-1636,East Region,cazar@turnbull.ca,www.turnbull.ca,Elementary,Not applicable,Site based only,No Association Membership
1517,Tzu Chi Academy,668380,,Faye Yu,,,171 Delhi Ave,Toronto,Ontario,M3H1A7,416-886-8886,,Toronto Region,academy.cc@tzuchi.ca,https://moodle.tzuchi.ca/,Secondary,Not applicable,Online Only,Independent and Private School Forum
1518,UMC High School,666482,Offers credits toward the Ontario Secondary School Diploma (OSSD),Ali Samater,2nd floor,,150 Eglinton Avenue East,Toronto,Ontario,M4P1E8,416-438-0707,,East Region,admin@umchighschool.com,www.umchighschool.com,Elem/Sec,Not applicable,Online/Site Based,No Association Membership
1519,UMC High School – Eglinton Campus,888748,Offers credits toward the Ontario Secondary School Diploma (OSSD),Ali Samater,7th fl,,150 Eglinton Avenue East,Toronto,Ontario,M4P1E8,416-221-1226,,Toronto Region,info@umchighschool.com,www.umchighschool.com,Secondary,All Year Round,Online Only,No Association Membership
1520,UMCA Rich Tree Academy,668410,Offers credits toward the Ontario Secondary School Diploma (OSSD),Suzana Pinsky,Suite S240,,9600 Bathurst St.,Thornhill,Ontario,L6A3Z8,905-763-8622,905-763-2105,Central Region,toronto@umca.ca,www.umca.ca,Elem/Sec,All Year Round,Online/Site Based,No Association Membership
1521,USCA Academy,881623,Offers credits toward the Ontario Secondary School Diploma (OSSD),dazhuan lu,2,,977 Pantera Drive,Mississauga,Ontario,L4W2W6,905-232-0411,,Central Region,info@uscaacademy.com,www.uscaacademy.com,Elem/Sec,All Year Round,Online/Site Based,No Association Membership
1522,UT Preparatory Academy,881924,Offers credits toward the Ontario Secondary School Diploma (OSSD),Tony Chang,,,205 Sparks Avenue,Toronto,Ontario,M2H2S5,647-557-0917,647-557-0919,Central Region,admin@utpa.ca,www.utpa.ca,Secondary,Not applicable,Online/Site Based,Other
1523,UVA School,883147,Offers credits toward the Ontario Secondary School Diploma (OSSD),Antonija Murphy,202,,2 Simonston Blvd,Thornhill,Ontario,L3T4L1,416-858-6166,,East Region,info@uvaschool.org,http://uvaschool.org,Secondary,All Year Round,Online Only,No Association Membership
1524,Uchenna Academy,884350,Offers credits toward the Ontario Secondary School Diploma (OSSD),Careen McNee,WEST,,950 Dupont Street,Toronto,Ontario,M6H1Z2,416-855-5572,,Toronto Region,dave.mcnee@uchenna.ca,www.uchenna.ca,Elem/Sec,Not applicable,Online/Site Based,No Association Membership
1525,Um Al-Qura Islamic School,665614,,Husnah Al-Mashtouli,Floor 4,,265 Blv Yorkland,North York,Ontario,M2J5C7,416-443-3557,416-443-3557,East Region,um-al_qura@hotmail.com,www.umalqura.ca,Elementary,Not applicable,Site based only,No Association Membership
1526,Ummati Learning Center,669116,Offers credits toward the Ontario Secondary School Diploma (OSSD),Abdul Raheem Sharif,200,,205 County Court Boulevard,Brampton,Ontario,L6W4R6,647-909-6490,,Central Region,ummatilc@gmail.com,ummaticentre.ca,Elem/Sec,Not applicable,Online/Site Based,No Association Membership
1527,Ummaty School,669082,,Therese Guilbeault,,,154 Colonnade Rd,Nepean,Ontario,K2E7S8,343-575-4511,,East Region,mariam.guilbeault@hotmail.com,UmmatySchool.CA,Elementary,Not applicable,Site based only,No Association Membership
1528,Union Education Academy,886480,Offers credits toward the Ontario Secondary School Diploma (OSSD),Zerin Ahmed,,,25 Ridgewood Drive,Richmondhill,Ontario,L4E3M1,647-671-4448,,Central Region,z3edu.centre@gmail.com,https://www.ueacademy.ca/,Secondary,All Year Round,Online/Site Based,No Association Membership
1529,"Unionville College, Montessori and Eleme",889728,,David Treherne,,,4486 16th Avenue,Unionville,Ontario,L3R0M1,905-474-9888,,Central Region,office@unionvillecollege.com,www.unionvillecollege.com,Elementary,Not applicable,Site based only,No Association Membership
1530,"Unionville College, Secondary School",877433,Offers credits toward the Ontario Secondary School Diploma (OSSD),Patrick McCarthy,,,3844 Stouffville Road,Unionville,Ontario,L4A7X5,905-474-9888,905-474-5767,Central Region,office@unionvillecollege.com,www.unionvillecollege.com,Elem/Sec,Not applicable,Site based only,No Association Membership
1531,Unionville International Academy,665644,Offers credits toward the Ontario Secondary School Diploma (OSSD),Tiancheng Kuang,402,,30 Drewry Ave,North York,Ontario,M2M4C4,416-817-2852,,East Region,info@unionvilleacademy.com,http://unionvillemoodle.com,Secondary,All Year Round,Online/Site Based,Other
1532,Unique Chinese School - 1,884124,,Lian Liu,21,,4271 Sheppard Avenue East,Scarborough,Ontario,M1S4G4,647-998-0928,,East Region,amandalbl@yahoo.com,,Elementary,Not applicable,Site based only,No Association Membership
1533,Unique Chinese School - 2,665953,,Amelia Lin,,,3143 Sheppard Avenue East,Scarborough,Ontario,M1T3J7,647-998-0928,,East Region,amandalbl@yahoo.com,www.chinesenumber1.com,Elementary,Not applicable,Site based only,No Association Membership
1534,United Mennonite Educational Institute,885800,Offers credits toward the Ontario Secondary School Diploma (OSSD),Darcy Bults,,,"614 Mersea Rd 6, RR #5",Leamington,Ontario,N8H3V8,519-326-7448,519-326-0278,West Region,office@umei.ca,http://www.umei.ca,Secondary,Not applicable,Site based only,EDVance
1535,Unity Christian High School,667366,Offers credits toward the Ontario Secondary School Diploma (OSSD),Allen Schenk,,,25 Burton Avenue,Barrie,Ontario,L4N2R3,705-792-6915,705-792-2389,Central Region,info@unitychristianhigh.ca,www.unitychristianhigh.ca,Secondary,Not applicable,Site based only,EDVance
1536,University of Toronto Schools,667510,Offers credits toward the Ontario Secondary School Diploma (OSSD),Leanne Foster,,,371 BLOOR ST WEST Street,Toronto,Ontario,M5S2R7,416-978-3212,416-978-6775,Toronto Region,info@utschools.ca,http://www.utschools.ca,Elem/Sec,Not applicable,Site based only,Conference of Independent Schools of Ontario
1537,Upper Canada College,886858,Offers credits toward the Ontario Secondary School Diploma (OSSD),Samuel McKinney,,,200 Lonsdale Rd,Toronto,Ontario,M4V1W6,416-488-1125,,Toronto Region,jkinnear@ucc.on.ca,http://www.ucc.on.ca/,Elem/Sec,All Year Round,Site based only,Conference of Independent Schools of Ontario
1538,Upper Crescent Academy,669453,Offers credits toward the Ontario Secondary School Diploma (OSSD),Simon Huynh,22&23,,8901 Woodbine Ave.,Markham,Ontario,L3R9Y4,416-809-2971,,Central Region,info@uppercrescentacademy.com,,Secondary,All Year Round,Online/Site Based,No Association Membership
1539,Upper Hull Secondary School,882187,Offers credits toward the Ontario Secondary School Diploma (OSSD),Ann Wang,227,,7181 Woodbine Ave,Markham,Ontario,L3R1A3,888-906-1996,,Central Region,admin@upperhull.com,www.upperhull.com,Secondary,All Year Round,Online Only,No Association Membership
1540,Upper York School,668518,Offers credits toward the Ontario Secondary School Diploma (OSSD),Lydia Gao,,,2832 16th Avenue,Markham,Ontario,L3R0K8,905-604-4622,,Central Region,info@upperyorkschool.ca,upperyorkschool.ca,Elem/Sec,Not applicable,Online/Site Based,No Association Membership
1541,Urban International High School - North,885905,Offers credits toward the Ontario Secondary School Diploma (OSSD),Ahram Ham,D6,,2 Champagne Drive,Toronto,Ontario,M3J0K2,416-483-9174,,Central Region,admin@uihs.ca,,Secondary,All Year Round,Online Only,No Association Membership
1542,Urban International School,885115,Offers credits toward the Ontario Secondary School Diploma (OSSD),Ahram Ham,,,1107 Finch Avenue West,North York,Ontario,M3J2C5,416-924-1011,416-921-1011,Toronto Region,admin@uihs.ca,www.uihs.ca,Elem/Sec,All Year Round,Site based only,No Association Membership
1543,Urban Village Academy,667866,,Amy Arbour,,,L - 576 Bryne Drive,Barrie,Ontario,L4N9P6,705-722-5439,,Central Region,Amy@urbanvillageacademy.com,Www.urbanvillageacademy.com,Elementary,Not applicable,Site based only,No Association Membership
1544,Ut Pathway Academy,884361,Applied to offer credits toward the Ontario secondary School Diploma (OSSD),Janeth Acalain,,,175 Sparks Avenue,North York,Ontario,M2H2S5,437-473-8546,,Toronto Region,best99.ca@gmail.com,,Secondary,Not applicable,Online/Site Based,No Association Membership
1545,Uxbridge Montessori School,876453,,Leili Doust,,,167 Main St N,Uxbridge,Ontario,L9P1C3,905-852-6377,,East Region,office@uxbridgemontessori.com,www.uxbridgemontessori.com,Elementary,Not applicable,Site based only,No Association Membership
1546,V3 Preparatory Academy,881956,Offers credits toward the Ontario Secondary School Diploma (OSSD),Keir Bryan,4,,1160 Birchmount Rd,Scarborough,Ontario,M1P2B7,647-693-8929,,East Region,education@v3prepbasketball.ca,https://v3prepbasketball.ca/,Secondary,Not applicable,Online Only,No Association Membership
1547,VES School,883703,Offers credits toward the Ontario Secondary School Diploma (OSSD),Alvin Ma,4,,16 Esna Park Dr,Markham,Ontario,L3R5X1,647-985-8133,,Central Region,principal@ves-canada.com,ves-canada.com,Secondary,All Year Round,Online Only,No Association Membership
1548,Valley View Parochial School,889263,,Nelson Brubacher,,,391 Southline Avernue,Kincardine,Ontario,N2Z2X5,,,West Region,,,Elementary,Not applicable,Site based only,No Association Membership
1549,Vantage Academy,668451,Offers credits toward the Ontario Secondary School Diploma (OSSD),Dan Yu,801,,7030 Woodbine Avenue,Markham,Ontario,L3R6G2,437-435-6518,,Central Region,gracedanyu@gmail.com,https://vantageacademy.ca/,Secondary,All Year Round,Online Only,No Association Membership
1550,Vaughan College,666098,Offers credits toward the Ontario Secondary School Diploma (OSSD),Franco MARCHESE,# 3,,9121 Weston RD,Woodbridge,Ontario,L4H0L4,905-265-9229,,Central Region,info@vaughancollege.ca,www.vaughancollege.ca,Secondary,Not applicable,Site based only,No Association Membership
1551,Vedic Roots Montessori Academy,668835,,Sonam Agarwal,,,5816 Sheppard Ave E,Scarborough,Ontario,M1B4Z6,416-844-2937,,Toronto Region,Director@vedicroots.ca,Www.vedicroots.ca,Elementary,Not applicable,Site based only,No Association Membership
1552,Vega Academy,665337,Offers credits toward the Ontario Secondary School Diploma (OSSD),Miguel Lameiro,498,,700 Lawrence Ave West,North York,Ontario,M6A3B4,647-730-5566,,Toronto Region,info@vegaacademy.ca,,Secondary,All Year Round,Online/Site Based,No Association Membership
1553,Verideia Classical Christian Academy,888664,,Trevor Long,,N2N 0A7,1780 Glasgow Street,Kitchener,Ontario,N2N0A7,519-746-0008,519-746-4206,West Region,colleenlong66@gmail.com,www.verideia.com,Elementary,Not applicable,Site based only,No Association Membership
1554,Veritas International School,669955,Offers credits toward the Ontario Secondary School Diploma (OSSD),Janki Shah,214,,7191 Yonge Street,Markham,Ontario,L3T0C4,365-777-3402,,West Region,jankieshah@gmail.com,,Secondary,Not applicable,Online/Site Based,No Association Membership
1555,Vezina,663263,Offers credits toward the Ontario Secondary School Diploma (OSSD),Shoukat Ali,,,15 Seven Street,Attawapiskat,Ontario,P0L1A0,705-997-2117,705-997-2357,North Region,principal.vezina@afnea.com,www.afnea.com,Secondary,First Nation,Site based only,No Association Membership
1556,Vianney Academy,667322,,Karen Uschold,,,2632 Liruma Rd,Mississauga,Ontario,L5K1Z1,647-625-5159,,Central Region,bethany@vianney.ca,,Elementary,Not applicable,Site based only,No Association Membership
1557,Victoria Academy,884963,Offers credits toward the Ontario Secondary School Diploma (OSSD),Alex Fan,,,20 East Beaver Creek Rd.,Richmond Hill,Ontario,L4B1G6,647-945-7162,,Toronto Region,admin@victoria-academy.ca,https://www.victoria-academy.ca,Elem/Sec,All Year Round,Online/Site Based,No Association Membership
1558,Victus Academy,669153,Offers credits toward the Ontario Secondary School Diploma (OSSD),Jodie Schnarr,,,35 Sportsworld Crossing Road,Kitchener,Ontario,N2P0A5,519-219-5900,226-806-0230,West Region,info@victusacademy.com,www.victusacademy.com,Elem/Sec,Not applicable,Site based only,No Association Membership
1559,Vincent Massey Academy Day School,665636,,Amber Halcovitch,,,68 Daisy Avenue,Etobicoke,Ontario,M8W1S1,416-252-3304,,West Region,contact@vincentmassey.com,vincentmassey.com,Elementary,Not applicable,Site based only,No Association Membership
1560,Vineridge Academy,669681,Offers credits toward the Ontario Secondary School Diploma (OSSD),Michael Miao,,,1875 Niagara Stone Road,Niagara-on-the-Lake,Ontario,L0S1J0,289-868-9200,289-868-8873,West Region,admissions@vineridge.ca,www.vineridge.ca,Secondary,All Year Round,Online/Site Based,No Association Membership
1561,Virgil Old Colony Christian School,665347,,Susan Klassen,,,565 East West Line,Niagara-on-the-Lake,Ontario,L0S1J0,905-468-5028,905-468-0334,West Region,,,Elementary,Not applicable,Site based only,No Association Membership
1562,Virtual Elementary School,883303,,Stephen Baker,,402,27 Main Street N,Bayfield,Ontario,N0M1G0,866-679-9377,519-565-4100,West Region,infoVES@virtualelementaryschool.com,www.virtualelementaryschool.com,Elementary,Not applicable,Online Only,No Association Membership
1563,Virtual High School,665681,Offers credits toward the Ontario Secondary School Diploma (OSSD),Stephen Baker,,402,27 Main Street North,Bayfield,Ontario,N0M1G0,866-679-9377,519-565-4100,West Region,principal@virtualhighschool.com,www.VirtualHighSchool.com,Secondary,All Year Round,Online Only,No Association Membership
1564,Visionary Academy,883339,,Yongjun Lu,Unit 217-218,,445 Apple Creek Blvd,Markham,Ontario,L3R9X7,647-887-7128,,East Region,OSSD@farvision.ca,,Secondary,Not applicable,Online/Site Based,No Association Membership
1565,WE International Academy,668665,Offers credits toward the Ontario Secondary School Diploma (OSSD),Becky Yin,,,33 MALLARD ROAD,TORONTO,Ontario,M3B1S4,905-707-9998,,Central Region,admin@westfieldeducation.ca,www.westfieldeducation.ca,Elem/Sec,All Year Round,Online/Site Based,No Association Membership
1566,WONDERfield: for Charlotte Mason educati,668344,,Jennifer Gagnon,,,111 Queen Street,Kingsville,Ontario,N9Y2A1,519-990-4459,,West Region,jengagnon3@gmail.com,,Elementary,Not applicable,Site based only,EDVance
1567,Wahsa Distance Education Centre,663727,Offers credits toward the Ontario Secondary School Diploma (OSSD),Darryl Tinney,,Box 1118,74 Front Street,Sioux Lookout,Ontario,P8T1B7,807-737-1488,807-737-1732,North Region,Dobi.Frenette@nnec.on.ca,http://www.nnec.on.ca/index.php/wahsa-distance-education/,Secondary,First Nation,Online/Site Based,No Association Membership
1568,Walden International School,667399,,Daphne Perugini,,,"2035 Upper Middle rd E,",Oakville,Ontario,L6H7G6,905-338-6236,,Central Region,sbroomhead@waldenschools.com,www.waldeninternationalschool.com,Elementary,Not applicable,Site based only,IB Schools of Ontario
1569,Waldorf Academy,884693,,Jones Conor,,,250 Madison Ave,Toronto,Ontario,M4V2W6,416-962-6447,416-975-5513,Toronto Region,info@waldorfacademy.org,www.waldorfacademy.org,Elementary,Not applicable,Site based only,No Association Membership
1570,Wales College Secondary School,669384,Offers credits toward the Ontario Secondary School Diploma (OSSD),AMY PATEL,,,56 Redlea Ave,Toronto,Ontario,M1V4S3,416-299-9966,416-299-1577,East Region,info@walescollege.ca,www.walescollege.ca,Secondary,All Year Round,Online/Site Based,No Association Membership
1571,Walford Parochial School,668527,,Arlene Martin,,,23 River Road West,Massey,Ontario,P0P1P0,,,Central Region,,,Elementary,Not applicable,Site based only,No Association Membership
1572,Wali ul Asr School,881389,Offers credits toward the Ontario Secondary School Diploma (OSSD),Hena Manekia,,,84 Simpson Road Rd,Caledon,Ontario,L7E4G2,905-951-6146,,Central Region,info@waliulasr.ca,http://www.waliulasr.ca,Elem/Sec,Not applicable,Online/Site Based,No Association Membership
1573,Wali ul Asr School -GTA West Campus,665704,,Mahawish Bhojani,,,7580 Kennedy Road,Brampton,Ontario,L6W0A1,905-457-9254,,Central Region,info@waliulasr.ca,www.waliulasr.ca,Elementary,Not applicable,Site based only,No Association Membership
1574,Wallace Wood,666080,,Susanne Frey,,,5067 Line 87,Listowel,Ontario,N5W 3G8,226-622-8654,,West Region,,,Elementary,Not applicable,Site based only,Mennonite school community
1575,Wallaceburg Christian Private School,886610,,Matthew Charron,,,693 Albert Street,Wallaceburg,Ontario,N8A1Y8,519-627-6013,519-627-5051,West Region,admin@wallaceburgchristianschool.com,www.wallaceburgchristianschool.com,Elementary,Not applicable,Site based only,EDVance
1576,Walnut Forest Academy,669750,,Traci Scheepstra,,,464 Wilson Street,Eden Mills,Ontario,N0B1P0,416-999-7687,,West Region,info@walnutforestacademy.com,www.walnutforestacademy.com,Elementary,Not applicable,Site based only,No Association Membership
1577,Walsingham Christian School,876852,,Marten Klassen,,3 comp 2,1 Concession Road 6 1,Walsingham,Ontario,N0E1X0,519-586-3812,519-586-9489,West Region,,,Elementary,Not applicable,Site based only,No Association Membership
1578,Warwick Academy,669924,,Christina Tung,84,,556 Edward Avenue,Richmond Hill,Ontario,L4C9Y5,416-826-6883,,Central Region,info.warwickacademy@gmail.com,,Secondary,Not applicable,Online/Site Based,No Association Membership
1579,Warwick Secondary School,669971,,Christina Tung,24,,7170 Warden Avenue,Markham,Ontario,L3R8B4,365-608-5886,,Central Region,info@warwickss.ca,www.warwickss.ca,Secondary,Not applicable,Online/Site Based,No Association Membership
1580,Waterdown Islamic School (WIS),665956,,Aghyad Alshawaf,,,20 Innovation Drive,Dundas,Ontario,L9H7P3,289-895-8765,,West Region,wmccofficial@wmcc.ca,waterdownislamicschool.ca,Elementary,Not applicable,Site based only,No Association Membership
1581,Waterdown Montessori School,883800,,Mary Benak,,,1921 Snake Road,Burlington,Ontario,L7P4Y2,905-689-2171,,West Region,principal@waterdownmontessori.com,,Elementary,Not applicable,Site based only,Canadian Council of Montessori Administrators (CCMA)
1582,Waterloo High School,889175,Offers credits toward the Ontario Secondary School Diploma (OSSD),Hao Ming Gu,202,,255 King St North,Waterloo,Ontario,N2J4V2,226-533-6096,,West Region,contact@waterloohs.ca,www.waterloohs.ca,Secondary,All Year Round,Online/Site Based,No Association Membership
1583,Waterloo Independent School,668370,Offers credits toward the Ontario Secondary School Diploma (OSSD),Amy Robinson,,,55 Dickson Street,Cambridge,Ontario,N1R7A5,226-647-8000,519-804-6490,West Region,director@waterlooss.ca,www.waterlooss.ca,Elem/Sec,All Year Round,Online/Site Based,No Association Membership
1584,Ways Ivy Academy,668627,Offers credits toward the Ontario Secondary School Diploma (OSSD),Samantha Schmidt,305,,350 Highway 7,Richmond Hill,Ontario,L4B3N2,647-393-8883,,Toronto Region,waysivy@gmail.com,https://online.waysivyacademy.com,Secondary,Not applicable,Online Only,No Association Membership
1585,WeArt Academy,669428,Applied to offer credits toward the Ontario secondary School Diploma (OSSD),Leo Jin,,,21 Fairburn Drive,Markham,Ontario,L6G0A6,416-830-3743,,Central Region,jinleidoc@gmail.com,weart.ca,Secondary,All Year Round,Site based only,No Association Membership
1586,Webtree Academy,883796,Offers credits toward the Ontario Secondary School Diploma (OSSD),Henry Michels,100,,60 Scarsdale Road,North York,Ontario,M3B2R7,416-792-8280,416-792-8272,Central Region,yixi.ally.wang@gmail.com,http://webtreeedu.com,Secondary,Not applicable,Site based only,No Association Membership
1587,Welland Christian Academy,880927,,Adam Rich,,,109 Chaffey Street,Welland,Ontario,L3B2Y6,905-733-8635,,West Region,arich84@hotmail.com,,Elementary,Not applicable,nan,
1588,Wellington Academy,669528,Offers credits toward the Ontario Secondary School Diploma (OSSD),Alex Fan,,,9225 Leslie St.,Richmond Hill,Ontario,L4B3H6,819-328-6489,,Central Region,info@wellingtonacademy.ca,,Secondary,All Year Round,Online/Site Based,No Association Membership
1589,Wellington Hall Academy,876976,,Catherine Huntley,,,5420 J9-5420 Highway 6,Guelph,Ontario,N1H6J2,519-823-2278,,West Region,wha.chuntley@gmail.com,http://www.wellingtonhallacademy.ca,Elementary,Not applicable,Site based only,No Association Membership
1590,Wells Academy,669203,,Kangxian Zhao,500,,7030 Suite 500,Markham,Ontario,L3R6G2,647-560-6398,,Central Region,wellsacademy.ca@gmail.com,wellsacademy.ca,Elem/Sec,Not applicable,Online Only,No Association Membership
1591,Wesley Christian Academy,875910,,Marjorie Serio,,,22 Heritage Rd,Markham,Ontario,L3P1M4,905-201-8461,905-201-6438,Central Region,info@wesleyca.com,http://www.wesleyca.com,Elementary,Not applicable,Site based only,EDVance
1592,West Amish School,887630,,Susan Stoll,,,52141 Glencolin Line,Aylmer,Ontario,N5H2R3,,,West Region,,,Elementary,Not applicable,Site based only,No Association Membership
1593,West Bentinck Amish Parochial School,884981,,Lovina Sittler,,,521144 Conc. 12 3,Elmwood,Ontario,N0G1S0,,,West Region,,,Elementary,Not applicable,Site based only,No Association Membership
1594,West Hesson Parochial School,889580,,Josiah Weber,,,4303 Line 83 4,Listowel,Ontario,N4W3G9,519-595-8644,,West Region,,,Elementary,Not applicable,Site based only,No Association Membership
1595,West Montrose Parochial School,888524,,Susanna Bauman,,,543 Katherine Street North,West Montrose,Ontario,N0B2V0,,,West Region,,,Elementary,Not applicable,Site based only,No Association Membership
1596,Westboro Academy,876194,,Tim Peters,,,1000 Brookfield East Road,Ottawa,Ontario,K1V6J1,613-737-9543,613-737-7716,East Region,westboro@westboroacademy.com,http://www.westboroacademy.com,Elementary,Not applicable,Site based only,No Association Membership
1597,Westfield English Language School,669988,,Becky Yin,,,33 Mallard Rd,Toronto,Ontario,M3B1S4,416-613-0289,,Central Region,frank@westfieldeducation.ca,www.westfieldeducation.ca,Elem/Sec,Not applicable,Site based only,No Association Membership
1598,Westfield Secondary School,667931,Offers credits toward the Ontario Secondary School Diploma (OSSD),Becky Yin,,,33 MALLARD ROAD,TORONTO,Ontario,M3B1S4,416-613-0289,,Central Region,info@westfieldeducation.ca,www.westfieldeducation.ca,Elem/Sec,All Year Round,Online/Site Based,No Association Membership
1599,Westminster Classical Christian Academy,668494,,Brenden Bott,,,9 Hewitt Avenue,Toronto,Ontario,M6R1Y4,416-466-8819,,Toronto Region,brenden.bott@westminsterclassical.ca,www.westminsterclassical.ca,Elementary,Not applicable,Site based only,No Association Membership
1600,Westside Montessori School,665427,,Liz Bovey,,,95 Bellevue Avenue,Toronto,Ontario,M5T2N8,647-430-5321,,Toronto Region,liz@westsideschool.ca,westsideschool.ca,Elementary,Not applicable,Site based only,Canadian Council of Montessori Administrators (CCMA)
1601,Westview High School,665007,Offers credits toward the Ontario Secondary School Diploma (OSSD),Derek Xu,303,,9030 Leslie Street,Richmond Hill,Ontario,L4B1G2,647-948-5707,,Central Region,info@westviewhs.com,www.westviewhs.com,Secondary,All Year Round,Online/Site Based,No Association Membership
1602,Wharton International Academy,669581,Offers credits toward the Ontario Secondary School Diploma (OSSD),Alex Fan,,,20 East Beaver Creek Rd.,Richmond Hill,Ontario,L4B1G6,819-744-1198,,Toronto Region,admin@whartonedu.ca,www.whartonedu.ca,Secondary,All Year Round,Online/Site Based,No Association Membership
1603,Wheatley School of Montessori Education,883824,Offers credits toward the Ontario Secondary School Diploma (OSSD),Eda Varalli,,,497 Scott Street,St Catharines,Ontario,L2M3X3,905-641-3012,905-641-1443,West Region,eda.varalli@wheatleyschool.com,www.wheatleyschool.com,Elem/Sec,Not applicable,Site based only,Canadian Council of Montessori Administrators (CCMA)
1604,Whispering Spruce,667764,,Daniel Sherk,,,88098 McDonald Line 1,Wroxeter,Ontario,N0G2X0,,,West Region,,,Elementary,Not applicable,Site based only,No Association Membership
1605,Whitby Montessori & Elementary School,669262,,Christine Mayor Miller,,,95 Taunton Road East,Whitby,Ontario,L1R3L3,905-430-8201,905-430-6884,East Region,christine@whitbymontessori.ca,www.whitbymontessori.ca,Elementary,Not applicable,Site based only,Canadian Council of Montessori Administrators (CCMA)
1606,White Oaks Montessori School,876968,,Irene Stathoukos,,,1200 Vanier Drive,Mississauga,Ontario,L5H4C7,905-278-4454,905-278-5184,Central Region,admin@woms.ca,https://whiteoaksmontessori.com/,Elementary,Not applicable,Site based only,Canadian Council of Montessori Administrators (CCMA)
1607,White Pines High School,668763,,Tara Teeling,,,1469 PRINCESS ST,Kingston,Ontario,K7M3E9,613-544-8973,613-544-8980,East Region,percy@aolccollege.ca,www.aolccollege.ca,Elem/Sec,Not applicable,Online Only,No Association Membership
1608,Whitechurch Christian Day School,878804,,Alvin Gerber,,,201 Whitechurch Street,Lucknow,Ontario,N0G2H0,519-357-3866,,West Region,,,Elementary,Not applicable,Site based only,No Association Membership
1609,Whitefield Christian Schools,875015,Offers credits toward the Ontario Secondary School Diploma (OSSD),Jill Saunders,,,5808 Finch Ave E,Scarborough,Ontario,M1B4Y6,416-297-1212,416-291-4632,East Region,office@wcschools.ca,www.whitefieldchristianschools.ca,Elem/Sec,Not applicable,Site based only,Other
1610,Wiarton Forest School,669467,,Tracy Fidler,,,3092 Bruce Road 13,Wiarton,Ontario,N0H2T0,519-373-6951,,Central Region,wiartonforestschool@gmail.com,www.atlastforestschools.com,Elementary,Not applicable,Site based only,No Association Membership
1611,Wikwemikong High School,663662,Offers credits toward the Ontario Secondary School Diploma (OSSD),Valerie O'Leary,,,34 Henry St,Wikwemikong,Ontario,P0P2J0,705-859-2870,705-859-2407,North Region,hfox@wbe-education.ca,www.wbe-education.ca,Secondary,First Nation,Site based only,No Association Membership
1612,Wilder Learning North Durham,884182,,Lisette Dale,,,1680 Reach St.,Port Perry,Ontario,L9L0A2,905-431-4521,,East Region,admin@wilderlearning.ca,https://wilderlearning.ca,Elementary,Not applicable,Site based only,No Association Membership
1613,Wildflowers Forest School,668633,,Brandy Schell,,,,Waterloo,Ontario,N2K1K9,519-279-1907,,West Region,wildflowersforestschool@gmail.com,www.wildflowersforestschool.ca,Elementary,Not applicable,Site based only,No Association Membership
1614,Wildhearts: A Prince Edward County Forest and Nature School,669775,,Julie Fowler,,,2590 County Road 15,Picton,Ontario,K0K2T0,647-463-0602,,East Region,julie@wildheartspecforestandnatureschool.ca,www.wildheartsforestandnatureschool.ca,Elementary,Not applicable,Site based only,No Association Membership
1615,Wildwood Academy,666300,,Gord Truffen,,,2250 Sheridan Garden Dr,Oakville,Ontario,L6J7T1,905-829-4226,905-829-2318,Central Region,admin@wildwoodacademy.com,www.wildwoodacademy.com,Elementary,Not applicable,Site based only,No Association Membership
1616,Wildwood Parochial School,665327,,Rudy Elsie,,,512 Sideroad 5 3,Paisley,Ontario,N0G2N0,,,West Region,,,Elementary,Not applicable,Site based only,No Association Membership
1617,William Academy,889106,Offers credits toward the Ontario Secondary School Diploma (OSSD),Heidi Nazer,,,135 King Street West,Cobourg,Ontario,K9A2M7,905-372-1000,,East Region,cobourg@williamacademy.ca,www.williamacademy.ca,Secondary,All Year Round,Online/Site Based,No Association Membership
1618,William Academy Scarborough,668187,Offers credits toward the Ontario Secondary School Diploma (OSSD),Heidi Nazer,Unit 200,,3761 Victoria Park Avenue,Scarborough,Ontario,M1W3S3,416-491-6888,416-491-9898,East Region,wschool@rogers.com,www.williamacademy.ca,Secondary,All Year Round,Site based only,No Association Membership
1619,Willow Crest,669670,,Mahion Shetler,,,265470 Maple Dell Road,Norwich,Ontario,N0J1P0,,,West Region,,,Elementary,Not applicable,Site based only,No Association Membership
1620,WillowWood School,883539,Offers credits toward the Ontario Secondary School Diploma (OSSD),"Andrew Hall, Mellissa Grant",,,55 Scarsdale Road,Toronto,Ontario,M3B2R3,416-444-7644,416-444-1801,Central Region,info@willowwoodschool.ca,www.willowwoodschool.ca,Elem/Sec,All Year Round,Site based only,Ontario Federation of Independent Schools
1621,Willowdale Christian School,887307,,Patricia Schuurman,,,60 Hilda Ave,North York,Ontario,M2M1V5,416-222-1711,416-222-1939,Central Region,office@willowdalechristianschool.org,www.willowdalechristianschool.org,Elementary,Not applicable,Site based only,EDVance
1622,Willowdale High School,885998,Offers credits toward the Ontario Secondary School Diploma (OSSD),Brian Campbell,"5F, 400",,160 Eglinton Avenue East,Toronto,Ontario,M4P3B5,416-642-7092,,Toronto Region,info@willowdalehighschool.com,willowdalehighschool.com,Elem/Sec,Not applicable,Online/Site Based,No Association Membership
1623,Windsor Adventist Elementary School,885355,,Sylvia Clarke,,,5350 Haig Ave,Windsor,Ontario,N8T1K8,519-945-1611,519-945-1611,West Region,principalofwaes@gmail.com,,Elementary,Not applicable,Site based only,Ontario Conference of the Seventh Day Adventist Church
1624,Windsor Islamic High School,881190,Offers credits toward the Ontario Secondary School Diploma (OSSD),Sadaf Rahman Khan,,,5791 N Townline Road,Amherstburg,Ontario,N9V2Y9,519-962-2555,,West Region,info@wihs.ca,www.wihs.ca,Secondary,Not applicable,Site based only,No Association Membership
1625,Winfield Parochial School,887420,,Viola Martin,,,7479 Sixth Line 2,Drayton,Ontario,N0G1P0,,,West Region,,,Elementary,Not applicable,Site based only,No Association Membership
1626,Wingham Baptist Church School,881287,,Gary Fischer,,Box 820,35 John W,Wingham,Ontario,N0G2W0,519-357-1830,,West Region,wingham.baptist.church.treasurer@gmail.com,winghambaptistchurch.ca,Elem/Sec,Not applicable,Site based only,No Association Membership
1627,Winterbourne Parochial School,887471,,Nancy Rudy,,,1210 Jiggs Hollow Road 2,West Montrose,Ontario,N0B2V0,,,West Region,,,Elementary,Not applicable,Site based only,No Association Membership
1628,Wise Owl Private School,889201,Offers credits toward the Ontario Secondary School Diploma (OSSD),Natalia Galinskaya,A,,99A Sheppard Avenue W,North York,Ontario,M2N1M4,416-229-2356,416-497-8491,Central Region,ng@wiseowlprivateschool.ca,www.wiseowlprivateschool.ca,Elem/Sec,Not applicable,Site based only,No Association Membership
1629,Wisely International School,883361,Offers credits toward the Ontario Secondary School Diploma (OSSD),Fei Wu,1111,,250 Consumers Road,North York,Ontario,M2J4V6,416-756-7779,,Toronto Region,info@wiselyschool.ca,wiselyschool.ca,Secondary,Not applicable,Online/Site Based,No Association Membership
1630,Wish High School,666506,Offers credits toward the Ontario Secondary School Diploma (OSSD),Arezoo Amirrezaee,208,,18 Wynford Dr,North York,Ontario,M3C3S2,647-869-6136,,Toronto Region,arezoo@wishhighschool.ca,www.wishhighschool.ca,Secondary,All Year Round,Online Only,No Association Membership
1631,Wishing Well Montessori Schools,889679,,Stacey Hobbs,30,,455 Cochrane Dr,Markham,Ontario,L3R9R4,905-470-9751,905-470-0496,Central Region,shobbs@wishingwellschools.com,www.wishingwellschools.com,Elementary,Not applicable,Site based only,No Association Membership
1632,Wiz Kidz Learning Centre Inc,665001,Offers credits toward the Ontario Secondary School Diploma (OSSD),Lee Salsberg,,,146 Southbourne Ave,North York,Ontario,M3H1A4,416-318-7437,,Toronto Region,info@wizkidzcentre.com,www.wizkidzcentre.com,Secondary,All Year Round,Site based only,Independent and Private School Forum
1633,Wiz Kidz Learning Centre Inc.,666261,Offers credits toward the Ontario Secondary School Diploma (OSSD),Lee Salsberg,204,,545 North Rivermede RD,Concord,Ontario,L4K4H1,416-318-7437,905-760-9495,Central Region,sheri@wizkidzcentre.com,www.wizkidzcentre.com,Secondary,All Year Round,Online/Site Based,Independent and Private School Forum
1634,Woodland Christian High School,889326,Offers credits toward the Ontario Secondary School Diploma (OSSD),John Van Pelt,,,"1058 Spitzig Road, RR 1",Breslau,Ontario,N0B1M0,519-648-2114,519-648-3402,West Region,office@woodland.on.ca,http://www.woodland.on.ca,Secondary,Not applicable,Site based only,Ontario Alliance of Christian Schools (OACS)
1635,Woodland Corners Parochial School,882502,,Eli Martin,,,5334 13th Line 4,Harriston,Ontario,N0G1Z0,,,West Region,,,Elementary,Not applicable,Site based only,No Association Membership
1636,Woodland Montessori School Inc.,669312,,Lisa Gaudino,31,,274 Burton ave,Barrie,Ontario,L4N5W4,705-722-4600,,Central Region,erilynn@woodlandmontessori.ca,www.woodlandmontessori.ca,Elementary,Not applicable,Site based only,No Association Membership
1637,Woodland Springs Parochial School,875627,,Mahlon Martin,,,044037 Southgate Road 4 1,Mount Forest,Ontario,N0G2L0,,,West Region,,,Elementary,Not applicable,Site based only,No Association Membership
1638,Woodside Melody Parochial,881774,,Louella Martin,,,144460 Southgate Road 14 1,Holstein,Ontario,N0G2A0,,,West Region,,,Elementary,Not applicable,Site based only,No Association Membership
1639,Woodstock Christian School,886173,,Mike VanderKooi,,1597,800 Juliana Drive,Woodstock,Ontario,N4S0A8,519-539-1492,519-539-1893,West Region,office@woodstockchristian.ca,http://www.woodstockchristian.ca,Elementary,Not applicable,Site based only,EDVance
1640,Woodstock Islamic school of Hidaya,669271,,Sameera Imanullah,Top floor,,560 Dundas street,Woodstock,Ontario,N4S1C7,902-402-9441,,West Region,sameeraimanullah@gmail.com,https://woodstockhidaya.weebly.com/,Elementary,Not applicable,Online/Site Based,No Association Membership
1641,Woodview Learning Centre,665878,,Flora Ennis,,,69 Flatt Rd,Burlington,Ontario,L7P0T3,905-689-4727,905-689-2474,West Region,lcourt@woodview.ca,www.woodviewlearningcentre.ca,Elementary,Not applicable,Site based only,No Association Membership
1642,World Life Education Inc,665040,Offers credits toward the Ontario Secondary School Diploma (OSSD),Lubna Zaidi,,,2655 South Sheridan Way Bristol Circle,Oakville,Ontario,L6H7W1,416-219-4748,,Central Region,ssaz@hotmail.com,www.worldlifeedu.ca,Secondary,Not applicable,Online/Site Based,No Association Membership
1643,WorldStrides,665374,Offers credits toward the Ontario Secondary School Diploma (OSSD),Kiersten Teitelbaum,"Suite 901, Centre Tower",,3280 Bloor Street West,Toronto,Ontario,M8X2X3,416-485-1200,,Toronto Region,discoverycanada@worldstrides.com,www.worldstrides.com,Secondary,All Year Round,Online Only,No Association Membership
1644,Xpert Private High School,669677,Offers credits toward the Ontario Secondary School Diploma (OSSD),Parvinder Gadhok,118,,50 Lacoste Boulevard,Brampton,Ontario,L6P3Z8,647-968-0258,,Central Region,info@xpertlearn.com,www.xpertlearn.com,Elem/Sec,All Year Round,Online/Site Based,No Association Membership
1645,Xyna International High School,883487,Offers credits toward the Ontario Secondary School Diploma (OSSD),NITIKA SETHI,300,,60 GILLINGHAM DR,Brampton,Ontario,L6X0Z9,905-460-0100,844-460-0100,Central Region,info@xyna.ca,www.xyna.ca,Secondary,Summer,Online/Site Based,No Association Membership
1646,YIP's Collegiate School,669074,Offers credits toward the Ontario Secondary School Diploma (OSSD),Fatima Dinani,,,7700 Brimley Rd,Markham,Ontario,L3R0E5,905-752-0275,905-940-8992,Central Region,christian@yips.com,www.yips.com,Secondary,All Year Round,Online/Site Based,Other
1647,YMCA Academy,666543,Offers credits toward the Ontario Secondary School Diploma (OSSD),Tim Seabrook,,,15 Breadalbane Street,Toronto,Ontario,M4Y1C2,416-928-0124,,Toronto Region,tseabrook@ymcaacademy.org,www.ymcaacademy.org,Elem/Sec,Not applicable,Site based only,No Association Membership
1648,Yatton Mennonite Parochial School,887625,,Ruth Ann Frey,,,7279 Third Line 2,Wallenstein,Ontario,N0B2S0,,,West Region,,,Elementary,Not applicable,Site based only,No Association Membership
1649,Yes! School Gymnasium,885145,,Victoria Khodak,101,,37 Jacob Keffer Parkway,Vaughan,Ontario,L4K5N8,416-997-8585,,Central Region,info@yesschool.ca,,Elementary,Not applicable,Site based only,No Association Membership
1650,Yeshiva Bnei Zion of Toronto,882755,,Tzvi N. Reiger,,,44 Champlain Blvd.,Toronto,Ontario,M3H2Z1,416-633-6332,416-633-6704,Central Region,office@bobov.ca,,Elementary,Not applicable,Site based only,Other
1651,Yeshiva Darchei Torah Private High Schoo,665282,Offers credits toward the Ontario Secondary School Diploma (OSSD),DAVID SONENBERG,,,18 Champlain Blvd,Toronto,Ontario,M3H2Z1,416-782-7974,416-782-7811,Central Region,breitowitz@darchei.ca,,Secondary,Not applicable,Site based only,No Association Membership
1652,Yeshiva Gedolah of Toronto,884928,Offers credits toward the Ontario Secondary School Diploma (OSSD),Brian Israel,,,567 Lawrence Ave W,Toronto,Ontario,M6A1A4,416-789-7153,416-789-3797,Toronto Region,adam9kids@gmail.com,,Secondary,Not applicable,Site based only,No Association Membership
1653,Yeshiva Torah Temimah,665957,Offers credits toward the Ontario Secondary School Diploma (OSSD),Pat Cubellis,,,3199 BATHURST STREET,TORONTO,Ontario,M6A2B2,647-562-7655,,Toronto Region,menashemanasseh@gmail.com,,Secondary,Not applicable,Online/Site Based,No Association Membership
1654,Yeshiva Yesodei Hatorah,887633,,Asher Bornstein,,,77 Glen Rush Blvd,Toronto,Ontario,M5N2T8,416-787-1101,416-787-9044,Toronto Region,bsepton@yesodeihatorah.ca,,Elementary,Not applicable,Site based only,No Association Membership
1655,Yeshivas Nachalas ZVI,884952,,Nathan Birnbaum,,,475 Lawrence Ave W,Toronto,Ontario,M5M1C6,416-782-8912,416-782-8517,Toronto Region,ynzvitoronto@gmail.com,,Elem/Sec,Not applicable,Site based only,Independent and Private School Forum
1656,Yeshivas Nefesh Dovid,666122,Offers credits toward the Ontario Secondary School Diploma (OSSD),Kenneth Kakon,"B,C,D",,483 Lawrence Avenue West Ave,Toronto,Ontario,M5M1C6,416-630-6220,416-783-8239,Toronto Region,kakon@nefeshdovid.com,www.nefeshdovid.com,Secondary,All Year Round,Site based only,No Association Membership
1657,York High School,888280,Offers credits toward the Ontario Secondary School Diploma (OSSD),Wayne Huang,3,,275 Don Park Road,Markham,Ontario,L3R1C2,416-733-8888,905-946-1616,Central Region,info@yorkhighschool.ca,www.yorkhighschool.ca,Secondary,Not applicable,Online/Site Based,No Association Membership
1658,Yorkland High School,884012,Offers credits toward the Ontario Secondary School Diploma (OSSD),Monica Francis,,,3840 Finch Ave East,Toronto,Ontario,M1T3T4,416-773-0005,416-773-0001,East Region,info@yorklandhighschool.com,www.yorklandhighschool.com,Secondary,Not applicable,Online/Site Based,No Association Membership
1659,Yorkville School - Richmond Hill,883302,Offers credits toward the Ontario Secondary School Diploma (OSSD),Tiancheng Kuang,201,,650 Hwy 7 East,Richmond Hill,Ontario,L4B2N7,416-817-2852,,East Region,info@yorkvilledu.com,,Secondary,All Year Round,Online/Site Based,No Association Membership
1660,Z3 Education Centre,884778,Offers credits toward the Ontario Secondary School Diploma (OSSD),Zia Ahmed,108,,1200 Markham M1H 3C3,Scarborough,Ontario,M1H2Y9,416-553-2999,,East Region,z3edu.centre@gmail.com,z3education.com,Elem/Sec,All Year Round,Online/Site Based,No Association Membership
1661,Zest for Learning,881863,,Karlin Lalonde,,,471 IVY LANE,Victoria Harbour,Ontario,L0K2A0,705-527-3354,,Central Region,karlinlalonde@hotmail.com,,Elementary,Not applicable,Site based only,No Association Membership
1662,Zhingwaako Za'iganing School,663735,,Charmaleta Reid,Suite 24D,PO BOX 640,Lac La Croix First Nation,Lac La Croix,Ontario,P9A3M9,807-485-2402,807-485-2558,North Region,robmitchelloct@gmail.com,,Elem/Sec,First Nation,nan,
1663,Zoe Christian Academy,669838,,Michael Shpikula,,,299 McFadden Road,Apsley,Ontario,K0L1A0,705-656-1510,705-656-1510,East Region,acczca@nexicom.net,,Elem/Sec,Not applicable,Site based only,No Association Membership
1664,uStudy Learning Center,884310,Offers credits toward the Ontario Secondary School Diploma (OSSD),Kalpana Pushpaharan,48,,45 Karachi Drive,Markham,Ontario,L3S0B5,905-554-6667,,Central Region,ustudy@hotmail.ca,http://www.ustudylearning.ca,Secondary,Not applicable,Site based only,No Association Membership
1665,École Internationale Kanata,668462,,Rafik Bourezak,114,,"105 Schneider Rd Unit 114, Kanata",Kanata,Ontario,K2K1Y3,613-262-1822,,East Region,info@ecoleinternationalekanata.ca,,Elementary,Not applicable,Online Only,No Association Membership
1666,École Louis Legrand,884656,Offers credits toward the Ontario Secondary School Diploma (OSSD),Sawssan Alayche,1b,,1480 Sandhill Drive,Ancaster,Ontario,L9G4V5,877-624-9631,,West Region,info@louislegrand.ca,www.louislegrand.ca,Elem/Sec,All Year Round,Online Only,Independent and Private School Forum
1667,École Montessori,668404,,Tahirah Brown,,,"1367 1367 Altona Road Pickering, ON L1V 1M",Pickering,Ontario,L1W1T8,416-906-3846,,East Region,info@ecole-montessori.ca,www.ecole-montessori.ca,Elementary,Not applicable,nan,
1668,École Notre-Dame du Mont Carmel,882721,,Sylvie LeVasseur,,,,nan,,,,,East Region,,,Elem/Sec,Not applicable,Site based only,No Association Membership
1669,École Sainte-Marie Mère de Dieu,889485,Offers credits toward the Ontario Secondary School Diploma (OSSD),Francis Ubertelli,,,20 Fairmont Ave,Ottawa,Ontario,K1Y2K2,613-371-8497,,East Region,directeur@smmd.ca,https://smmd.ca,Elem/Sec,All Year Round,Online/Site Based,No Association Membership
1670,École Virtuelle Canadienne Inter-nations,882009,Offers credits toward the Ontario Secondary School Diploma (OSSD),Élie Fotsing Sighano,,,959 Coyston drive,Oshawa/Durham,Ontario,L1K3C6,437-433-6700,,East Region,info@ecolecanadienne-internations.com,https://www.ecolecanadienne-internations.com,Elem/Sec,All Year Round,Online Only,No Association Membership
1671,École lbn Batouta,667293,,Abdillahi Abdi Ahmed,,,6479 Russell Road,Ottawa,Ontario,K0A1K0,613-730-6396,613-730-7751,East Region,abdillahiojor@hotmail.com,"www.eibschool,ca",Elem/Sec,Not applicable,Online/Site Based,No Association Membership
